Timestamp,Contact_ID,Agent_ID,Queue_Name,Call_Duration (s),Silence_Duration (s),Silence_Pct,Max_Agitation_Score,Primary_Category,Customer_Sentiment,Agent_Quality,Compliance_Risk,Empathy_Score,FCR_Flag,Call_Summary_Transcript
2026-08-20 00:40:46,CM-16378-B,AGENT_MORGAN,Tech_Support_US,127,28,22.2,15,Order_Tracking,35,86,No Risk,86,1,Customer inquired regarding expedited courier delivery status for hardware order. Agent tracked consignment and confirmed arrival ETA.
2026-08-20 00:56:54,CM-97518-C,AGENT_PAT,Enterprise_Escalations,318,70,22.1,14,Subscription_Renewal,59,75,Medium Risk,97,1,Enterprise contact reviewed upcoming annual contract renewal terms and license tiers. Agent forwarded formal quote sheet.
2026-08-20 01:03:42,CM-65702-C,AGENT_CASEY,Customer_Care_Global,349,83,23.9,43,Account_Access,94,82,No Risk,75,1,Caller needed email address change on primary customer account. Two-step verification completed and credentials refreshed.
2026-08-20 01:22:06,CM-70981-B,AGENT_CASEY,Tech_Support_US,248,32,12.8,29,Billing_Inquiry,54,89,No Risk,94,1,Caller requested invoice copy and updated credit card details on enterprise billing profile. Verified billing contacts and confirmed change.
2026-08-20 01:25:03,CM-87857-B,AGENT_RILEY,Enterprise_Escalations,410,57,13.8,40,Billing_Inquiry,41,86,No Risk,83,1,Customer queried line-item surcharge on recent monthly statement. Agent reviewed billing schedule and credited processing variance.
2026-08-20 01:42:13,CM-87004-B,AGENT_JORDAN,Customer_Care_Global,180,39,21.8,15,General_Product_Query,36,79,No Risk,70,1,General inquiry on API rate limits and webhook notification configurations. Agent referenced technical developer documentation.
2026-08-20 01:59:11,CM-14728-A,AGENT_CASEY,Tech_Support_APAC,237,28,12.0,12,General_Product_Query,72,83,No Risk,80,1,Caller asked regarding desktop client system requirements and supported browser versions. Agent shared knowledge base link.
2026-08-20 02:04:10,CM-30016-B,AGENT_SAM,Tech_Support_US,269,36,13.2,13,Order_Tracking,92,90,No Risk,97,1,Customer inquired regarding expedited courier delivery status for hardware order. Agent tracked consignment and confirmed arrival ETA.
2026-08-20 02:17:49,CM-69389-B,AGENT_AVERY,Tech_Support_US,312,60,19.1,36,Subscription_Renewal,83,85,No Risk,83,1,Inquiry on multi-seat volume discount tiers for next fiscal renewal period. Agent summarized discount matrix.
2026-08-20 02:20:10,CM-38255-B,AGENT_TAYLOR,Billing_Support_US,236,47,19.8,29,General_Product_Query,27,88,No Risk,93,1,General inquiry on API rate limits and webhook notification configurations. Agent referenced technical developer documentation.
2026-08-20 02:26:05,CM-36041-C,AGENT_CHRIS,Enterprise_Escalations,305,60,19.6,43,General_Product_Query,82,86,No Risk,79,1,Prospective customer requested feature comparison between Standard and Enterprise analytics tiers.
2026-08-20 03:05:21,CM-90786-A,AGENT_SAM,Tech_Support_US,271,52,19.1,15,Subscription_Renewal,89,80,No Risk,77,1,Enterprise contact reviewed upcoming annual contract renewal terms and license tiers. Agent forwarded formal quote sheet.
2026-08-20 03:10:03,CM-67541-C,AGENT_RILEY,Enterprise_Escalations,311,56,17.9,40,General_Product_Query,61,88,No Risk,86,1,General inquiry on API rate limits and webhook notification configurations. Agent referenced technical developer documentation.
2026-08-20 03:10:56,CM-28411-A,AGENT_CHRIS,Customer_Care_Global,305,58,18.9,21,Subscription_Renewal,37,87,No Risk,86,1,Enterprise contact reviewed upcoming annual contract renewal terms and license tiers. Agent forwarded formal quote sheet.
2026-08-20 03:21:51,CM-26389-C,AGENT_MORGAN,Customer_Care_Global,362,30,8.2,16,Billing_Inquiry,60,83,No Risk,68,0,Customer queried line-item surcharge on recent monthly statement. Agent reviewed billing schedule and credited processing variance.
2026-08-20 03:41:38,CM-87718-A,AGENT_RILEY,Billing_Support_US,350,70,19.9,29,Billing_Inquiry,92,73,No Risk,66,0,Customer queried line-item surcharge on recent monthly statement. Agent reviewed billing schedule and credited processing variance.
2026-08-20 03:52:09,CM-13853-C,AGENT_JORDAN,Customer_Care_Global,313,19,6.2,43,Subscription_Renewal,26,92,No Risk,86,1,Customer confirmed continuation of annual maintenance agreement and updated purchase order authorization number.
2026-08-20 04:11:48,CM-68398-C,AGENT_CASEY,Billing_Support_US,225,17,7.7,34,Account_Access,15,88,No Risk,77,1,Caller needed email address change on primary customer account. Two-step verification completed and credentials refreshed.
2026-08-20 04:13:20,CM-71700-C,AGENT_ALEX,Tech_Support_APAC,348,18,5.1,35,Subscription_Renewal,64,90,No Risk,87,1,Customer confirmed continuation of annual maintenance agreement and updated purchase order authorization number.
2026-08-20 04:16:31,CM-53910-B,AGENT_SAM,Enterprise_Escalations,148,14,9.3,14,Billing_Inquiry,83,91,No Risk,96,1,Discussion regarding prorated subscription charges following plan upgrade. Agent explained billing cycle cutoff dates clearly.
2026-08-20 05:26:57,CM-19552-B,AGENT_CHRIS,Enterprise_Escalations,413,93,22.5,16,Billing_Inquiry,51,77,No Risk,77,1,Customer queried line-item surcharge on recent monthly statement. Agent reviewed billing schedule and credited processing variance.
2026-08-20 05:35:15,CM-45895-A,AGENT_TAYLOR,Billing_Support_US,238,39,16.3,13,Billing_Inquiry,21,82,No Risk,79,1,Caller requested invoice copy and updated credit card details on enterprise billing profile. Verified billing contacts and confirmed change.
2026-08-20 05:40:02,CM-27961-C,AGENT_CHRIS,Billing_Support_US,283,37,13.1,42,General_Product_Query,87,87,No Risk,75,0,General inquiry on API rate limits and webhook notification configurations. Agent referenced technical developer documentation.
2026-08-20 05:52:30,CM-25181-A,AGENT_SAM,Enterprise_Escalations,401,80,19.9,22,Billing_Inquiry,67,90,No Risk,98,1,Customer queried line-item surcharge on recent monthly statement. Agent reviewed billing schedule and credited processing variance.
2026-08-20 06:17:00,CM-26762-C,AGENT_AVERY,Tech_Support_US,212,35,16.6,19,Account_Access,15,93,No Risk,98,1,Customer requested administrative permission transfer for organization portal. Agent processed identity verification protocol successfully.
2026-08-20 06:29:48,CM-48125-A,AGENT_AVERY,Tech_Support_APAC,417,68,16.2,42,Billing_Inquiry,50,86,No Risk,87,1,Customer queried line-item surcharge on recent monthly statement. Agent reviewed billing schedule and credited processing variance.
2026-08-20 07:13:43,CM-61498-C,AGENT_CASEY,Billing_Support_US,365,19,5.1,37,Account_Access,10,82,No Risk,77,0,User locked out after multi-factor authentication reset. Agent verified security answers and issued one-time password bypass token.
2026-08-20 07:16:53,CM-20408-B,AGENT_CHRIS,Enterprise_Escalations,267,36,13.5,41,Account_Access,35,75,No Risk,68,1,Customer requested administrative permission transfer for organization portal. Agent processed identity verification protocol successfully.
2026-08-20 07:30:11,CM-94202-A,AGENT_MORGAN,Enterprise_Escalations,401,16,4.0,33,Billing_Inquiry,54,85,No Risk,81,0,Discussion regarding prorated subscription charges following plan upgrade. Agent explained billing cycle cutoff dates clearly.
2026-08-20 09:08:36,CM-74739-B,AGENT_ALEX,Enterprise_Escalations,283,16,5.6,10,Subscription_Renewal,67,84,Medium Risk,88,1,Inquiry on multi-seat volume discount tiers for next fiscal renewal period. Agent summarized discount matrix.
2026-08-20 10:38:00,CM-27351-C,AGENT_CASEY,Billing_Support_US,292,32,11.1,45,Subscription_Renewal,61,90,No Risk,86,1,Inquiry on multi-seat volume discount tiers for next fiscal renewal period. Agent summarized discount matrix.
2026-08-20 11:28:54,CM-40345-A,AGENT_SAM,Customer_Care_Global,399,76,19.1,45,General_Product_Query,20,86,No Risk,84,0,Prospective customer requested feature comparison between Standard and Enterprise analytics tiers.
2026-08-20 11:49:25,CM-30585-A,AGENT_TAYLOR,Enterprise_Escalations,136,10,7.1,38,Billing_Inquiry,62,89,No Risk,79,1,Caller requested invoice copy and updated credit card details on enterprise billing profile. Verified billing contacts and confirmed change.
2026-08-20 12:09:08,CM-26591-B,AGENT_SAM,Billing_Support_US,373,86,23.1,45,Account_Access,54,91,No Risk,92,1,Caller needed email address change on primary customer account. Two-step verification completed and credentials refreshed.
2026-08-20 12:38:27,CM-75149-A,AGENT_CHRIS,Billing_Support_US,223,19,8.3,21,Order_Tracking,48,82,No Risk,70,1,Inquiry regarding shipment customs delay. Agent contacted logistics partner and provided updated tracking manifest.
2026-08-20 12:49:19,CM-26961-C,AGENT_PAT,Billing_Support_US,311,39,12.6,34,Subscription_Renewal,71,80,No Risk,65,1,Customer confirmed continuation of annual maintenance agreement and updated purchase order authorization number.
2026-08-20 12:59:19,CM-50254-C,AGENT_AVERY,Enterprise_Escalations,317,53,16.8,44,Account_Access,16,86,No Risk,77,0,Customer requested administrative permission transfer for organization portal. Agent processed identity verification protocol successfully.
2026-08-20 13:03:11,CM-30214-B,AGENT_PAT,Tech_Support_US,319,52,16.3,21,Billing_Inquiry,51,75,No Risk,71,1,Caller requested invoice copy and updated credit card details on enterprise billing profile. Verified billing contacts and confirmed change.
2026-08-20 13:06:15,CM-74092-A,AGENT_PAT,Enterprise_Escalations,349,52,14.9,16,Billing_Inquiry,76,80,No Risk,71,1,Customer queried line-item surcharge on recent monthly statement. Agent reviewed billing schedule and credited processing variance.
2026-08-20 13:07:52,CM-82036-B,AGENT_CASEY,Enterprise_Escalations,326,36,10.9,24,Order_Tracking,45,75,No Risk,65,1,Inquiry regarding shipment customs delay. Agent contacted logistics partner and provided updated tracking manifest.
2026-08-20 13:18:49,CM-92689-C,AGENT_MORGAN,Billing_Support_US,328,22,6.7,30,Account_Access,92,67,Medium Risk,67,1,Caller needed email address change on primary customer account. Two-step verification completed and credentials refreshed.
2026-08-20 13:24:10,CM-56299-A,AGENT_PAT,Tech_Support_US,295,68,22.9,15,General_Product_Query,12,71,Medium Risk,75,1,Prospective customer requested feature comparison between Standard and Enterprise analytics tiers.
2026-08-20 13:33:28,CM-62802-C,AGENT_SAM,Customer_Care_Global,167,38,23.0,10,Subscription_Renewal,51,89,No Risk,94,0,Inquiry on multi-seat volume discount tiers for next fiscal renewal period. Agent summarized discount matrix.
2026-08-20 14:03:34,CM-97197-A,AGENT_RILEY,Billing_Support_US,316,61,19.2,16,Order_Tracking,40,83,No Risk,91,1,Customer inquired regarding expedited courier delivery status for hardware order. Agent tracked consignment and confirmed arrival ETA.
2026-08-20 14:03:47,CM-58843-A,AGENT_CASEY,Tech_Support_APAC,336,78,23.1,31,General_Product_Query,81,76,No Risk,68,1,General inquiry on API rate limits and webhook notification configurations. Agent referenced technical developer documentation.
2026-08-20 14:04:07,CM-97046-A,AGENT_TAYLOR,Tech_Support_APAC,226,32,14.3,30,Subscription_Renewal,51,85,No Risk,90,1,Customer confirmed continuation of annual maintenance agreement and updated purchase order authorization number.
2026-08-20 14:59:11,CM-85223-C,AGENT_JORDAN,Tech_Support_US,196,8,4.1,25,General_Product_Query,11,87,No Risk,76,1,Caller asked regarding desktop client system requirements and supported browser versions. Agent shared knowledge base link.
2026-08-20 15:26:20,CM-18769-B,AGENT_RILEY,Enterprise_Escalations,126,9,6.8,41,Order_Tracking,76,86,No Risk,84,1,Customer confirmed receipt of initial shipment and verified serial numbers against enterprise invoice order.
2026-08-20 15:42:07,CM-14298-C,AGENT_CASEY,Enterprise_Escalations,169,23,13.4,12,Billing_Inquiry,42,78,No Risk,72,1,Discussion regarding prorated subscription charges following plan upgrade. Agent explained billing cycle cutoff dates clearly.
2026-08-20 15:44:42,CM-95664-A,AGENT_ALEX,Tech_Support_APAC,225,29,12.9,45,Subscription_Renewal,25,77,No Risk,65,1,Customer confirmed continuation of annual maintenance agreement and updated purchase order authorization number.
2026-08-20 16:46:32,CM-28664-B,AGENT_RILEY,Tech_Support_US,265,59,22.3,12,General_Product_Query,56,73,Medium Risk,76,1,Caller asked regarding desktop client system requirements and supported browser versions. Agent shared knowledge base link.
2026-08-20 17:54:03,CM-57360-A,AGENT_ALEX,Tech_Support_APAC,336,20,6.1,27,Order_Tracking,78,90,No Risk,78,1,Customer inquired regarding expedited courier delivery status for hardware order. Agent tracked consignment and confirmed arrival ETA.
2026-08-20 18:10:44,CM-32009-B,AGENT_CASEY,Tech_Support_US,355,75,21.0,26,Order_Tracking,44,83,No Risk,90,1,Customer inquired regarding expedited courier delivery status for hardware order. Agent tracked consignment and confirmed arrival ETA.
2026-08-20 18:23:53,CM-76093-A,AGENT_AVERY,Billing_Support_US,343,71,20.7,30,Order_Tracking,30,77,No Risk,65,1,Customer confirmed receipt of initial shipment and verified serial numbers against enterprise invoice order.
2026-08-20 18:47:30,CM-66704-C,AGENT_ALEX,Tech_Support_APAC,297,21,7.1,20,General_Product_Query,31,100,No Risk,98,1,General inquiry on API rate limits and webhook notification configurations. Agent referenced technical developer documentation.
2026-08-20 19:06:43,CM-12277-B,AGENT_CHRIS,Customer_Care_Global,275,19,6.8,43,Order_Tracking,66,83,No Risk,66,1,Customer confirmed receipt of initial shipment and verified serial numbers against enterprise invoice order.
2026-08-20 19:10:21,CM-20855-B,AGENT_JORDAN,Tech_Support_APAC,219,37,16.7,30,Subscription_Renewal,17,80,No Risk,66,1,Customer confirmed continuation of annual maintenance agreement and updated purchase order authorization number.
2026-08-20 19:26:23,CM-48197-B,AGENT_CHRIS,Enterprise_Escalations,162,8,4.8,31,Billing_Inquiry,49,77,No Risk,67,0,Discussion regarding prorated subscription charges following plan upgrade. Agent explained billing cycle cutoff dates clearly.
2026-08-20 20:02:43,CM-53621-B,AGENT_RILEY,Billing_Support_US,194,41,21.2,12,General_Product_Query,31,86,No Risk,86,0,Prospective customer requested feature comparison between Standard and Enterprise analytics tiers.
2026-08-20 20:03:00,CM-15776-A,AGENT_TAYLOR,Customer_Care_Global,194,25,12.7,32,General_Product_Query,93,80,No Risk,74,0,General inquiry on API rate limits and webhook notification configurations. Agent referenced technical developer documentation.
2026-08-20 20:39:22,CM-47022-B,AGENT_TAYLOR,Tech_Support_APAC,131,18,13.9,23,Billing_Inquiry,56,90,No Risk,91,1,Customer queried line-item surcharge on recent monthly statement. Agent reviewed billing schedule and credited processing variance.
2026-08-20 20:46:51,CM-68422-A,AGENT_PAT,Enterprise_Escalations,166,24,14.5,41,Account_Access,82,90,No Risk,83,1,Caller needed email address change on primary customer account. Two-step verification completed and credentials refreshed.
2026-08-20 20:48:24,CM-28630-C,AGENT_PAT,Tech_Support_APAC,182,40,21.8,21,Order_Tracking,37,88,No Risk,87,1,Customer inquired regarding expedited courier delivery status for hardware order. Agent tracked consignment and confirmed arrival ETA.
2026-08-20 20:51:45,CM-84228-C,AGENT_PAT,Tech_Support_APAC,334,63,18.8,15,Account_Access,13,86,No Risk,94,1,Customer requested administrative permission transfer for organization portal. Agent processed identity verification protocol successfully.
2026-08-20 21:01:38,CM-29265-C,AGENT_JORDAN,Customer_Care_Global,223,52,23.5,43,Order_Tracking,58,76,No Risk,74,1,Customer inquired regarding expedited courier delivery status for hardware order. Agent tracked consignment and confirmed arrival ETA.
2026-08-20 21:20:51,CM-22308-A,AGENT_SAM,Customer_Care_Global,306,42,13.8,44,Subscription_Renewal,54,95,No Risk,94,1,Enterprise contact reviewed upcoming annual contract renewal terms and license tiers. Agent forwarded formal quote sheet.
2026-08-20 22:02:58,CM-56119-C,AGENT_AVERY,Customer_Care_Global,321,59,18.3,27,Subscription_Renewal,27,77,No Risk,69,1,Inquiry on multi-seat volume discount tiers for next fiscal renewal period. Agent summarized discount matrix.
2026-08-20 22:51:29,CM-40699-C,AGENT_ALEX,Tech_Support_US,350,72,20.5,18,Account_Access,35,78,No Risk,79,1,Caller needed email address change on primary customer account. Two-step verification completed and credentials refreshed.
2026-08-20 23:11:02,CM-88378-B,AGENT_AVERY,Billing_Support_US,167,10,6.0,10,Billing_Inquiry,20,80,No Risk,74,1,Customer queried line-item surcharge on recent monthly statement. Agent reviewed billing schedule and credited processing variance.
2026-08-20 23:30:02,CM-32359-A,AGENT_AVERY,Tech_Support_APAC,125,12,9.9,35,Account_Access,78,86,No Risk,82,1,User locked out after multi-factor authentication reset. Agent verified security answers and issued one-time password bypass token.
2026-08-20 23:35:34,CM-55039-A,AGENT_CHRIS,Customer_Care_Global,305,56,18.2,35,Order_Tracking,87,91,No Risk,98,1,Inquiry regarding shipment customs delay. Agent contacted logistics partner and provided updated tracking manifest.
2026-08-20 23:59:44,CM-46168-A,AGENT_TAYLOR,Billing_Support_US,397,85,21.5,11,Account_Access,76,76,No Risk,73,0,Customer requested administrative permission transfer for organization portal. Agent processed identity verification protocol successfully.
2026-08-21 00:13:42,CM-91085-A,AGENT_CASEY,Customer_Care_Global,282,66,23.5,19,Account_Access,95,75,No Risk,73,1,Customer requested administrative permission transfer for organization portal. Agent processed identity verification protocol successfully.
2026-08-21 00:21:04,CM-66973-B,AGENT_PAT,Customer_Care_Global,373,73,19.7,26,Subscription_Renewal,56,77,No Risk,77,1,Customer confirmed continuation of annual maintenance agreement and updated purchase order authorization number.
2026-08-21 00:29:09,CM-20011-C,AGENT_JORDAN,Enterprise_Escalations,195,15,7.9,32,General_Product_Query,54,83,No Risk,80,1,Caller asked regarding desktop client system requirements and supported browser versions. Agent shared knowledge base link.
2026-08-21 00:36:20,CM-58033-B,AGENT_CHRIS,Tech_Support_US,157,31,19.9,26,Account_Access,36,89,No Risk,94,1,Caller needed email address change on primary customer account. Two-step verification completed and credentials refreshed.
2026-08-21 00:44:18,CM-76027-B,AGENT_CHRIS,Billing_Support_US,142,8,5.8,37,Account_Access,77,88,No Risk,73,1,Customer requested administrative permission transfer for organization portal. Agent processed identity verification protocol successfully.
2026-08-21 01:15:52,CM-87728-B,AGENT_SAM,Tech_Support_US,412,51,12.3,35,Billing_Inquiry,33,89,No Risk,79,0,Customer queried line-item surcharge on recent monthly statement. Agent reviewed billing schedule and credited processing variance.
2026-08-21 01:30:01,CM-76414-C,AGENT_CASEY,Tech_Support_APAC,282,54,19.1,41,Account_Access,25,85,No Risk,91,1,User locked out after multi-factor authentication reset. Agent verified security answers and issued one-time password bypass token.
2026-08-21 01:36:36,CM-35915-B,AGENT_TAYLOR,Enterprise_Escalations,236,55,23.5,14,General_Product_Query,25,79,No Risk,75,0,General inquiry on API rate limits and webhook notification configurations. Agent referenced technical developer documentation.
2026-08-21 01:38:50,CM-20956-A,AGENT_JORDAN,Customer_Care_Global,252,14,5.6,36,Subscription_Renewal,67,82,No Risk,76,1,Enterprise contact reviewed upcoming annual contract renewal terms and license tiers. Agent forwarded formal quote sheet.
2026-08-21 01:41:43,CM-89410-A,AGENT_SAM,Customer_Care_Global,160,21,13.0,22,General_Product_Query,91,88,No Risk,88,1,General inquiry on API rate limits and webhook notification configurations. Agent referenced technical developer documentation.
2026-08-21 01:52:50,CM-10235-C,AGENT_AVERY,Billing_Support_US,233,11,4.6,30,General_Product_Query,87,80,No Risk,71,0,General inquiry on API rate limits and webhook notification configurations. Agent referenced technical developer documentation.
2026-08-21 01:53:03,CM-61668-C,AGENT_AVERY,Tech_Support_US,326,22,6.9,25,Billing_Inquiry,64,83,No Risk,71,1,Discussion regarding prorated subscription charges following plan upgrade. Agent explained billing cycle cutoff dates clearly.
2026-08-21 02:07:22,CM-74472-C,AGENT_MORGAN,Tech_Support_APAC,366,71,19.3,14,Billing_Inquiry,73,90,No Risk,92,1,Caller requested invoice copy and updated credit card details on enterprise billing profile. Verified billing contacts and confirmed change.
2026-08-21 02:18:02,CM-47040-A,AGENT_CHRIS,Customer_Care_Global,182,31,17.1,28,General_Product_Query,41,75,No Risk,69,1,Caller asked regarding desktop client system requirements and supported browser versions. Agent shared knowledge base link.
2026-08-21 02:20:53,CM-53769-A,AGENT_RILEY,Billing_Support_US,266,35,13.2,20,Order_Tracking,60,86,No Risk,80,1,Customer inquired regarding expedited courier delivery status for hardware order. Agent tracked consignment and confirmed arrival ETA.
2026-08-21 02:54:35,CM-22199-A,AGENT_CASEY,Enterprise_Escalations,290,61,21.0,17,General_Product_Query,56,81,No Risk,85,1,Caller asked regarding desktop client system requirements and supported browser versions. Agent shared knowledge base link.
2026-08-21 03:05:47,CM-77970-C,AGENT_PAT,Enterprise_Escalations,240,45,18.9,26,Subscription_Renewal,56,84,No Risk,85,1,Inquiry on multi-seat volume discount tiers for next fiscal renewal period. Agent summarized discount matrix.
2026-08-21 03:13:12,CM-30625-B,AGENT_AVERY,Tech_Support_APAC,227,28,12.3,17,Account_Access,52,86,No Risk,75,1,Caller needed email address change on primary customer account. Two-step verification completed and credentials refreshed.
2026-08-21 03:47:15,CM-24668-A,AGENT_MORGAN,Tech_Support_APAC,395,54,13.6,25,Account_Access,28,81,No Risk,77,1,User locked out after multi-factor authentication reset. Agent verified security answers and issued one-time password bypass token.
2026-08-21 03:55:09,CM-64815-C,AGENT_SAM,Enterprise_Escalations,334,73,21.9,17,Order_Tracking,67,93,No Risk,98,1,Customer confirmed receipt of initial shipment and verified serial numbers against enterprise invoice order.
2026-08-21 04:16:13,CM-48829-A,AGENT_CHRIS,Tech_Support_US,403,17,4.3,18,Order_Tracking,78,94,No Risk,83,0,Customer confirmed receipt of initial shipment and verified serial numbers against enterprise invoice order.
2026-08-21 05:00:51,CM-33214-B,AGENT_SAM,Billing_Support_US,350,20,5.8,33,Order_Tracking,55,90,No Risk,75,1,Customer inquired regarding expedited courier delivery status for hardware order. Agent tracked consignment and confirmed arrival ETA.
2026-08-21 05:13:42,CM-90997-B,AGENT_ALEX,Billing_Support_US,304,16,5.3,27,Billing_Inquiry,94,81,No Risk,71,0,Customer queried line-item surcharge on recent monthly statement. Agent reviewed billing schedule and credited processing variance.
2026-08-21 05:34:53,CM-33149-C,AGENT_ALEX,Billing_Support_US,163,16,10.0,16,Account_Access,59,89,No Risk,93,1,Caller needed email address change on primary customer account. Two-step verification completed and credentials refreshed.
2026-08-21 05:36:39,CM-67219-A,AGENT_MORGAN,Tech_Support_US,361,75,20.9,10,General_Product_Query,57,84,No Risk,90,1,Prospective customer requested feature comparison between Standard and Enterprise analytics tiers.
2026-08-21 06:05:21,CM-88654-A,AGENT_SAM,Tech_Support_US,350,27,7.6,11,Subscription_Renewal,28,88,No Risk,80,1,Customer confirmed continuation of annual maintenance agreement and updated purchase order authorization number.
2026-08-21 06:39:03,CM-57460-C,AGENT_MORGAN,Tech_Support_US,289,34,11.9,28,General_Product_Query,39,91,No Risk,91,0,Caller asked regarding desktop client system requirements and supported browser versions. Agent shared knowledge base link.
2026-08-21 06:41:34,CM-59732-C,AGENT_JORDAN,Customer_Care_Global,361,59,16.3,21,Order_Tracking,43,83,No Risk,86,1,Inquiry regarding shipment customs delay. Agent contacted logistics partner and provided updated tracking manifest.
2026-08-21 06:45:47,CM-27987-B,AGENT_SAM,Customer_Care_Global,237,10,4.2,21,Billing_Inquiry,65,100,No Risk,97,1,Discussion regarding prorated subscription charges following plan upgrade. Agent explained billing cycle cutoff dates clearly.
2026-08-21 07:10:54,CM-45985-B,AGENT_PAT,Customer_Care_Global,399,20,5.1,33,General_Product_Query,78,96,No Risk,92,1,General inquiry on API rate limits and webhook notification configurations. Agent referenced technical developer documentation.
2026-08-21 07:48:33,CM-26601-A,AGENT_CASEY,Tech_Support_US,216,9,4.1,27,Subscription_Renewal,76,94,No Risk,96,1,Inquiry on multi-seat volume discount tiers for next fiscal renewal period. Agent summarized discount matrix.
2026-08-21 08:28:49,CM-40182-B,AGENT_AVERY,Tech_Support_US,123,17,13.6,34,Account_Access,52,84,No Risk,88,1,User locked out after multi-factor authentication reset. Agent verified security answers and issued one-time password bypass token.
2026-08-21 08:41:52,CM-92350-A,AGENT_AVERY,Enterprise_Escalations,350,15,4.4,34,Billing_Inquiry,70,88,No Risk,80,1,Discussion regarding prorated subscription charges following plan upgrade. Agent explained billing cycle cutoff dates clearly.
2026-08-21 08:56:29,CM-78084-C,AGENT_RILEY,Tech_Support_APAC,237,42,17.9,37,Billing_Inquiry,25,90,No Risk,89,1,Customer queried line-item surcharge on recent monthly statement. Agent reviewed billing schedule and credited processing variance.
2026-08-21 09:08:40,CM-41973-C,AGENT_AVERY,Billing_Support_US,364,22,6.0,30,Subscription_Renewal,16,79,No Risk,72,1,Customer confirmed continuation of annual maintenance agreement and updated purchase order authorization number.
2026-08-21 09:25:27,CM-86380-B,AGENT_ALEX,Customer_Care_Global,228,36,15.6,42,Billing_Inquiry,57,76,No Risk,74,1,Discussion regarding prorated subscription charges following plan upgrade. Agent explained billing cycle cutoff dates clearly.
2026-08-21 09:53:08,CM-51515-C,AGENT_CHRIS,Billing_Support_US,140,6,4.4,32,Account_Access,58,96,No Risk,96,1,Caller needed email address change on primary customer account. Two-step verification completed and credentials refreshed.
2026-08-21 10:46:42,CM-50191-B,AGENT_RILEY,Billing_Support_US,136,7,4.8,39,Order_Tracking,94,80,No Risk,73,1,Customer confirmed receipt of initial shipment and verified serial numbers against enterprise invoice order.
2026-08-21 10:51:23,CM-74865-B,AGENT_JORDAN,Tech_Support_US,304,51,16.8,43,Subscription_Renewal,19,85,No Risk,85,1,Enterprise contact reviewed upcoming annual contract renewal terms and license tiers. Agent forwarded formal quote sheet.
2026-08-21 11:06:17,CM-68328-C,AGENT_PAT,Customer_Care_Global,237,26,11.0,14,Billing_Inquiry,74,89,No Risk,93,1,Caller requested invoice copy and updated credit card details on enterprise billing profile. Verified billing contacts and confirmed change.
2026-08-21 11:24:34,CM-31026-B,AGENT_RILEY,Enterprise_Escalations,369,85,23.0,34,Subscription_Renewal,15,86,No Risk,80,0,Customer confirmed continuation of annual maintenance agreement and updated purchase order authorization number.
2026-08-21 11:29:24,CM-81820-A,AGENT_RILEY,Billing_Support_US,295,32,10.8,37,Billing_Inquiry,85,87,No Risk,80,1,Customer queried line-item surcharge on recent monthly statement. Agent reviewed billing schedule and credited processing variance.
2026-08-21 11:51:31,CM-57932-A,AGENT_MORGAN,Billing_Support_US,365,73,19.9,32,Account_Access,15,73,No Risk,71,0,Caller needed email address change on primary customer account. Two-step verification completed and credentials refreshed.
2026-08-21 11:54:41,CM-39272-C,AGENT_ALEX,Customer_Care_Global,283,58,20.5,45,Order_Tracking,71,91,No Risk,96,1,Inquiry regarding shipment customs delay. Agent contacted logistics partner and provided updated tracking manifest.
2026-08-21 12:34:08,CM-70521-B,AGENT_ALEX,Tech_Support_APAC,331,50,15.1,42,Billing_Inquiry,25,83,No Risk,79,1,Customer queried line-item surcharge on recent monthly statement. Agent reviewed billing schedule and credited processing variance.
2026-08-21 13:12:46,CM-90027-C,AGENT_CASEY,Tech_Support_APAC,390,39,10.0,41,General_Product_Query,86,91,No Risk,96,1,Prospective customer requested feature comparison between Standard and Enterprise analytics tiers.
2026-08-21 13:36:53,CM-59752-A,AGENT_SAM,Customer_Care_Global,273,64,23.6,33,Subscription_Renewal,77,81,No Risk,91,1,Enterprise contact reviewed upcoming annual contract renewal terms and license tiers. Agent forwarded formal quote sheet.
2026-08-21 13:51:54,CM-54884-B,AGENT_RILEY,Customer_Care_Global,195,35,18.0,27,Subscription_Renewal,82,87,No Risk,98,1,Customer confirmed continuation of annual maintenance agreement and updated purchase order authorization number.
2026-08-21 14:17:35,CM-83880-A,AGENT_TAYLOR,Enterprise_Escalations,261,44,16.9,31,General_Product_Query,59,87,No Risk,95,0,Caller asked regarding desktop client system requirements and supported browser versions. Agent shared knowledge base link.
2026-08-21 14:18:04,CM-78569-A,AGENT_CHRIS,Billing_Support_US,366,26,7.2,41,Order_Tracking,80,85,No Risk,86,1,Customer inquired regarding expedited courier delivery status for hardware order. Agent tracked consignment and confirmed arrival ETA.
2026-08-21 14:35:48,CM-54375-C,AGENT_PAT,Tech_Support_APAC,369,77,21.0,34,Order_Tracking,78,61,Medium Risk,67,1,Customer confirmed receipt of initial shipment and verified serial numbers against enterprise invoice order.
2026-08-21 14:38:48,CM-10561-C,AGENT_MORGAN,Tech_Support_APAC,158,36,23.0,25,Account_Access,67,85,No Risk,82,1,Caller needed email address change on primary customer account. Two-step verification completed and credentials refreshed.
2026-08-21 14:53:01,CM-53204-B,AGENT_AVERY,Enterprise_Escalations,277,25,9.2,25,Billing_Inquiry,56,86,No Risk,75,1,Caller requested invoice copy and updated credit card details on enterprise billing profile. Verified billing contacts and confirmed change.
2026-08-21 15:18:03,CM-64138-A,AGENT_MORGAN,Tech_Support_US,246,18,7.5,41,Billing_Inquiry,66,96,No Risk,92,0,Caller requested invoice copy and updated credit card details on enterprise billing profile. Verified billing contacts and confirmed change.
2026-08-21 15:34:16,CM-54020-B,AGENT_CASEY,Tech_Support_APAC,328,23,7.0,19,Account_Access,59,90,No Risk,86,1,Caller needed email address change on primary customer account. Two-step verification completed and credentials refreshed.
2026-08-21 15:55:32,CM-26899-B,AGENT_ALEX,Enterprise_Escalations,382,76,19.9,35,Billing_Inquiry,34,76,No Risk,69,1,Customer queried line-item surcharge on recent monthly statement. Agent reviewed billing schedule and credited processing variance.
2026-08-21 16:05:30,CM-98846-C,AGENT_CASEY,Customer_Care_Global,380,24,6.2,41,Subscription_Renewal,33,92,No Risk,95,0,Customer confirmed continuation of annual maintenance agreement and updated purchase order authorization number.
2026-08-21 16:49:56,CM-81176-C,AGENT_ALEX,Tech_Support_US,323,14,4.3,19,Order_Tracking,36,79,No Risk,69,1,Inquiry regarding shipment customs delay. Agent contacted logistics partner and provided updated tracking manifest.
2026-08-21 17:23:16,CM-65858-C,AGENT_SAM,Customer_Care_Global,159,31,19.3,45,General_Product_Query,42,82,No Risk,74,1,Caller asked regarding desktop client system requirements and supported browser versions. Agent shared knowledge base link.
2026-08-21 17:37:48,CM-82634-B,AGENT_ALEX,Billing_Support_US,392,89,22.6,40,General_Product_Query,27,72,No Risk,72,1,General inquiry on API rate limits and webhook notification configurations. Agent referenced technical developer documentation.
2026-08-21 17:56:40,CM-35192-B,AGENT_CHRIS,Billing_Support_US,359,51,14.2,31,Account_Access,85,83,No Risk,73,0,Customer requested administrative permission transfer for organization portal. Agent processed identity verification protocol successfully.
2026-08-21 18:29:53,CM-20739-B,AGENT_JORDAN,Customer_Care_Global,214,29,13.4,26,Subscription_Renewal,94,87,No Risk,88,1,Customer confirmed continuation of annual maintenance agreement and updated purchase order authorization number.
2026-08-21 18:58:58,CM-36738-C,AGENT_ALEX,Customer_Care_Global,241,14,6.0,24,Subscription_Renewal,81,94,No Risk,97,1,Inquiry on multi-seat volume discount tiers for next fiscal renewal period. Agent summarized discount matrix.
2026-08-21 19:04:40,CM-23256-C,AGENT_CASEY,Enterprise_Escalations,212,36,17.2,18,Billing_Inquiry,89,80,No Risk,75,1,Discussion regarding prorated subscription charges following plan upgrade. Agent explained billing cycle cutoff dates clearly.
2026-08-21 19:40:11,CM-28872-A,AGENT_RILEY,Billing_Support_US,327,69,21.0,18,General_Product_Query,61,87,No Risk,91,1,General inquiry on API rate limits and webhook notification configurations. Agent referenced technical developer documentation.
2026-08-21 19:45:00,CM-42591-C,AGENT_PAT,Customer_Care_Global,331,17,5.0,12,General_Product_Query,19,85,No Risk,71,1,General inquiry on API rate limits and webhook notification configurations. Agent referenced technical developer documentation.
2026-08-21 19:51:55,CM-55593-B,AGENT_ALEX,Enterprise_Escalations,396,31,7.8,16,Account_Access,77,95,No Risk,97,0,User locked out after multi-factor authentication reset. Agent verified security answers and issued one-time password bypass token.
2026-08-21 19:54:50,CM-88494-B,AGENT_JORDAN,Enterprise_Escalations,188,14,7.4,30,General_Product_Query,22,81,Medium Risk,86,1,Caller asked regarding desktop client system requirements and supported browser versions. Agent shared knowledge base link.
2026-08-21 20:41:13,CM-58824-C,AGENT_MORGAN,Enterprise_Escalations,179,10,5.5,18,Account_Access,40,86,No Risk,85,0,Customer requested administrative permission transfer for organization portal. Agent processed identity verification protocol successfully.
2026-08-21 20:43:53,CM-85660-C,AGENT_JORDAN,Tech_Support_US,256,55,21.5,25,Subscription_Renewal,24,76,No Risk,66,1,Customer confirmed continuation of annual maintenance agreement and updated purchase order authorization number.
2026-08-21 20:47:57,CM-87993-C,AGENT_AVERY,Customer_Care_Global,372,24,6.5,35,Subscription_Renewal,48,95,No Risk,93,1,Enterprise contact reviewed upcoming annual contract renewal terms and license tiers. Agent forwarded formal quote sheet.
2026-08-21 20:51:53,CM-50569-C,AGENT_RILEY,Customer_Care_Global,126,8,6.4,22,Account_Access,26,98,No Risk,94,1,Customer requested administrative permission transfer for organization portal. Agent processed identity verification protocol successfully.
2026-08-21 21:18:38,CM-76426-B,AGENT_TAYLOR,Enterprise_Escalations,353,16,4.6,22,General_Product_Query,34,84,No Risk,68,1,General inquiry on API rate limits and webhook notification configurations. Agent referenced technical developer documentation.
2026-08-21 21:38:06,CM-58177-B,AGENT_TAYLOR,Billing_Support_US,204,34,16.8,14,Account_Access,28,92,No Risk,93,1,Customer requested administrative permission transfer for organization portal. Agent processed identity verification protocol successfully.
2026-08-21 22:31:28,CM-52329-B,AGENT_PAT,Tech_Support_APAC,401,77,19.3,11,General_Product_Query,73,74,No Risk,69,1,Caller asked regarding desktop client system requirements and supported browser versions. Agent shared knowledge base link.
2026-08-21 22:50:39,CM-20657-C,AGENT_RILEY,Billing_Support_US,261,57,22.0,14,General_Product_Query,44,82,No Risk,74,1,General inquiry on API rate limits and webhook notification configurations. Agent referenced technical developer documentation.
2026-08-21 23:28:44,CM-63752-B,AGENT_TAYLOR,Customer_Care_Global,356,50,14.1,11,Account_Access,69,91,No Risk,89,1,Customer requested administrative permission transfer for organization portal. Agent processed identity verification protocol successfully.
2026-08-21 23:33:00,CM-60264-B,AGENT_MORGAN,Customer_Care_Global,371,85,23.0,17,Subscription_Renewal,95,74,No Risk,70,0,Inquiry on multi-seat volume discount tiers for next fiscal renewal period. Agent summarized discount matrix.
2026-08-22 00:07:19,CM-19287-C,AGENT_MORGAN,Customer_Care_Global,328,27,8.3,40,Subscription_Renewal,26,81,No Risk,77,1,Enterprise contact reviewed upcoming annual contract renewal terms and license tiers. Agent forwarded formal quote sheet.
2026-08-22 00:29:29,CM-49739-A,AGENT_MORGAN,Tech_Support_US,323,61,18.9,25,Billing_Inquiry,71,81,No Risk,80,1,Discussion regarding prorated subscription charges following plan upgrade. Agent explained billing cycle cutoff dates clearly.
2026-08-22 00:31:05,CM-17051-A,AGENT_SAM,Tech_Support_US,208,27,13.2,39,Order_Tracking,31,83,No Risk,84,1,Inquiry regarding shipment customs delay. Agent contacted logistics partner and provided updated tracking manifest.
2026-08-22 00:39:00,CM-70820-C,AGENT_TAYLOR,Tech_Support_APAC,234,37,15.6,36,Subscription_Renewal,63,81,No Risk,73,1,Inquiry on multi-seat volume discount tiers for next fiscal renewal period. Agent summarized discount matrix.
2026-08-22 01:10:42,CM-13926-A,AGENT_ALEX,Tech_Support_APAC,419,89,21.3,15,Billing_Inquiry,13,78,No Risk,70,1,Customer queried line-item surcharge on recent monthly statement. Agent reviewed billing schedule and credited processing variance.
2026-08-22 01:30:21,CM-72983-A,AGENT_CASEY,Tech_Support_US,386,58,15.1,16,Subscription_Renewal,33,92,No Risk,98,1,Inquiry on multi-seat volume discount tiers for next fiscal renewal period. Agent summarized discount matrix.
2026-08-22 01:36:10,CM-51896-B,AGENT_RILEY,Tech_Support_US,319,67,21.1,23,Subscription_Renewal,73,77,No Risk,81,1,Customer confirmed continuation of annual maintenance agreement and updated purchase order authorization number.
2026-08-22 01:59:45,CM-33984-A,AGENT_SAM,Customer_Care_Global,222,40,18.1,41,Account_Access,42,87,No Risk,79,1,Customer requested administrative permission transfer for organization portal. Agent processed identity verification protocol successfully.
2026-08-22 02:05:31,CM-89131-B,AGENT_ALEX,Billing_Support_US,305,20,6.5,15,General_Product_Query,58,82,No Risk,77,0,Prospective customer requested feature comparison between Standard and Enterprise analytics tiers.
2026-08-22 02:17:13,CM-98129-A,AGENT_TAYLOR,Enterprise_Escalations,418,75,17.9,17,General_Product_Query,51,91,No Risk,91,1,Prospective customer requested feature comparison between Standard and Enterprise analytics tiers.
2026-08-22 02:25:29,CM-44286-C,AGENT_MORGAN,Billing_Support_US,380,35,9.3,15,Order_Tracking,67,85,No Risk,72,0,Customer inquired regarding expedited courier delivery status for hardware order. Agent tracked consignment and confirmed arrival ETA.
2026-08-22 02:37:35,CM-50243-B,AGENT_PAT,Enterprise_Escalations,381,89,23.3,21,Billing_Inquiry,74,83,No Risk,77,0,Customer queried line-item surcharge on recent monthly statement. Agent reviewed billing schedule and credited processing variance.
2026-08-22 02:46:14,CM-89225-C,AGENT_TAYLOR,Enterprise_Escalations,274,33,12.1,30,Billing_Inquiry,23,93,No Risk,94,1,Caller requested invoice copy and updated credit card details on enterprise billing profile. Verified billing contacts and confirmed change.
2026-08-22 02:56:46,CM-50662-C,AGENT_PAT,Tech_Support_US,288,52,18.2,29,General_Product_Query,20,81,No Risk,73,1,Prospective customer requested feature comparison between Standard and Enterprise analytics tiers.
2026-08-22 02:58:00,CM-39389-C,AGENT_JORDAN,Tech_Support_APAC,362,83,23.0,11,Billing_Inquiry,35,81,No Risk,72,1,Discussion regarding prorated subscription charges following plan upgrade. Agent explained billing cycle cutoff dates clearly.
2026-08-22 03:35:56,CM-89478-C,AGENT_AVERY,Tech_Support_APAC,309,28,9.1,34,Billing_Inquiry,89,78,No Risk,73,1,Discussion regarding prorated subscription charges following plan upgrade. Agent explained billing cycle cutoff dates clearly.
2026-08-22 03:45:02,CM-13577-A,AGENT_RILEY,Tech_Support_APAC,221,10,4.5,34,Subscription_Renewal,36,88,No Risk,78,1,Customer confirmed continuation of annual maintenance agreement and updated purchase order authorization number.
2026-08-22 03:55:48,CM-52384-A,AGENT_ALEX,Billing_Support_US,262,11,4.2,39,Order_Tracking,37,88,No Risk,88,1,Customer inquired regarding expedited courier delivery status for hardware order. Agent tracked consignment and confirmed arrival ETA.
2026-08-22 04:10:45,CM-37215-B,AGENT_SAM,Billing_Support_US,140,29,21.0,20,Order_Tracking,21,77,No Risk,78,1,Inquiry regarding shipment customs delay. Agent contacted logistics partner and provided updated tracking manifest.
2026-08-22 04:17:07,CM-82049-B,AGENT_CASEY,Customer_Care_Global,158,16,10.1,23,Subscription_Renewal,26,79,No Risk,74,1,Enterprise contact reviewed upcoming annual contract renewal terms and license tiers. Agent forwarded formal quote sheet.
2026-08-22 04:35:53,CM-64986-C,AGENT_CHRIS,Tech_Support_APAC,213,21,9.8,14,Order_Tracking,91,84,No Risk,71,1,Customer confirmed receipt of initial shipment and verified serial numbers against enterprise invoice order.
2026-08-22 04:36:39,CM-47784-C,AGENT_ALEX,Tech_Support_APAC,347,48,13.9,28,Order_Tracking,59,83,No Risk,79,1,Customer confirmed receipt of initial shipment and verified serial numbers against enterprise invoice order.
2026-08-22 04:40:02,CM-30582-C,AGENT_SAM,Billing_Support_US,190,27,14.0,19,General_Product_Query,22,80,No Risk,72,1,Caller asked regarding desktop client system requirements and supported browser versions. Agent shared knowledge base link.
2026-08-22 04:49:11,CM-23022-C,AGENT_CHRIS,Enterprise_Escalations,352,18,5.2,22,Order_Tracking,45,70,Medium Risk,70,0,Customer confirmed receipt of initial shipment and verified serial numbers against enterprise invoice order.
2026-08-22 04:59:30,CM-75820-A,AGENT_MORGAN,Enterprise_Escalations,409,78,19.1,38,Account_Access,27,82,No Risk,74,1,Caller needed email address change on primary customer account. Two-step verification completed and credentials refreshed.
2026-08-22 05:08:12,CM-27224-A,AGENT_SAM,Customer_Care_Global,376,28,7.5,44,Subscription_Renewal,26,86,No Risk,82,1,Enterprise contact reviewed upcoming annual contract renewal terms and license tiers. Agent forwarded formal quote sheet.
2026-08-22 05:40:45,CM-98188-C,AGENT_SAM,Enterprise_Escalations,407,83,20.4,16,Subscription_Renewal,57,82,No Risk,85,1,Inquiry on multi-seat volume discount tiers for next fiscal renewal period. Agent summarized discount matrix.
2026-08-22 05:43:12,CM-43260-C,AGENT_ALEX,Enterprise_Escalations,249,12,4.7,40,Order_Tracking,45,85,No Risk,82,0,Customer confirmed receipt of initial shipment and verified serial numbers against enterprise invoice order.
2026-08-22 06:21:59,CM-28528-C,AGENT_PAT,Billing_Support_US,208,14,6.8,37,General_Product_Query,59,83,No Risk,75,1,General inquiry on API rate limits and webhook notification configurations. Agent referenced technical developer documentation.
2026-08-22 06:59:08,CM-38329-B,AGENT_MORGAN,Tech_Support_US,377,87,23.1,33,General_Product_Query,57,77,No Risk,72,0,Prospective customer requested feature comparison between Standard and Enterprise analytics tiers.
2026-08-22 07:01:45,CM-95888-B,AGENT_TAYLOR,Customer_Care_Global,397,22,5.5,36,Billing_Inquiry,74,87,No Risk,74,1,Customer queried line-item surcharge on recent monthly statement. Agent reviewed billing schedule and credited processing variance.
2026-08-22 07:28:47,CM-71972-B,AGENT_RILEY,Tech_Support_US,130,20,15.7,38,Billing_Inquiry,56,92,No Risk,96,1,Discussion regarding prorated subscription charges following plan upgrade. Agent explained billing cycle cutoff dates clearly.
2026-08-22 07:46:06,CM-90703-C,AGENT_JORDAN,Enterprise_Escalations,304,41,13.5,18,General_Product_Query,17,85,No Risk,73,1,Caller asked regarding desktop client system requirements and supported browser versions. Agent shared knowledge base link.
2026-08-22 08:15:21,CM-83227-B,AGENT_ALEX,Enterprise_Escalations,181,35,19.1,26,Order_Tracking,46,87,No Risk,97,1,Customer confirmed receipt of initial shipment and verified serial numbers against enterprise invoice order.
2026-08-22 08:22:35,CM-78495-B,AGENT_CASEY,Billing_Support_US,137,30,21.6,29,General_Product_Query,70,94,No Risk,97,0,Prospective customer requested feature comparison between Standard and Enterprise analytics tiers.
2026-08-22 08:30:57,CM-34179-A,AGENT_JORDAN,Tech_Support_US,377,61,16.3,19,Subscription_Renewal,66,84,No Risk,77,1,Enterprise contact reviewed upcoming annual contract renewal terms and license tiers. Agent forwarded formal quote sheet.
2026-08-22 08:40:12,CM-99318-B,AGENT_CHRIS,Tech_Support_US,272,51,18.9,43,Billing_Inquiry,80,85,No Risk,77,1,Caller requested invoice copy and updated credit card details on enterprise billing profile. Verified billing contacts and confirmed change.
2026-08-22 08:40:30,CM-98740-C,AGENT_CHRIS,Billing_Support_US,170,34,19.8,42,Account_Access,20,91,No Risk,92,1,User locked out after multi-factor authentication reset. Agent verified security answers and issued one-time password bypass token.
2026-08-22 08:51:33,CM-44760-B,AGENT_SAM,Billing_Support_US,149,26,17.2,19,General_Product_Query,72,75,No Risk,68,1,Prospective customer requested feature comparison between Standard and Enterprise analytics tiers.
2026-08-22 08:56:32,CM-81529-B,AGENT_TAYLOR,Customer_Care_Global,141,33,23.1,45,Order_Tracking,11,74,No Risk,65,1,Customer confirmed receipt of initial shipment and verified serial numbers against enterprise invoice order.
2026-08-22 08:59:46,CM-35252-C,AGENT_PAT,Tech_Support_APAC,282,36,12.6,34,General_Product_Query,91,83,Medium Risk,98,1,Caller asked regarding desktop client system requirements and supported browser versions. Agent shared knowledge base link.
2026-08-22 09:10:53,CM-33388-C,AGENT_RILEY,Tech_Support_APAC,346,51,14.8,23,Account_Access,65,80,No Risk,81,1,User locked out after multi-factor authentication reset. Agent verified security answers and issued one-time password bypass token.
2026-08-22 09:27:35,CM-65188-C,AGENT_CHRIS,Tech_Support_APAC,373,65,17.3,27,Account_Access,71,82,No Risk,73,1,Customer requested administrative permission transfer for organization portal. Agent processed identity verification protocol successfully.
2026-08-22 09:30:59,CM-25293-A,AGENT_TAYLOR,Billing_Support_US,304,54,17.8,41,Subscription_Renewal,94,84,No Risk,90,1,Customer confirmed continuation of annual maintenance agreement and updated purchase order authorization number.
2026-08-22 09:36:42,CM-48537-C,AGENT_ALEX,Tech_Support_APAC,172,16,9.5,25,Subscription_Renewal,16,92,No Risk,90,1,Customer confirmed continuation of annual maintenance agreement and updated purchase order authorization number.
2026-08-22 09:42:27,CM-38207-C,AGENT_RILEY,Customer_Care_Global,380,68,17.9,31,General_Product_Query,48,91,No Risk,91,1,Caller asked regarding desktop client system requirements and supported browser versions. Agent shared knowledge base link.
2026-08-22 10:28:51,CM-76151-B,AGENT_TAYLOR,Enterprise_Escalations,310,40,12.9,30,General_Product_Query,55,90,No Risk,91,0,Prospective customer requested feature comparison between Standard and Enterprise analytics tiers.
2026-08-22 10:47:08,CM-15339-B,AGENT_PAT,Tech_Support_APAC,122,11,9.4,18,Order_Tracking,16,77,No Risk,71,0,Inquiry regarding shipment customs delay. Agent contacted logistics partner and provided updated tracking manifest.
2026-08-22 11:07:55,CM-70161-C,AGENT_MORGAN,Tech_Support_US,402,71,17.7,12,Order_Tracking,20,92,No Risk,95,1,Customer inquired regarding expedited courier delivery status for hardware order. Agent tracked consignment and confirmed arrival ETA.
2026-08-22 11:49:07,CM-17198-A,AGENT_ALEX,Customer_Care_Global,412,87,21.0,15,Billing_Inquiry,79,90,No Risk,97,1,Discussion regarding prorated subscription charges following plan upgrade. Agent explained billing cycle cutoff dates clearly.
2026-08-22 12:00:33,CM-84177-C,AGENT_TAYLOR,Tech_Support_US,238,13,5.6,25,Account_Access,58,92,No Risk,94,1,Caller needed email address change on primary customer account. Two-step verification completed and credentials refreshed.
2026-08-22 12:24:36,CM-65779-A,AGENT_SAM,Customer_Care_Global,359,16,4.5,17,General_Product_Query,18,80,No Risk,72,1,General inquiry on API rate limits and webhook notification configurations. Agent referenced technical developer documentation.
2026-08-22 12:37:47,CM-82651-A,AGENT_SAM,Customer_Care_Global,343,34,9.9,39,Billing_Inquiry,90,82,No Risk,71,1,Customer queried line-item surcharge on recent monthly statement. Agent reviewed billing schedule and credited processing variance.
2026-08-22 12:48:03,CM-95672-A,AGENT_SAM,Tech_Support_APAC,224,22,10.0,39,Billing_Inquiry,43,84,No Risk,72,0,Discussion regarding prorated subscription charges following plan upgrade. Agent explained billing cycle cutoff dates clearly.
2026-08-22 13:08:51,CM-32494-C,AGENT_CASEY,Customer_Care_Global,238,47,19.7,38,Subscription_Renewal,87,86,No Risk,80,1,Enterprise contact reviewed upcoming annual contract renewal terms and license tiers. Agent forwarded formal quote sheet.
2026-08-22 13:10:31,CM-74251-A,AGENT_PAT,Customer_Care_Global,258,47,18.1,21,Subscription_Renewal,65,90,No Risk,95,0,Customer confirmed continuation of annual maintenance agreement and updated purchase order authorization number.
2026-08-22 13:11:16,CM-61049-C,AGENT_ALEX,Enterprise_Escalations,334,45,13.5,29,Subscription_Renewal,55,81,No Risk,79,0,Customer confirmed continuation of annual maintenance agreement and updated purchase order authorization number.
2026-08-22 13:18:24,CM-78955-A,AGENT_JORDAN,Billing_Support_US,142,28,19.6,16,Subscription_Renewal,75,91,No Risk,98,1,Customer confirmed continuation of annual maintenance agreement and updated purchase order authorization number.
2026-08-22 14:11:49,CM-94393-A,AGENT_SAM,Tech_Support_APAC,213,24,11.3,36,Order_Tracking,54,75,No Risk,67,0,Customer inquired regarding expedited courier delivery status for hardware order. Agent tracked consignment and confirmed arrival ETA.
2026-08-22 14:55:00,CM-98208-B,AGENT_JORDAN,Billing_Support_US,238,40,16.8,21,Order_Tracking,78,82,No Risk,78,1,Inquiry regarding shipment customs delay. Agent contacted logistics partner and provided updated tracking manifest.
2026-08-22 15:29:01,CM-28017-B,AGENT_PAT,Billing_Support_US,131,31,23.8,38,Account_Access,77,73,No Risk,69,1,User locked out after multi-factor authentication reset. Agent verified security answers and issued one-time password bypass token.
2026-08-22 15:54:41,CM-92752-B,AGENT_PAT,Tech_Support_APAC,290,62,21.3,40,Order_Tracking,72,91,No Risk,92,0,Customer inquired regarding expedited courier delivery status for hardware order. Agent tracked consignment and confirmed arrival ETA.
2026-08-22 16:10:52,CM-33264-C,AGENT_TAYLOR,Billing_Support_US,269,44,16.4,17,Billing_Inquiry,78,81,No Risk,71,1,Caller requested invoice copy and updated credit card details on enterprise billing profile. Verified billing contacts and confirmed change.
2026-08-22 16:34:28,CM-15833-B,AGENT_AVERY,Tech_Support_US,180,22,12.2,10,General_Product_Query,91,89,No Risk,86,1,General inquiry on API rate limits and webhook notification configurations. Agent referenced technical developer documentation.
2026-08-22 16:45:33,CM-25216-A,AGENT_TAYLOR,Tech_Support_US,340,64,18.8,11,Account_Access,87,76,No Risk,66,1,Caller needed email address change on primary customer account. Two-step verification completed and credentials refreshed.
2026-08-22 17:40:54,CM-91187-A,AGENT_CHRIS,Tech_Support_APAC,371,25,6.7,45,Subscription_Renewal,59,96,No Risk,91,1,Inquiry on multi-seat volume discount tiers for next fiscal renewal period. Agent summarized discount matrix.
2026-08-22 18:14:27,CM-70786-A,AGENT_PAT,Tech_Support_US,290,48,16.5,10,Order_Tracking,91,90,No Risk,98,1,Customer inquired regarding expedited courier delivery status for hardware order. Agent tracked consignment and confirmed arrival ETA.
2026-08-22 18:24:40,CM-58916-A,AGENT_AVERY,Enterprise_Escalations,128,22,17.2,10,Subscription_Renewal,12,90,No Risk,98,1,Inquiry on multi-seat volume discount tiers for next fiscal renewal period. Agent summarized discount matrix.
2026-08-22 19:24:42,CM-37606-B,AGENT_TAYLOR,Tech_Support_US,360,66,18.3,10,General_Product_Query,70,75,No Risk,69,1,Caller asked regarding desktop client system requirements and supported browser versions. Agent shared knowledge base link.
2026-08-22 19:27:55,CM-87374-B,AGENT_JORDAN,Billing_Support_US,170,27,16.1,16,Subscription_Renewal,47,80,No Risk,74,1,Enterprise contact reviewed upcoming annual contract renewal terms and license tiers. Agent forwarded formal quote sheet.
2026-08-22 19:31:26,CM-50088-B,AGENT_SAM,Billing_Support_US,199,32,16.1,31,General_Product_Query,19,77,No Risk,77,1,Caller asked regarding desktop client system requirements and supported browser versions. Agent shared knowledge base link.
2026-08-22 19:36:24,CM-76207-B,AGENT_JORDAN,Tech_Support_APAC,420,48,11.4,38,Account_Access,86,86,No Risk,87,0,Customer requested administrative permission transfer for organization portal. Agent processed identity verification protocol successfully.
2026-08-22 19:36:49,CM-49608-C,AGENT_PAT,Tech_Support_APAC,240,12,4.9,29,Account_Access,14,74,Medium Risk,73,1,Customer requested administrative permission transfer for organization portal. Agent processed identity verification protocol successfully.
2026-08-22 19:54:09,CM-79946-C,AGENT_CHRIS,Customer_Care_Global,360,40,11.2,39,Order_Tracking,73,87,No Risk,85,0,Customer inquired regarding expedited courier delivery status for hardware order. Agent tracked consignment and confirmed arrival ETA.
2026-08-22 20:54:39,CM-14010-B,AGENT_CHRIS,Tech_Support_APAC,240,21,8.7,35,Order_Tracking,72,89,No Risk,83,1,Customer inquired regarding expedited courier delivery status for hardware order. Agent tracked consignment and confirmed arrival ETA.
2026-08-22 21:11:48,CM-90120-A,AGENT_RILEY,Billing_Support_US,122,10,7.9,41,General_Product_Query,59,80,No Risk,71,1,General inquiry on API rate limits and webhook notification configurations. Agent referenced technical developer documentation.
2026-08-22 21:16:38,CM-70874-B,AGENT_CASEY,Billing_Support_US,251,53,21.1,10,Account_Access,91,80,No Risk,73,1,Customer requested administrative permission transfer for organization portal. Agent processed identity verification protocol successfully.
2026-08-22 21:24:36,CM-27575-C,AGENT_AVERY,Billing_Support_US,235,18,7.7,41,Order_Tracking,59,83,No Risk,67,1,Inquiry regarding shipment customs delay. Agent contacted logistics partner and provided updated tracking manifest.
2026-08-22 21:26:14,CM-75909-C,AGENT_TAYLOR,Tech_Support_APAC,240,13,5.6,14,General_Product_Query,33,97,No Risk,90,1,Caller asked regarding desktop client system requirements and supported browser versions. Agent shared knowledge base link.
2026-08-22 21:45:24,CM-15253-A,AGENT_CASEY,Tech_Support_APAC,148,7,4.5,24,Order_Tracking,89,87,No Risk,77,1,Customer confirmed receipt of initial shipment and verified serial numbers against enterprise invoice order.
2026-08-22 22:13:17,CM-16834-B,AGENT_PAT,Tech_Support_US,308,55,18.0,18,Subscription_Renewal,80,85,No Risk,87,1,Enterprise contact reviewed upcoming annual contract renewal terms and license tiers. Agent forwarded formal quote sheet.
2026-08-22 22:39:41,CM-98185-A,AGENT_ALEX,Tech_Support_APAC,123,23,19.0,12,Order_Tracking,10,87,No Risk,89,1,Customer confirmed receipt of initial shipment and verified serial numbers against enterprise invoice order.
2026-08-23 00:01:55,CM-17899-A,AGENT_ALEX,Tech_Support_US,390,80,20.4,41,Subscription_Renewal,34,93,No Risk,97,1,Customer confirmed continuation of annual maintenance agreement and updated purchase order authorization number.
2026-08-23 00:24:06,CM-87984-C,AGENT_MORGAN,Tech_Support_APAC,399,50,12.5,30,Account_Access,61,85,No Risk,73,1,Customer requested administrative permission transfer for organization portal. Agent processed identity verification protocol successfully.
2026-08-23 00:52:53,CM-50579-C,AGENT_AVERY,Tech_Support_US,234,51,21.8,21,Account_Access,23,86,No Risk,83,1,User locked out after multi-factor authentication reset. Agent verified security answers and issued one-time password bypass token.
2026-08-23 01:04:29,CM-77212-C,AGENT_JORDAN,Customer_Care_Global,220,13,6.0,33,Account_Access,19,89,No Risk,86,1,Customer requested administrative permission transfer for organization portal. Agent processed identity verification protocol successfully.
2026-08-23 01:25:52,CM-71344-B,AGENT_MORGAN,Tech_Support_APAC,292,21,7.2,26,Order_Tracking,68,90,No Risk,83,1,Customer confirmed receipt of initial shipment and verified serial numbers against enterprise invoice order.
2026-08-23 01:49:26,CM-57167-B,AGENT_SAM,Enterprise_Escalations,171,39,22.9,10,Billing_Inquiry,12,89,No Risk,87,1,Caller requested invoice copy and updated credit card details on enterprise billing profile. Verified billing contacts and confirmed change.
2026-08-23 01:55:30,CM-39523-C,AGENT_CHRIS,Billing_Support_US,220,22,10.1,11,Subscription_Renewal,39,92,No Risk,89,1,Inquiry on multi-seat volume discount tiers for next fiscal renewal period. Agent summarized discount matrix.
2026-08-23 02:28:18,CM-43169-C,AGENT_PAT,Customer_Care_Global,212,43,20.5,43,General_Product_Query,92,87,No Risk,85,1,General inquiry on API rate limits and webhook notification configurations. Agent referenced technical developer documentation.
2026-08-23 02:36:57,CM-24918-B,AGENT_PAT,Tech_Support_APAC,232,41,17.6,41,Order_Tracking,85,84,No Risk,90,1,Customer confirmed receipt of initial shipment and verified serial numbers against enterprise invoice order.
2026-08-23 03:03:21,CM-69405-C,AGENT_CASEY,Tech_Support_US,359,60,16.6,21,Billing_Inquiry,76,85,No Risk,82,1,Discussion regarding prorated subscription charges following plan upgrade. Agent explained billing cycle cutoff dates clearly.
2026-08-23 03:12:57,CM-72098-C,AGENT_AVERY,Billing_Support_US,309,27,8.6,40,Order_Tracking,43,82,No Risk,74,0,Inquiry regarding shipment customs delay. Agent contacted logistics partner and provided updated tracking manifest.
2026-08-23 03:26:45,CM-80028-A,AGENT_AVERY,Tech_Support_US,121,14,11.4,16,Order_Tracking,28,82,No Risk,68,1,Inquiry regarding shipment customs delay. Agent contacted logistics partner and provided updated tracking manifest.
2026-08-23 03:31:47,CM-30415-A,AGENT_RILEY,Tech_Support_APAC,200,32,15.9,28,Billing_Inquiry,36,86,No Risk,91,1,Customer queried line-item surcharge on recent monthly statement. Agent reviewed billing schedule and credited processing variance.
2026-08-23 03:46:31,CM-45386-C,AGENT_AVERY,Tech_Support_US,178,37,20.6,42,Subscription_Renewal,23,74,No Risk,71,1,Customer confirmed continuation of annual maintenance agreement and updated purchase order authorization number.
2026-08-23 03:59:06,CM-43357-A,AGENT_MORGAN,Enterprise_Escalations,306,45,14.7,42,Billing_Inquiry,76,75,No Risk,72,1,Customer queried line-item surcharge on recent monthly statement. Agent reviewed billing schedule and credited processing variance.
2026-08-23 04:12:48,CM-27865-B,AGENT_SAM,Billing_Support_US,269,11,4.2,40,General_Product_Query,72,88,No Risk,79,1,Caller asked regarding desktop client system requirements and supported browser versions. Agent shared knowledge base link.
2026-08-23 04:40:10,CM-72650-A,AGENT_CHRIS,Enterprise_Escalations,285,57,20.1,21,Account_Access,53,72,No Risk,68,0,User locked out after multi-factor authentication reset. Agent verified security answers and issued one-time password bypass token.
2026-08-23 05:01:32,CM-74219-C,AGENT_PAT,Enterprise_Escalations,301,56,18.5,39,General_Product_Query,77,78,Medium Risk,90,0,General inquiry on API rate limits and webhook notification configurations. Agent referenced technical developer documentation.
2026-08-23 05:20:18,CM-39579-C,AGENT_MORGAN,Tech_Support_APAC,401,49,12.3,16,Billing_Inquiry,70,84,No Risk,75,1,Caller requested invoice copy and updated credit card details on enterprise billing profile. Verified billing contacts and confirmed change.
2026-08-23 05:20:30,CM-72294-B,AGENT_MORGAN,Customer_Care_Global,396,67,17.0,42,Billing_Inquiry,48,85,No Risk,85,1,Customer queried line-item surcharge on recent monthly statement. Agent reviewed billing schedule and credited processing variance.
2026-08-23 05:51:42,CM-93665-B,AGENT_CHRIS,Enterprise_Escalations,185,39,20.9,45,Order_Tracking,94,85,No Risk,81,1,Customer confirmed receipt of initial shipment and verified serial numbers against enterprise invoice order.
2026-08-23 05:54:38,CM-12900-A,AGENT_JORDAN,Customer_Care_Global,372,24,6.5,10,Order_Tracking,66,86,No Risk,78,1,Inquiry regarding shipment customs delay. Agent contacted logistics partner and provided updated tracking manifest.
2026-08-23 05:58:32,CM-42145-C,AGENT_PAT,Customer_Care_Global,172,16,9.5,11,Billing_Inquiry,28,86,No Risk,72,1,Caller requested invoice copy and updated credit card details on enterprise billing profile. Verified billing contacts and confirmed change.
2026-08-23 06:21:09,CM-37770-A,AGENT_CASEY,Enterprise_Escalations,312,47,15.0,19,Order_Tracking,89,91,No Risk,98,1,Customer inquired regarding expedited courier delivery status for hardware order. Agent tracked consignment and confirmed arrival ETA.
2026-08-23 06:29:28,CM-60789-A,AGENT_CASEY,Billing_Support_US,169,12,7.1,30,General_Product_Query,46,92,No Risk,98,1,Prospective customer requested feature comparison between Standard and Enterprise analytics tiers.
2026-08-23 06:59:17,CM-87250-A,AGENT_AVERY,Billing_Support_US,346,53,15.4,37,Order_Tracking,84,85,No Risk,77,1,Customer confirmed receipt of initial shipment and verified serial numbers against enterprise invoice order.
2026-08-23 08:11:20,CM-60126-C,AGENT_PAT,Customer_Care_Global,170,28,16.6,10,Subscription_Renewal,37,83,No Risk,74,1,Enterprise contact reviewed upcoming annual contract renewal terms and license tiers. Agent forwarded formal quote sheet.
2026-08-23 08:11:35,CM-95800-C,AGENT_CHRIS,Customer_Care_Global,300,70,23.3,41,Subscription_Renewal,92,80,No Risk,75,1,Enterprise contact reviewed upcoming annual contract renewal terms and license tiers. Agent forwarded formal quote sheet.
2026-08-23 08:20:46,CM-30541-C,AGENT_PAT,Enterprise_Escalations,208,16,7.6,11,Subscription_Renewal,66,90,No Risk,82,1,Inquiry on multi-seat volume discount tiers for next fiscal renewal period. Agent summarized discount matrix.
2026-08-23 08:38:23,CM-86561-B,AGENT_MORGAN,Tech_Support_US,258,21,8.1,11,Subscription_Renewal,88,81,Medium Risk,96,1,Enterprise contact reviewed upcoming annual contract renewal terms and license tiers. Agent forwarded formal quote sheet.
2026-08-23 08:56:35,CM-79375-C,AGENT_ALEX,Customer_Care_Global,247,57,23.2,21,Order_Tracking,92,89,No Risk,98,1,Customer inquired regarding expedited courier delivery status for hardware order. Agent tracked consignment and confirmed arrival ETA.
2026-08-23 09:20:08,CM-11628-C,AGENT_PAT,Tech_Support_US,202,23,11.2,15,Account_Access,40,95,No Risk,94,1,Caller needed email address change on primary customer account. Two-step verification completed and credentials refreshed.
2026-08-23 09:38:11,CM-67292-B,AGENT_MORGAN,Tech_Support_US,384,79,20.6,26,Subscription_Renewal,38,84,No Risk,82,1,Customer confirmed continuation of annual maintenance agreement and updated purchase order authorization number.
2026-08-23 09:55:05,CM-14546-C,AGENT_CHRIS,Customer_Care_Global,132,15,11.5,20,Account_Access,79,93,No Risk,90,1,Customer requested administrative permission transfer for organization portal. Agent processed identity verification protocol successfully.
2026-08-23 10:07:03,CM-89954-C,AGENT_ALEX,Customer_Care_Global,186,43,23.0,15,Billing_Inquiry,86,77,No Risk,82,1,Discussion regarding prorated subscription charges following plan upgrade. Agent explained billing cycle cutoff dates clearly.
2026-08-23 10:33:54,CM-33689-A,AGENT_CHRIS,Tech_Support_APAC,296,66,22.4,39,Order_Tracking,13,82,No Risk,87,1,Customer inquired regarding expedited courier delivery status for hardware order. Agent tracked consignment and confirmed arrival ETA.
2026-08-23 10:36:38,CM-25381-A,AGENT_CASEY,Billing_Support_US,256,52,20.5,17,Subscription_Renewal,73,83,No Risk,83,1,Inquiry on multi-seat volume discount tiers for next fiscal renewal period. Agent summarized discount matrix.
2026-08-23 11:01:40,CM-44275-A,AGENT_JORDAN,Billing_Support_US,138,32,23.0,41,Account_Access,81,84,No Risk,95,1,Customer requested administrative permission transfer for organization portal. Agent processed identity verification protocol successfully.
2026-08-23 11:50:19,CM-46394-A,AGENT_PAT,Customer_Care_Global,412,79,19.1,20,Order_Tracking,81,73,No Risk,66,1,Customer confirmed receipt of initial shipment and verified serial numbers against enterprise invoice order.
2026-08-23 11:52:55,CM-88732-A,AGENT_CHRIS,Billing_Support_US,179,31,17.1,37,Subscription_Renewal,81,81,No Risk,83,1,Enterprise contact reviewed upcoming annual contract renewal terms and license tiers. Agent forwarded formal quote sheet.
2026-08-23 12:07:09,CM-70447-B,AGENT_MORGAN,Enterprise_Escalations,289,69,23.8,39,Subscription_Renewal,32,78,No Risk,75,1,Enterprise contact reviewed upcoming annual contract renewal terms and license tiers. Agent forwarded formal quote sheet.
2026-08-23 13:58:15,CM-36467-B,AGENT_JORDAN,Customer_Care_Global,305,54,17.8,17,Order_Tracking,30,80,No Risk,70,1,Customer confirmed receipt of initial shipment and verified serial numbers against enterprise invoice order.
2026-08-23 14:13:49,CM-92213-A,AGENT_JORDAN,Customer_Care_Global,309,62,20.1,12,General_Product_Query,82,78,No Risk,69,1,Prospective customer requested feature comparison between Standard and Enterprise analytics tiers.
2026-08-23 14:22:08,CM-58480-C,AGENT_RILEY,Billing_Support_US,272,35,12.8,27,Order_Tracking,75,88,No Risk,96,1,Inquiry regarding shipment customs delay. Agent contacted logistics partner and provided updated tracking manifest.
2026-08-23 14:29:57,CM-14400-B,AGENT_AVERY,Tech_Support_APAC,148,28,18.8,38,Account_Access,61,84,No Risk,73,1,Caller needed email address change on primary customer account. Two-step verification completed and credentials refreshed.
2026-08-23 14:45:08,CM-62852-A,AGENT_JORDAN,Tech_Support_US,336,73,21.8,27,General_Product_Query,85,89,No Risk,97,1,Caller asked regarding desktop client system requirements and supported browser versions. Agent shared knowledge base link.
2026-08-23 14:47:01,CM-71408-C,AGENT_RILEY,Tech_Support_APAC,385,53,13.8,18,Account_Access,51,81,No Risk,80,1,User locked out after multi-factor authentication reset. Agent verified security answers and issued one-time password bypass token.
2026-08-23 15:17:00,CM-99966-B,AGENT_SAM,Billing_Support_US,333,58,17.5,44,Order_Tracking,13,74,No Risk,66,1,Inquiry regarding shipment customs delay. Agent contacted logistics partner and provided updated tracking manifest.
2026-08-23 15:43:50,CM-30036-C,AGENT_JORDAN,Tech_Support_US,285,38,13.3,38,Subscription_Renewal,82,87,No Risk,85,0,Enterprise contact reviewed upcoming annual contract renewal terms and license tiers. Agent forwarded formal quote sheet.
2026-08-23 16:08:48,CM-75231-A,AGENT_JORDAN,Billing_Support_US,417,33,7.8,18,General_Product_Query,42,80,No Risk,72,1,Prospective customer requested feature comparison between Standard and Enterprise analytics tiers.
2026-08-23 16:10:22,CM-69699-C,AGENT_TAYLOR,Customer_Care_Global,316,51,16.0,20,Account_Access,94,89,No Risk,90,1,Caller needed email address change on primary customer account. Two-step verification completed and credentials refreshed.
2026-08-23 16:53:07,CM-82279-B,AGENT_JORDAN,Billing_Support_US,209,19,9.2,26,Account_Access,45,85,No Risk,74,1,Caller needed email address change on primary customer account. Two-step verification completed and credentials refreshed.
2026-08-23 16:58:36,CM-93719-B,AGENT_PAT,Enterprise_Escalations,285,16,5.7,16,Order_Tracking,95,85,No Risk,80,1,Customer inquired regarding expedited courier delivery status for hardware order. Agent tracked consignment and confirmed arrival ETA.
2026-08-23 17:06:01,CM-66270-A,AGENT_SAM,Billing_Support_US,172,18,10.2,38,General_Product_Query,18,87,No Risk,89,1,Caller asked regarding desktop client system requirements and supported browser versions. Agent shared knowledge base link.
2026-08-23 17:06:38,CM-76176-B,AGENT_CHRIS,Billing_Support_US,388,51,13.2,36,Billing_Inquiry,74,81,No Risk,65,1,Customer queried line-item surcharge on recent monthly statement. Agent reviewed billing schedule and credited processing variance.
2026-08-23 17:50:55,CM-43823-B,AGENT_PAT,Tech_Support_US,177,35,19.8,39,Order_Tracking,51,85,No Risk,87,1,Inquiry regarding shipment customs delay. Agent contacted logistics partner and provided updated tracking manifest.
2026-08-23 18:01:02,CM-81260-A,AGENT_AVERY,Billing_Support_US,215,40,18.8,39,Billing_Inquiry,26,86,No Risk,80,1,Discussion regarding prorated subscription charges following plan upgrade. Agent explained billing cycle cutoff dates clearly.
2026-08-23 19:03:54,CM-22678-A,AGENT_RILEY,Billing_Support_US,362,58,15.9,31,Billing_Inquiry,90,87,No Risk,80,1,Caller requested invoice copy and updated credit card details on enterprise billing profile. Verified billing contacts and confirmed change.
2026-08-23 19:11:38,CM-70238-A,AGENT_JORDAN,Tech_Support_US,274,36,13.1,22,Subscription_Renewal,64,68,Medium Risk,75,0,Customer confirmed continuation of annual maintenance agreement and updated purchase order authorization number.
2026-08-23 20:04:12,CM-90273-B,AGENT_TAYLOR,Tech_Support_APAC,265,15,5.6,21,Subscription_Renewal,10,96,No Risk,91,1,Inquiry on multi-seat volume discount tiers for next fiscal renewal period. Agent summarized discount matrix.
2026-08-23 20:23:10,CM-28550-A,AGENT_TAYLOR,Tech_Support_APAC,359,57,15.9,25,Account_Access,36,88,No Risk,84,1,User locked out after multi-factor authentication reset. Agent verified security answers and issued one-time password bypass token.
2026-08-23 20:29:12,CM-82199-B,AGENT_TAYLOR,Customer_Care_Global,207,30,14.7,20,General_Product_Query,74,83,No Risk,86,1,Prospective customer requested feature comparison between Standard and Enterprise analytics tiers.
2026-08-23 20:43:32,CM-69635-B,AGENT_TAYLOR,Billing_Support_US,318,69,21.6,19,General_Product_Query,38,81,No Risk,81,1,Caller asked regarding desktop client system requirements and supported browser versions. Agent shared knowledge base link.
2026-08-23 20:57:06,CM-22659-A,AGENT_ALEX,Tech_Support_APAC,154,15,9.9,21,Billing_Inquiry,36,91,No Risk,81,1,Caller requested invoice copy and updated credit card details on enterprise billing profile. Verified billing contacts and confirmed change.
2026-08-23 21:25:21,CM-76768-B,AGENT_CASEY,Customer_Care_Global,139,9,6.3,21,Billing_Inquiry,43,82,No Risk,71,0,Discussion regarding prorated subscription charges following plan upgrade. Agent explained billing cycle cutoff dates clearly.
2026-08-23 21:54:08,CM-12132-A,AGENT_RILEY,Tech_Support_APAC,404,75,18.5,30,Subscription_Renewal,45,86,No Risk,85,1,Customer confirmed continuation of annual maintenance agreement and updated purchase order authorization number.
2026-08-23 21:57:16,CM-59060-C,AGENT_JORDAN,Tech_Support_APAC,308,53,17.3,11,Billing_Inquiry,67,75,No Risk,69,1,Caller requested invoice copy and updated credit card details on enterprise billing profile. Verified billing contacts and confirmed change.
2026-08-23 22:00:28,CM-49321-B,AGENT_CHRIS,Tech_Support_APAC,255,34,13.2,16,Billing_Inquiry,82,85,No Risk,73,1,Caller requested invoice copy and updated credit card details on enterprise billing profile. Verified billing contacts and confirmed change.
2026-08-23 22:04:43,CM-68121-A,AGENT_JORDAN,Customer_Care_Global,322,16,4.9,13,Billing_Inquiry,69,95,No Risk,96,1,Customer queried line-item surcharge on recent monthly statement. Agent reviewed billing schedule and credited processing variance.
2026-08-23 23:15:32,CM-77193-A,AGENT_PAT,Tech_Support_US,402,74,18.5,40,Account_Access,36,93,No Risk,94,1,Caller needed email address change on primary customer account. Two-step verification completed and credentials refreshed.
2026-08-23 23:19:59,CM-15046-A,AGENT_CASEY,Billing_Support_US,252,26,10.3,24,General_Product_Query,80,88,No Risk,81,1,Caller asked regarding desktop client system requirements and supported browser versions. Agent shared knowledge base link.
2026-08-23 23:21:37,CM-73646-C,AGENT_AVERY,Billing_Support_US,325,24,7.4,19,Billing_Inquiry,61,84,No Risk,67,1,Caller requested invoice copy and updated credit card details on enterprise billing profile. Verified billing contacts and confirmed change.
2026-08-23 23:26:39,CM-47597-A,AGENT_PAT,Tech_Support_APAC,302,22,7.4,24,Subscription_Renewal,24,80,No Risk,69,0,Inquiry on multi-seat volume discount tiers for next fiscal renewal period. Agent summarized discount matrix.
2026-08-23 23:39:46,CM-41608-B,AGENT_CASEY,Tech_Support_APAC,208,32,15.5,32,Account_Access,59,83,No Risk,76,0,User locked out after multi-factor authentication reset. Agent verified security answers and issued one-time password bypass token.
2026-08-23 23:44:37,CM-93447-B,AGENT_ALEX,Tech_Support_US,359,18,5.1,12,Account_Access,33,99,No Risk,92,1,User locked out after multi-factor authentication reset. Agent verified security answers and issued one-time password bypass token.
2026-08-23 23:45:01,CM-41546-A,AGENT_CASEY,Enterprise_Escalations,372,50,13.5,28,Account_Access,47,86,No Risk,88,0,Caller needed email address change on primary customer account. Two-step verification completed and credentials refreshed.
2026-08-23 23:51:54,CM-79711-A,AGENT_ALEX,Customer_Care_Global,284,25,8.9,38,Account_Access,84,87,No Risk,90,1,Caller needed email address change on primary customer account. Two-step verification completed and credentials refreshed.
2026-08-23 23:57:06,CM-56486-B,AGENT_MORGAN,Billing_Support_US,410,73,17.7,44,Subscription_Renewal,61,73,No Risk,67,1,Enterprise contact reviewed upcoming annual contract renewal terms and license tiers. Agent forwarded formal quote sheet.
2026-08-23 23:57:38,CM-32405-A,AGENT_MORGAN,Customer_Care_Global,127,22,17.5,35,Order_Tracking,21,91,No Risk,86,1,Customer confirmed receipt of initial shipment and verified serial numbers against enterprise invoice order.
2026-08-24 00:03:24,CM-78733-A,AGENT_RILEY,Tech_Support_APAC,200,29,14.4,30,Order_Tracking,31,81,No Risk,72,1,Customer inquired regarding expedited courier delivery status for hardware order. Agent tracked consignment and confirmed arrival ETA.
2026-08-24 00:04:05,CM-76952-B,AGENT_TAYLOR,Customer_Care_Global,128,20,15.9,24,Subscription_Renewal,18,86,No Risk,77,1,Inquiry on multi-seat volume discount tiers for next fiscal renewal period. Agent summarized discount matrix.
2026-08-24 00:44:11,CM-53279-C,AGENT_CHRIS,Tech_Support_APAC,403,57,14.1,36,Order_Tracking,95,80,No Risk,73,1,Customer inquired regarding expedited courier delivery status for hardware order. Agent tracked consignment and confirmed arrival ETA.
2026-08-24 00:50:04,CM-74819-C,AGENT_PAT,Billing_Support_US,288,48,16.8,27,Billing_Inquiry,45,92,No Risk,91,1,Discussion regarding prorated subscription charges following plan upgrade. Agent explained billing cycle cutoff dates clearly.
2026-08-24 00:58:20,CM-96809-A,AGENT_RILEY,Billing_Support_US,150,19,12.7,10,Order_Tracking,42,90,No Risk,94,1,Customer confirmed receipt of initial shipment and verified serial numbers against enterprise invoice order.
2026-08-24 01:06:17,CM-57325-B,AGENT_TAYLOR,Billing_Support_US,348,41,11.7,28,Order_Tracking,11,83,No Risk,70,1,Customer inquired regarding expedited courier delivery status for hardware order. Agent tracked consignment and confirmed arrival ETA.
2026-08-24 01:20:58,CM-82870-C,AGENT_AVERY,Enterprise_Escalations,403,67,16.6,10,Account_Access,77,87,No Risk,91,1,Caller needed email address change on primary customer account. Two-step verification completed and credentials refreshed.
2026-08-24 01:42:09,CM-79924-A,AGENT_RILEY,Enterprise_Escalations,358,21,5.9,16,Account_Access,69,100,No Risk,95,1,User locked out after multi-factor authentication reset. Agent verified security answers and issued one-time password bypass token.
2026-08-24 01:52:48,CM-47274-C,AGENT_AVERY,Enterprise_Escalations,273,20,7.5,33,General_Product_Query,68,93,No Risk,85,1,General inquiry on API rate limits and webhook notification configurations. Agent referenced technical developer documentation.
2026-08-24 02:48:49,CM-93498-B,AGENT_PAT,Billing_Support_US,285,62,21.9,29,Billing_Inquiry,48,80,No Risk,73,1,Discussion regarding prorated subscription charges following plan upgrade. Agent explained billing cycle cutoff dates clearly.
2026-08-24 03:15:18,CM-51738-B,AGENT_ALEX,Customer_Care_Global,398,61,15.4,11,Account_Access,67,92,No Risk,92,1,Customer requested administrative permission transfer for organization portal. Agent processed identity verification protocol successfully.
2026-08-24 03:18:47,CM-51889-C,AGENT_CHRIS,Tech_Support_APAC,209,31,14.8,20,General_Product_Query,48,85,No Risk,88,0,Prospective customer requested feature comparison between Standard and Enterprise analytics tiers.
2026-08-24 03:24:38,CM-45965-A,AGENT_MORGAN,Enterprise_Escalations,248,27,10.8,12,Order_Tracking,60,76,No Risk,65,1,Customer inquired regarding expedited courier delivery status for hardware order. Agent tracked consignment and confirmed arrival ETA.
2026-08-24 03:38:19,CM-66859-C,AGENT_CASEY,Enterprise_Escalations,233,33,14.2,23,Account_Access,15,89,No Risk,85,0,User locked out after multi-factor authentication reset. Agent verified security answers and issued one-time password bypass token.
2026-08-24 03:40:59,CM-99198-B,AGENT_TAYLOR,Enterprise_Escalations,205,38,18.4,21,Order_Tracking,71,85,No Risk,75,1,Inquiry regarding shipment customs delay. Agent contacted logistics partner and provided updated tracking manifest.
2026-08-24 04:14:05,CM-54555-A,AGENT_SAM,Tech_Support_APAC,219,19,8.8,23,Order_Tracking,37,86,Medium Risk,98,0,Inquiry regarding shipment customs delay. Agent contacted logistics partner and provided updated tracking manifest.
2026-08-24 04:24:56,CM-39225-A,AGENT_JORDAN,Tech_Support_APAC,251,55,22.0,14,Account_Access,72,87,No Risk,90,1,Customer requested administrative permission transfer for organization portal. Agent processed identity verification protocol successfully.
2026-08-24 04:25:46,CM-85527-A,AGENT_AVERY,Customer_Care_Global,291,54,18.6,34,Billing_Inquiry,83,85,No Risk,87,1,Caller requested invoice copy and updated credit card details on enterprise billing profile. Verified billing contacts and confirmed change.
2026-08-24 04:27:07,CM-98369-A,AGENT_AVERY,Customer_Care_Global,249,33,13.3,24,Order_Tracking,92,79,No Risk,78,0,Customer confirmed receipt of initial shipment and verified serial numbers against enterprise invoice order.
2026-08-24 04:36:52,CM-56254-B,AGENT_RILEY,Billing_Support_US,198,45,22.5,39,Order_Tracking,61,81,No Risk,74,1,Customer confirmed receipt of initial shipment and verified serial numbers against enterprise invoice order.
2026-08-24 05:04:39,CM-22300-C,AGENT_RILEY,Customer_Care_Global,235,12,5.2,20,Billing_Inquiry,69,87,No Risk,87,1,Discussion regarding prorated subscription charges following plan upgrade. Agent explained billing cycle cutoff dates clearly.
2026-08-24 05:06:23,CM-28659-C,AGENT_MORGAN,Customer_Care_Global,159,13,8.2,37,Account_Access,20,82,No Risk,66,1,Customer requested administrative permission transfer for organization portal. Agent processed identity verification protocol successfully.
2026-08-24 05:09:29,CM-39133-B,AGENT_CASEY,Enterprise_Escalations,307,18,6.0,16,Order_Tracking,74,80,No Risk,66,1,Customer confirmed receipt of initial shipment and verified serial numbers against enterprise invoice order.
2026-08-24 05:30:48,CM-74237-A,AGENT_AVERY,Tech_Support_US,403,44,11.0,27,General_Product_Query,69,83,No Risk,75,1,Caller asked regarding desktop client system requirements and supported browser versions. Agent shared knowledge base link.
2026-08-24 06:07:57,CM-23711-C,AGENT_CHRIS,Tech_Support_APAC,303,38,12.4,31,Account_Access,52,87,No Risk,84,1,User locked out after multi-factor authentication reset. Agent verified security answers and issued one-time password bypass token.
2026-08-24 07:15:24,CM-52547-A,AGENT_JORDAN,Enterprise_Escalations,288,54,18.6,39,Order_Tracking,87,91,No Risk,89,1,Inquiry regarding shipment customs delay. Agent contacted logistics partner and provided updated tracking manifest.
2026-08-24 07:33:43,CM-83608-B,AGENT_ALEX,Tech_Support_APAC,355,30,8.4,33,General_Product_Query,76,88,No Risk,87,1,Prospective customer requested feature comparison between Standard and Enterprise analytics tiers.
2026-08-24 07:40:45,CM-85260-B,AGENT_JORDAN,Enterprise_Escalations,327,43,13.3,16,General_Product_Query,81,75,No Risk,69,1,Prospective customer requested feature comparison between Standard and Enterprise analytics tiers.
2026-08-24 07:45:48,CM-59005-C,AGENT_RILEY,Billing_Support_US,351,33,9.4,12,Subscription_Renewal,61,83,No Risk,80,0,Customer confirmed continuation of annual maintenance agreement and updated purchase order authorization number.
2026-08-24 08:02:37,CM-14514-C,AGENT_CASEY,Tech_Support_US,172,31,17.9,43,Subscription_Renewal,91,85,No Risk,89,1,Inquiry on multi-seat volume discount tiers for next fiscal renewal period. Agent summarized discount matrix.
2026-08-24 08:21:46,CM-48254-C,AGENT_SAM,Billing_Support_US,380,90,23.6,39,Subscription_Renewal,41,75,No Risk,73,1,Enterprise contact reviewed upcoming annual contract renewal terms and license tiers. Agent forwarded formal quote sheet.
2026-08-24 09:10:30,CM-15929-A,AGENT_CHRIS,Billing_Support_US,213,35,16.6,28,Subscription_Renewal,65,88,No Risk,97,1,Enterprise contact reviewed upcoming annual contract renewal terms and license tiers. Agent forwarded formal quote sheet.
2026-08-24 09:26:56,CM-36760-B,AGENT_SAM,Billing_Support_US,137,24,17.8,40,Account_Access,30,84,No Risk,76,1,Caller needed email address change on primary customer account. Two-step verification completed and credentials refreshed.
2026-08-24 09:38:48,CM-93780-B,AGENT_MORGAN,Enterprise_Escalations,377,68,18.1,38,Subscription_Renewal,33,79,Medium Risk,83,1,Customer confirmed continuation of annual maintenance agreement and updated purchase order authorization number.
2026-08-24 09:54:29,CM-70505-C,AGENT_MORGAN,Billing_Support_US,275,57,20.6,36,Order_Tracking,18,83,No Risk,80,1,Inquiry regarding shipment customs delay. Agent contacted logistics partner and provided updated tracking manifest.
2026-08-24 09:57:23,CM-42846-B,AGENT_ALEX,Billing_Support_US,288,49,17.1,12,Account_Access,10,83,No Risk,90,1,Caller needed email address change on primary customer account. Two-step verification completed and credentials refreshed.
2026-08-24 10:05:36,CM-21247-A,AGENT_ALEX,Tech_Support_US,276,62,22.5,10,General_Product_Query,46,83,No Risk,93,1,General inquiry on API rate limits and webhook notification configurations. Agent referenced technical developer documentation.
2026-08-24 10:11:12,CM-42087-A,AGENT_RILEY,Billing_Support_US,148,35,23.8,45,Order_Tracking,91,83,No Risk,79,1,Customer inquired regarding expedited courier delivery status for hardware order. Agent tracked consignment and confirmed arrival ETA.
2026-08-24 10:16:27,CM-92441-C,AGENT_JORDAN,Billing_Support_US,389,88,22.7,37,General_Product_Query,46,86,No Risk,87,1,Caller asked regarding desktop client system requirements and supported browser versions. Agent shared knowledge base link.
2026-08-24 10:20:27,CM-78997-B,AGENT_RILEY,Enterprise_Escalations,159,23,14.5,15,Billing_Inquiry,88,82,No Risk,84,1,Discussion regarding prorated subscription charges following plan upgrade. Agent explained billing cycle cutoff dates clearly.
2026-08-24 10:32:05,CM-85511-B,AGENT_AVERY,Enterprise_Escalations,151,13,8.7,43,Order_Tracking,28,86,No Risk,76,1,Customer confirmed receipt of initial shipment and verified serial numbers against enterprise invoice order.
2026-08-24 10:53:07,CM-45162-B,AGENT_MORGAN,Tech_Support_US,377,41,11.0,28,Account_Access,46,91,No Risk,95,1,Caller needed email address change on primary customer account. Two-step verification completed and credentials refreshed.
2026-08-24 11:41:17,CM-33944-C,AGENT_MORGAN,Tech_Support_US,217,16,7.5,27,Subscription_Renewal,87,82,No Risk,69,1,Enterprise contact reviewed upcoming annual contract renewal terms and license tiers. Agent forwarded formal quote sheet.
2026-08-24 11:55:03,CM-66455-B,AGENT_MORGAN,Tech_Support_APAC,398,89,22.4,16,Account_Access,58,74,Medium Risk,93,0,Caller needed email address change on primary customer account. Two-step verification completed and credentials refreshed.
2026-08-24 12:05:14,CM-98940-C,AGENT_PAT,Enterprise_Escalations,546,394,72.2,82,Mobile_App_Connection_Failure,-23,52,No Risk,59,1,Caller experiencing connection handshake error screen upon opening mobile app v2.1.0. Agent spent 6 minutes consulting internal incident ticket before offering workaround.
2026-08-24 12:05:24,CM-38130-C,AGENT_AVERY,Enterprise_Escalations,417,283,67.8,86,Mobile_App_Connection_Failure,-16,51,No Risk,64,1,Customer states mobile application cannot establish server connection following v2.1.0 update. Agent attempted legacy cache reset without resolution. Issue logged for engineering.
2026-08-24 12:13:58,CM-66927-A,AGENT_RILEY,Enterprise_Escalations,494,320,64.7,81,Mobile_App_Connection_Failure,-86,39,High Risk,75,0,Urgent call regarding mobile app v2.1.0 launch crash and connection loop. Agent verified account credentials but confirmed ongoing backend service patch required.
2026-08-24 12:14:32,CM-41398-A,AGENT_SAM,Tech_Support_US,362,191,52.8,87,Mobile_App_Connection_Failure,-75,39,High Risk,65,0,Urgent call regarding mobile app v2.1.0 launch crash and connection loop. Agent verified account credentials but confirmed ongoing backend service patch required.
2026-08-24 12:22:46,CM-69394-B,AGENT_MORGAN,Enterprise_Escalations,445,325,73.1,93,Mobile_App_Connection_Failure,-22,61,No Risk,77,0,Urgent call regarding mobile app v2.1.0 launch crash and connection loop. Agent verified account credentials but confirmed ongoing backend service patch required.
2026-08-24 12:25:07,CM-89689-B,AGENT_MORGAN,Tech_Support_US,303,163,53.9,83,Mobile_App_Connection_Failure,-38,51,No Risk,50,0,Urgent call regarding mobile app v2.1.0 launch crash and connection loop. Agent verified account credentials but confirmed ongoing backend service patch required.
2026-08-24 12:28:11,CM-73564-C,AGENT_MORGAN,Tech_Support_APAC,353,138,39.0,88,Mobile_App_Connection_Failure,-75,70,No Risk,65,0,Customer states mobile application cannot establish server connection following v2.1.0 update. Agent attempted legacy cache reset without resolution. Issue logged for engineering.
2026-08-24 12:30:04,CM-14236-C,AGENT_PAT,Enterprise_Escalations,393,21,5.4,26,Subscription_Renewal,63,81,No Risk,66,1,Customer confirmed continuation of annual maintenance agreement and updated purchase order authorization number.
2026-08-24 12:31:04,CM-85757-C,AGENT_JORDAN,Enterprise_Escalations,518,322,62.1,81,Mobile_App_Connection_Failure,-50,51,Medium Risk,76,0,Urgent call regarding mobile app v2.1.0 launch crash and connection loop. Agent verified account credentials but confirmed ongoing backend service patch required.
2026-08-24 12:34:31,CM-46671-C,AGENT_AVERY,Tech_Support_US,327,55,16.9,38,Subscription_Renewal,79,78,No Risk,77,0,Customer confirmed continuation of annual maintenance agreement and updated purchase order authorization number.
2026-08-24 12:42:28,CM-44517-A,AGENT_SAM,Tech_Support_APAC,481,319,66.4,59,Mobile_App_Connection_Failure,-47,45,No Risk,48,0,Urgent call regarding mobile app v2.1.0 launch crash and connection loop. Agent verified account credentials but confirmed ongoing backend service patch required.
2026-08-24 12:43:03,CM-24605-B,AGENT_AVERY,Customer_Care_Global,436,188,43.1,94,Mobile_App_Connection_Failure,-62,51,High Risk,70,0,Caller experiencing connection handshake error screen upon opening mobile app v2.1.0. Agent spent 6 minutes consulting internal incident ticket before offering workaround.
2026-08-24 13:08:07,CM-69488-A,AGENT_MORGAN,Customer_Care_Global,120,6,5.1,10,Billing_Inquiry,49,78,No Risk,68,1,Caller requested invoice copy and updated credit card details on enterprise billing profile. Verified billing contacts and confirmed change.
2026-08-24 13:14:53,CM-75826-C,AGENT_PAT,Tech_Support_US,429,156,36.4,70,Mobile_App_Connection_Failure,-71,67,No Risk,57,0,Caller experiencing connection handshake error screen upon opening mobile app v2.1.0. Agent spent 6 minutes consulting internal incident ticket before offering workaround.
2026-08-24 13:18:16,CM-98702-A,AGENT_MORGAN,Tech_Support_US,153,16,10.2,34,Order_Tracking,23,84,No Risk,67,1,Inquiry regarding shipment customs delay. Agent contacted logistics partner and provided updated tracking manifest.
2026-08-24 13:21:21,CM-96736-B,AGENT_JORDAN,Tech_Support_US,607,472,77.7,65,Mobile_App_Connection_Failure,-29,44,No Risk,44,1,Urgent call regarding mobile app v2.1.0 launch crash and connection loop. Agent verified account credentials but confirmed ongoing backend service patch required.
2026-08-24 13:22:21,CM-60146-B,AGENT_RILEY,Tech_Support_APAC,316,156,49.4,89,Mobile_App_Connection_Failure,-35,69,No Risk,69,0,Caller experiencing connection handshake error screen upon opening mobile app v2.1.0. Agent spent 6 minutes consulting internal incident ticket before offering workaround.
2026-08-24 13:25:06,CM-36504-A,AGENT_SAM,Customer_Care_Global,230,24,10.4,30,Billing_Inquiry,58,98,No Risk,97,1,Caller requested invoice copy and updated credit card details on enterprise billing profile. Verified billing contacts and confirmed change.
2026-08-24 13:26:16,CM-61615-C,AGENT_CASEY,Enterprise_Escalations,633,354,55.9,89,Mobile_App_Connection_Failure,-16,33,High Risk,42,1,Customer reports app sync failure and pairing timeout after installing v2.1.0. Agent unable to locate revised connectivity troubleshooting steps in internal KB; escalated to Tier 2.
2026-08-24 13:33:18,CM-16629-B,AGENT_MORGAN,Tech_Support_US,239,13,5.4,23,Account_Access,80,94,No Risk,86,1,User locked out after multi-factor authentication reset. Agent verified security answers and issued one-time password bypass token.
2026-08-24 13:34:43,CM-75185-B,AGENT_TAYLOR,Customer_Care_Global,342,33,9.6,41,General_Product_Query,34,88,No Risk,75,1,General inquiry on API rate limits and webhook notification configurations. Agent referenced technical developer documentation.
2026-08-24 13:41:38,CM-54558-B,AGENT_TAYLOR,Billing_Support_US,350,197,56.3,71,Mobile_App_Connection_Failure,-42,60,No Risk,69,0,Customer reports app sync failure and pairing timeout after installing v2.1.0. Agent unable to locate revised connectivity troubleshooting steps in internal KB; escalated to Tier 2.
2026-08-24 13:45:50,CM-79797-A,AGENT_RILEY,Billing_Support_US,545,196,36.0,66,Mobile_App_Connection_Failure,-32,65,No Risk,64,1,Caller experiencing connection handshake error screen upon opening mobile app v2.1.0. Agent spent 6 minutes consulting internal incident ticket before offering workaround.
2026-08-24 13:46:57,CM-28275-B,AGENT_PAT,Tech_Support_US,308,100,32.6,64,Mobile_App_Connection_Failure,-68,63,No Risk,60,0,Customer frustrated by repeated connection drops in mobile client v2.1.0 during active workflow. Agent noted widespread app version regression and collected diagnostic logs.
2026-08-24 13:49:16,CM-46048-A,AGENT_MORGAN,Tech_Support_US,378,22,5.7,12,General_Product_Query,64,78,No Risk,66,1,Prospective customer requested feature comparison between Standard and Enterprise analytics tiers.
2026-08-24 13:52:37,CM-58436-A,AGENT_SAM,Enterprise_Escalations,666,350,52.5,84,Mobile_App_Connection_Failure,-74,58,Medium Risk,80,1,Customer states mobile application cannot establish server connection following v2.1.0 update. Agent attempted legacy cache reset without resolution. Issue logged for engineering.
2026-08-24 13:53:25,CM-47261-C,AGENT_JORDAN,Billing_Support_US,535,400,74.7,75,Mobile_App_Connection_Failure,-77,60,No Risk,80,0,Customer frustrated by repeated connection drops in mobile client v2.1.0 during active workflow. Agent noted widespread app version regression and collected diagnostic logs.
2026-08-24 13:55:06,CM-65667-B,AGENT_ALEX,Tech_Support_APAC,160,22,13.5,20,Billing_Inquiry,86,80,No Risk,80,1,Customer queried line-item surcharge on recent monthly statement. Agent reviewed billing schedule and credited processing variance.
2026-08-24 13:59:23,CM-59803-A,AGENT_RILEY,Tech_Support_APAC,683,389,57.0,70,Mobile_App_Connection_Failure,-80,56,No Risk,56,0,Customer reports app sync failure and pairing timeout after installing v2.1.0. Agent unable to locate revised connectivity troubleshooting steps in internal KB; escalated to Tier 2.
2026-08-24 14:00:49,CM-84459-C,AGENT_CHRIS,Tech_Support_APAC,169,28,16.7,21,Account_Access,73,79,No Risk,74,0,Caller needed email address change on primary customer account. Two-step verification completed and credentials refreshed.
2026-08-24 14:04:49,CM-14607-C,AGENT_CHRIS,Customer_Care_Global,396,93,23.5,27,Subscription_Renewal,79,80,No Risk,76,1,Inquiry on multi-seat volume discount tiers for next fiscal renewal period. Agent summarized discount matrix.
2026-08-24 14:06:07,CM-92578-C,AGENT_MORGAN,Tech_Support_US,358,117,32.6,60,Mobile_App_Connection_Failure,-38,70,No Risk,64,1,Customer states mobile application cannot establish server connection following v2.1.0 update. Agent attempted legacy cache reset without resolution. Issue logged for engineering.
2026-08-24 14:06:48,CM-60968-B,AGENT_PAT,Tech_Support_US,133,31,23.6,11,Account_Access,78,75,No Risk,70,1,Caller needed email address change on primary customer account. Two-step verification completed and credentials refreshed.
2026-08-24 14:08:44,CM-82737-B,AGENT_MORGAN,Tech_Support_US,647,324,50.1,60,Mobile_App_Connection_Failure,-73,66,No Risk,74,0,Customer reports app sync failure and pairing timeout after installing v2.1.0. Agent unable to locate revised connectivity troubleshooting steps in internal KB; escalated to Tier 2.
2026-08-24 14:12:40,CM-72456-A,AGENT_ALEX,Tech_Support_APAC,659,282,42.8,90,Mobile_App_Connection_Failure,-16,54,Medium Risk,71,0,Customer frustrated by repeated connection drops in mobile client v2.1.0 during active workflow. Agent noted widespread app version regression and collected diagnostic logs.
2026-08-24 14:12:56,CM-71709-C,AGENT_RILEY,Billing_Support_US,613,408,66.5,61,Mobile_App_Connection_Failure,-21,65,No Risk,80,0,Customer reports app sync failure and pairing timeout after installing v2.1.0. Agent unable to locate revised connectivity troubleshooting steps in internal KB; escalated to Tier 2.
2026-08-24 14:15:03,CM-64698-A,AGENT_CASEY,Tech_Support_APAC,294,57,19.5,33,Account_Access,15,85,No Risk,84,1,Caller needed email address change on primary customer account. Two-step verification completed and credentials refreshed.
2026-08-24 14:16:18,CM-91169-A,AGENT_ALEX,Customer_Care_Global,217,28,12.9,20,Order_Tracking,82,95,No Risk,92,1,Customer confirmed receipt of initial shipment and verified serial numbers against enterprise invoice order.
2026-08-24 14:17:42,CM-75535-B,AGENT_CHRIS,Tech_Support_APAC,600,323,53.8,89,Mobile_App_Connection_Failure,-41,70,No Risk,74,0,Caller experiencing connection handshake error screen upon opening mobile app v2.1.0. Agent spent 6 minutes consulting internal incident ticket before offering workaround.
2026-08-24 14:20:10,CM-76088-B,AGENT_CASEY,Billing_Support_US,699,331,47.4,59,Mobile_App_Connection_Failure,-82,49,No Risk,42,1,Urgent call regarding mobile app v2.1.0 launch crash and connection loop. Agent verified account credentials but confirmed ongoing backend service patch required.
2026-08-24 14:23:28,CM-62231-C,AGENT_JORDAN,Customer_Care_Global,328,146,44.5,89,Mobile_App_Connection_Failure,-22,64,No Risk,63,1,Urgent call regarding mobile app v2.1.0 launch crash and connection loop. Agent verified account credentials but confirmed ongoing backend service patch required.
2026-08-24 14:32:56,CM-21090-A,AGENT_CASEY,Customer_Care_Global,565,322,57.0,55,Mobile_App_Connection_Failure,-36,53,No Risk,53,0,Urgent call regarding mobile app v2.1.0 launch crash and connection loop. Agent verified account credentials but confirmed ongoing backend service patch required.
2026-08-24 14:36:42,CM-40815-C,AGENT_RILEY,Billing_Support_US,163,23,14.0,27,Billing_Inquiry,14,82,No Risk,68,1,Caller requested invoice copy and updated credit card details on enterprise billing profile. Verified billing contacts and confirmed change.
2026-08-24 14:38:34,CM-59996-B,AGENT_ALEX,Tech_Support_US,428,317,74.1,94,Mobile_App_Connection_Failure,-79,25,High Risk,40,0,Urgent call regarding mobile app v2.1.0 launch crash and connection loop. Agent verified account credentials but confirmed ongoing backend service patch required.
2026-08-24 14:38:46,CM-62034-B,AGENT_TAYLOR,Customer_Care_Global,352,35,10.0,16,Billing_Inquiry,87,99,No Risk,98,1,Caller requested invoice copy and updated credit card details on enterprise billing profile. Verified billing contacts and confirmed change.
2026-08-24 14:41:35,CM-48462-A,AGENT_ALEX,Tech_Support_US,249,57,22.7,35,Order_Tracking,75,61,Medium Risk,67,1,Customer confirmed receipt of initial shipment and verified serial numbers against enterprise invoice order.
2026-08-24 14:50:39,CM-65598-B,AGENT_TAYLOR,Enterprise_Escalations,360,239,66.5,81,Mobile_App_Connection_Failure,-20,47,Medium Risk,62,0,Caller experiencing connection handshake error screen upon opening mobile app v2.1.0. Agent spent 6 minutes consulting internal incident ticket before offering workaround.
2026-08-24 14:52:03,CM-77070-A,AGENT_TAYLOR,Billing_Support_US,420,147,35.1,61,Mobile_App_Connection_Failure,-71,61,No Risk,40,1,Caller experiencing connection handshake error screen upon opening mobile app v2.1.0. Agent spent 6 minutes consulting internal incident ticket before offering workaround.
2026-08-24 14:52:20,CM-48085-B,AGENT_CHRIS,Billing_Support_US,207,43,21.0,10,Billing_Inquiry,15,89,No Risk,86,1,Caller requested invoice copy and updated credit card details on enterprise billing profile. Verified billing contacts and confirmed change.
2026-08-24 14:52:22,CM-26688-C,AGENT_CHRIS,Tech_Support_APAC,517,240,46.5,68,Mobile_App_Connection_Failure,-61,62,No Risk,52,0,Customer reports app sync failure and pairing timeout after installing v2.1.0. Agent unable to locate revised connectivity troubleshooting steps in internal KB; escalated to Tier 2.
2026-08-24 14:56:35,CM-38681-B,AGENT_MORGAN,Tech_Support_APAC,532,228,42.8,88,Mobile_App_Connection_Failure,-64,46,Medium Risk,37,0,Customer states mobile application cannot establish server connection following v2.1.0 update. Agent attempted legacy cache reset without resolution. Issue logged for engineering.
2026-08-24 14:58:13,CM-67870-B,AGENT_CASEY,Billing_Support_US,744,277,37.2,62,Mobile_App_Connection_Failure,-72,65,No Risk,53,0,Customer reports app sync failure and pairing timeout after installing v2.1.0. Agent unable to locate revised connectivity troubleshooting steps in internal KB; escalated to Tier 2.
2026-08-24 14:58:34,CM-57916-B,AGENT_TAYLOR,Enterprise_Escalations,178,32,18.2,18,General_Product_Query,36,85,Medium Risk,95,1,Prospective customer requested feature comparison between Standard and Enterprise analytics tiers.
2026-08-24 14:59:12,CM-22761-C,AGENT_CHRIS,Billing_Support_US,350,217,62.0,76,Mobile_App_Connection_Failure,-56,40,Medium Risk,51,0,Urgent call regarding mobile app v2.1.0 launch crash and connection loop. Agent verified account credentials but confirmed ongoing backend service patch required.
2026-08-24 15:10:46,CM-41417-A,AGENT_SAM,Enterprise_Escalations,583,432,74.1,86,Mobile_App_Connection_Failure,-63,27,Medium Risk,42,1,Caller experiencing connection handshake error screen upon opening mobile app v2.1.0. Agent spent 6 minutes consulting internal incident ticket before offering workaround.
2026-08-24 15:12:37,CM-10464-B,AGENT_TAYLOR,Customer_Care_Global,653,342,52.3,90,Mobile_App_Connection_Failure,-36,46,No Risk,44,0,Urgent call regarding mobile app v2.1.0 launch crash and connection loop. Agent verified account credentials but confirmed ongoing backend service patch required.
2026-08-24 15:19:34,CM-16297-B,AGENT_JORDAN,Customer_Care_Global,684,331,48.4,80,Mobile_App_Connection_Failure,-54,45,High Risk,60,0,Caller experiencing connection handshake error screen upon opening mobile app v2.1.0. Agent spent 6 minutes consulting internal incident ticket before offering workaround.
2026-08-24 15:20:39,CM-62550-A,AGENT_RILEY,Customer_Care_Global,408,43,10.5,39,Order_Tracking,80,89,No Risk,84,1,Customer confirmed receipt of initial shipment and verified serial numbers against enterprise invoice order.
2026-08-24 15:24:50,CM-55143-C,AGENT_PAT,Enterprise_Escalations,575,294,51.2,74,Mobile_App_Connection_Failure,-71,56,Medium Risk,65,0,Customer reports app sync failure and pairing timeout after installing v2.1.0. Agent unable to locate revised connectivity troubleshooting steps in internal KB; escalated to Tier 2.
2026-08-24 15:46:35,CM-52336-B,AGENT_PAT,Customer_Care_Global,669,373,55.8,78,Mobile_App_Connection_Failure,-27,30,High Risk,49,1,Customer states mobile application cannot establish server connection following v2.1.0 update. Agent attempted legacy cache reset without resolution. Issue logged for engineering.
2026-08-24 15:55:07,CM-65372-A,AGENT_CHRIS,Enterprise_Escalations,617,263,42.6,72,Mobile_App_Connection_Failure,-27,54,No Risk,38,0,Customer frustrated by repeated connection drops in mobile client v2.1.0 during active workflow. Agent noted widespread app version regression and collected diagnostic logs.
2026-08-24 15:58:19,CM-77760-A,AGENT_RILEY,Billing_Support_US,501,276,55.0,92,Mobile_App_Connection_Failure,-67,38,High Risk,61,0,Caller experiencing connection handshake error screen upon opening mobile app v2.1.0. Agent spent 6 minutes consulting internal incident ticket before offering workaround.
2026-08-24 16:03:09,CM-25966-B,AGENT_PAT,Billing_Support_US,183,38,20.8,26,Account_Access,79,89,No Risk,92,1,User locked out after multi-factor authentication reset. Agent verified security answers and issued one-time password bypass token.
2026-08-24 16:08:03,CM-88647-B,AGENT_CHRIS,Tech_Support_US,418,100,23.9,36,Subscription_Renewal,43,81,No Risk,77,1,Customer confirmed continuation of annual maintenance agreement and updated purchase order authorization number.
2026-08-24 16:16:13,CM-30892-A,AGENT_PAT,Enterprise_Escalations,613,357,58.2,66,Mobile_App_Connection_Failure,-34,45,No Risk,36,1,Customer reports app sync failure and pairing timeout after installing v2.1.0. Agent unable to locate revised connectivity troubleshooting steps in internal KB; escalated to Tier 2.
2026-08-24 16:16:57,CM-53665-A,AGENT_MORGAN,Tech_Support_US,201,45,22.5,41,Billing_Inquiry,32,73,No Risk,66,1,Discussion regarding prorated subscription charges following plan upgrade. Agent explained billing cycle cutoff dates clearly.
2026-08-24 16:19:09,CM-23295-A,AGENT_CHRIS,Customer_Care_Global,683,357,52.2,62,Mobile_App_Connection_Failure,-54,53,No Risk,39,0,Caller experiencing connection handshake error screen upon opening mobile app v2.1.0. Agent spent 6 minutes consulting internal incident ticket before offering workaround.
2026-08-24 16:25:45,CM-72781-B,AGENT_PAT,Tech_Support_APAC,333,246,73.8,60,Mobile_App_Connection_Failure,-81,43,No Risk,43,0,Caller experiencing connection handshake error screen upon opening mobile app v2.1.0. Agent spent 6 minutes consulting internal incident ticket before offering workaround.
2026-08-24 16:36:41,CM-80048-B,AGENT_MORGAN,Billing_Support_US,368,35,9.4,31,Subscription_Renewal,46,92,No Risk,86,1,Inquiry on multi-seat volume discount tiers for next fiscal renewal period. Agent summarized discount matrix.
2026-08-24 16:44:06,CM-26716-A,AGENT_RILEY,Tech_Support_APAC,450,274,60.8,61,Mobile_App_Connection_Failure,-82,51,No Risk,59,0,Customer frustrated by repeated connection drops in mobile client v2.1.0 during active workflow. Agent noted widespread app version regression and collected diagnostic logs.
2026-08-24 16:45:23,CM-37775-C,AGENT_ALEX,Customer_Care_Global,591,244,41.3,70,Mobile_App_Connection_Failure,-86,70,No Risk,71,0,Customer states mobile application cannot establish server connection following v2.1.0 update. Agent attempted legacy cache reset without resolution. Issue logged for engineering.
2026-08-24 16:47:49,CM-84606-B,AGENT_CHRIS,Billing_Support_US,460,319,69.3,86,Mobile_App_Connection_Failure,-43,44,Medium Risk,69,1,Customer reports app sync failure and pairing timeout after installing v2.1.0. Agent unable to locate revised connectivity troubleshooting steps in internal KB; escalated to Tier 2.
2026-08-24 16:48:26,CM-94839-A,AGENT_SAM,Customer_Care_Global,391,223,57.1,57,Mobile_App_Connection_Failure,-32,51,No Risk,50,0,Urgent call regarding mobile app v2.1.0 launch crash and connection loop. Agent verified account credentials but confirmed ongoing backend service patch required.
2026-08-24 16:48:27,CM-57571-C,AGENT_CHRIS,Enterprise_Escalations,201,27,13.5,28,Subscription_Renewal,32,81,No Risk,74,1,Enterprise contact reviewed upcoming annual contract renewal terms and license tiers. Agent forwarded formal quote sheet.
2026-08-24 16:49:10,CM-37653-C,AGENT_CHRIS,Tech_Support_US,407,88,21.7,39,Subscription_Renewal,92,83,No Risk,81,1,Inquiry on multi-seat volume discount tiers for next fiscal renewal period. Agent summarized discount matrix.
2026-08-24 17:00:25,CM-60986-A,AGENT_TAYLOR,Tech_Support_US,557,388,69.6,65,Mobile_App_Connection_Failure,-30,60,No Risk,80,0,Customer frustrated by repeated connection drops in mobile client v2.1.0 during active workflow. Agent noted widespread app version regression and collected diagnostic logs.
2026-08-24 17:09:37,CM-84599-A,AGENT_TAYLOR,Enterprise_Escalations,720,269,37.4,58,Mobile_App_Connection_Failure,-61,60,No Risk,53,0,Caller experiencing connection handshake error screen upon opening mobile app v2.1.0. Agent spent 6 minutes consulting internal incident ticket before offering workaround.
2026-08-24 17:14:54,CM-62044-C,AGENT_ALEX,Billing_Support_US,663,493,74.4,91,Mobile_App_Connection_Failure,-50,46,Medium Risk,75,0,Customer frustrated by repeated connection drops in mobile client v2.1.0 during active workflow. Agent noted widespread app version regression and collected diagnostic logs.
2026-08-24 17:17:22,CM-38204-C,AGENT_CHRIS,Customer_Care_Global,468,218,46.5,75,Mobile_App_Connection_Failure,-89,36,High Risk,48,0,Customer frustrated by repeated connection drops in mobile client v2.1.0 during active workflow. Agent noted widespread app version regression and collected diagnostic logs.
2026-08-24 17:23:40,CM-85631-C,AGENT_ALEX,Tech_Support_US,691,400,57.9,60,Mobile_App_Connection_Failure,-52,58,No Risk,61,0,Urgent call regarding mobile app v2.1.0 launch crash and connection loop. Agent verified account credentials but confirmed ongoing backend service patch required.
2026-08-24 17:23:41,CM-51262-A,AGENT_PAT,Tech_Support_APAC,245,25,10.4,12,General_Product_Query,81,81,No Risk,73,1,Prospective customer requested feature comparison between Standard and Enterprise analytics tiers.
2026-08-24 17:24:03,CM-41653-C,AGENT_CASEY,Tech_Support_APAC,723,410,56.7,71,Mobile_App_Connection_Failure,-57,40,Medium Risk,46,0,Customer states mobile application cannot establish server connection following v2.1.0 update. Agent attempted legacy cache reset without resolution. Issue logged for engineering.
2026-08-24 17:27:05,CM-74441-B,AGENT_MORGAN,Customer_Care_Global,355,50,14.1,34,Billing_Inquiry,80,90,No Risk,93,1,Discussion regarding prorated subscription charges following plan upgrade. Agent explained billing cycle cutoff dates clearly.
2026-08-24 17:29:04,CM-80232-A,AGENT_SAM,Customer_Care_Global,596,464,77.8,69,Mobile_App_Connection_Failure,-39,38,No Risk,41,1,Urgent call regarding mobile app v2.1.0 launch crash and connection loop. Agent verified account credentials but confirmed ongoing backend service patch required.
2026-08-24 17:29:21,CM-68082-C,AGENT_JORDAN,Tech_Support_APAC,229,47,20.7,25,General_Product_Query,21,83,No Risk,90,1,Caller asked regarding desktop client system requirements and supported browser versions. Agent shared knowledge base link.
2026-08-24 17:37:35,CM-94617-A,AGENT_TAYLOR,Billing_Support_US,392,163,41.7,60,Mobile_App_Connection_Failure,-35,62,No Risk,62,0,Customer reports app sync failure and pairing timeout after installing v2.1.0. Agent unable to locate revised connectivity troubleshooting steps in internal KB; escalated to Tier 2.
2026-08-24 17:39:57,CM-97551-C,AGENT_AVERY,Tech_Support_US,375,290,77.4,55,Mobile_App_Connection_Failure,-50,48,No Risk,66,1,Caller experiencing connection handshake error screen upon opening mobile app v2.1.0. Agent spent 6 minutes consulting internal incident ticket before offering workaround.
2026-08-24 17:43:26,CM-92756-B,AGENT_CASEY,Customer_Care_Global,461,306,66.4,78,Mobile_App_Connection_Failure,-23,40,Medium Risk,63,0,Customer frustrated by repeated connection drops in mobile client v2.1.0 during active workflow. Agent noted widespread app version regression and collected diagnostic logs.
2026-08-24 17:44:04,CM-92044-A,AGENT_MORGAN,Tech_Support_US,387,75,19.4,42,Account_Access,30,88,No Risk,86,1,Customer requested administrative permission transfer for organization portal. Agent processed identity verification protocol successfully.
2026-08-24 17:44:07,CM-54272-C,AGENT_SAM,Billing_Support_US,706,286,40.5,60,Mobile_App_Connection_Failure,-58,55,No Risk,47,1,Urgent call regarding mobile app v2.1.0 launch crash and connection loop. Agent verified account credentials but confirmed ongoing backend service patch required.
2026-08-24 17:45:17,CM-55398-B,AGENT_SAM,Billing_Support_US,355,249,70.1,90,Mobile_App_Connection_Failure,-56,36,High Risk,74,0,Urgent call regarding mobile app v2.1.0 launch crash and connection loop. Agent verified account credentials but confirmed ongoing backend service patch required.
2026-08-24 17:49:33,CM-29711-A,AGENT_CHRIS,Enterprise_Escalations,320,178,55.7,82,Mobile_App_Connection_Failure,-32,48,No Risk,42,0,Customer frustrated by repeated connection drops in mobile client v2.1.0 during active workflow. Agent noted widespread app version regression and collected diagnostic logs.
2026-08-24 17:54:52,CM-15958-C,AGENT_AVERY,Customer_Care_Global,268,33,12.3,11,General_Product_Query,91,85,No Risk,84,1,General inquiry on API rate limits and webhook notification configurations. Agent referenced technical developer documentation.
2026-08-24 17:55:05,CM-42339-B,AGENT_MORGAN,Tech_Support_US,461,228,49.4,66,Mobile_App_Connection_Failure,-54,64,No Risk,61,0,Customer reports app sync failure and pairing timeout after installing v2.1.0. Agent unable to locate revised connectivity troubleshooting steps in internal KB; escalated to Tier 2.
2026-08-24 17:58:08,CM-46780-A,AGENT_CASEY,Tech_Support_US,623,454,72.8,59,Mobile_App_Connection_Failure,-81,40,No Risk,36,1,Urgent call regarding mobile app v2.1.0 launch crash and connection loop. Agent verified account credentials but confirmed ongoing backend service patch required.
2026-08-24 18:00:06,CM-58738-C,AGENT_TAYLOR,Tech_Support_APAC,348,160,46.1,82,Mobile_App_Connection_Failure,-61,29,High Risk,35,0,Customer reports app sync failure and pairing timeout after installing v2.1.0. Agent unable to locate revised connectivity troubleshooting steps in internal KB; escalated to Tier 2.
2026-08-24 18:01:11,CM-84107-A,AGENT_MORGAN,Customer_Care_Global,695,294,42.3,65,Mobile_App_Connection_Failure,-54,66,No Risk,66,0,Urgent call regarding mobile app v2.1.0 launch crash and connection loop. Agent verified account credentials but confirmed ongoing backend service patch required.
2026-08-24 18:01:15,CM-75517-B,AGENT_CHRIS,Enterprise_Escalations,410,90,21.9,24,Billing_Inquiry,15,84,No Risk,95,0,Caller requested invoice copy and updated credit card details on enterprise billing profile. Verified billing contacts and confirmed change.
2026-08-24 18:03:02,CM-11694-A,AGENT_RILEY,Tech_Support_US,723,305,42.2,72,Mobile_App_Connection_Failure,-35,74,No Risk,80,1,Customer frustrated by repeated connection drops in mobile client v2.1.0 during active workflow. Agent noted widespread app version regression and collected diagnostic logs.
2026-08-24 18:03:43,CM-23622-B,AGENT_AVERY,Tech_Support_US,445,333,74.9,74,Mobile_App_Connection_Failure,-41,48,No Risk,63,0,Customer reports app sync failure and pairing timeout after installing v2.1.0. Agent unable to locate revised connectivity troubleshooting steps in internal KB; escalated to Tier 2.
2026-08-24 18:10:30,CM-15681-C,AGENT_TAYLOR,Tech_Support_US,651,309,47.4,82,Mobile_App_Connection_Failure,-67,61,No Risk,54,1,Urgent call regarding mobile app v2.1.0 launch crash and connection loop. Agent verified account credentials but confirmed ongoing backend service patch required.
2026-08-24 18:10:36,CM-30648-A,AGENT_JORDAN,Tech_Support_US,584,304,52.0,72,Mobile_App_Connection_Failure,-69,53,High Risk,78,0,Urgent call regarding mobile app v2.1.0 launch crash and connection loop. Agent verified account credentials but confirmed ongoing backend service patch required.
2026-08-24 18:11:24,CM-58492-A,AGENT_TAYLOR,Tech_Support_US,464,293,63.2,62,Mobile_App_Connection_Failure,-71,50,No Risk,53,1,Customer states mobile application cannot establish server connection following v2.1.0 update. Agent attempted legacy cache reset without resolution. Issue logged for engineering.
2026-08-24 18:11:55,CM-49936-A,AGENT_CHRIS,Tech_Support_US,615,379,61.7,64,Mobile_App_Connection_Failure,-25,47,No Risk,51,0,Customer reports app sync failure and pairing timeout after installing v2.1.0. Agent unable to locate revised connectivity troubleshooting steps in internal KB; escalated to Tier 2.
2026-08-24 18:14:24,CM-91083-B,AGENT_MORGAN,Tech_Support_APAC,346,135,39.1,79,Mobile_App_Connection_Failure,-71,41,Medium Risk,35,0,Caller experiencing connection handshake error screen upon opening mobile app v2.1.0. Agent spent 6 minutes consulting internal incident ticket before offering workaround.
2026-08-24 18:14:35,CM-11352-B,AGENT_TAYLOR,Customer_Care_Global,168,30,17.7,37,Subscription_Renewal,59,75,No Risk,68,1,Enterprise contact reviewed upcoming annual contract renewal terms and license tiers. Agent forwarded formal quote sheet.
2026-08-24 18:15:06,CM-25213-C,AGENT_TAYLOR,Customer_Care_Global,349,185,52.9,88,Mobile_App_Connection_Failure,-64,49,Medium Risk,63,0,Customer frustrated by repeated connection drops in mobile client v2.1.0 during active workflow. Agent noted widespread app version regression and collected diagnostic logs.
2026-08-24 18:15:11,CM-51035-A,AGENT_PAT,Billing_Support_US,747,394,52.7,56,Mobile_App_Connection_Failure,-19,55,No Risk,43,0,Caller experiencing connection handshake error screen upon opening mobile app v2.1.0. Agent spent 6 minutes consulting internal incident ticket before offering workaround.
2026-08-24 18:23:17,CM-85225-B,AGENT_AVERY,Tech_Support_US,197,40,20.4,38,Subscription_Renewal,69,82,No Risk,86,0,Enterprise contact reviewed upcoming annual contract renewal terms and license tiers. Agent forwarded formal quote sheet.
2026-08-24 18:29:39,CM-27388-B,AGENT_CHRIS,Tech_Support_US,340,252,74.1,61,Mobile_App_Connection_Failure,-39,49,No Risk,64,0,Customer states mobile application cannot establish server connection following v2.1.0 update. Agent attempted legacy cache reset without resolution. Issue logged for engineering.
2026-08-24 18:29:52,CM-25195-A,AGENT_PAT,Billing_Support_US,670,496,74.0,62,Mobile_App_Connection_Failure,-85,51,No Risk,56,0,Urgent call regarding mobile app v2.1.0 launch crash and connection loop. Agent verified account credentials but confirmed ongoing backend service patch required.
2026-08-24 18:34:30,CM-90610-C,AGENT_CASEY,Billing_Support_US,464,267,57.5,83,Mobile_App_Connection_Failure,-85,44,High Risk,73,0,Customer frustrated by repeated connection drops in mobile client v2.1.0 during active workflow. Agent noted widespread app version regression and collected diagnostic logs.
2026-08-24 18:43:58,CM-80206-C,AGENT_MORGAN,Tech_Support_APAC,600,378,63.0,59,Mobile_App_Connection_Failure,-85,60,No Risk,77,1,Urgent call regarding mobile app v2.1.0 launch crash and connection loop. Agent verified account credentials but confirmed ongoing backend service patch required.
2026-08-24 19:05:27,CM-53426-B,AGENT_CASEY,Tech_Support_APAC,744,504,67.7,92,Mobile_App_Connection_Failure,-87,28,Medium Risk,37,0,Caller experiencing connection handshake error screen upon opening mobile app v2.1.0. Agent spent 6 minutes consulting internal incident ticket before offering workaround.
2026-08-24 19:12:59,CM-85777-A,AGENT_CASEY,Tech_Support_US,229,17,7.4,10,Order_Tracking,78,85,Medium Risk,97,1,Customer confirmed receipt of initial shipment and verified serial numbers against enterprise invoice order.
2026-08-24 19:17:06,CM-47373-C,AGENT_JORDAN,Tech_Support_US,486,256,52.7,92,Mobile_App_Connection_Failure,-51,53,No Risk,55,0,Customer frustrated by repeated connection drops in mobile client v2.1.0 during active workflow. Agent noted widespread app version regression and collected diagnostic logs.
2026-08-24 19:25:25,CM-98908-A,AGENT_PAT,Billing_Support_US,146,33,22.5,32,Account_Access,22,69,Medium Risk,72,1,Caller needed email address change on primary customer account. Two-step verification completed and credentials refreshed.
2026-08-24 19:26:39,CM-27367-A,AGENT_TAYLOR,Billing_Support_US,583,335,57.5,61,Mobile_App_Connection_Failure,-38,48,No Risk,40,0,Urgent call regarding mobile app v2.1.0 launch crash and connection loop. Agent verified account credentials but confirmed ongoing backend service patch required.
2026-08-24 19:27:17,CM-37076-C,AGENT_CHRIS,Enterprise_Escalations,459,177,38.5,91,Mobile_App_Connection_Failure,-54,72,No Risk,74,0,Caller experiencing connection handshake error screen upon opening mobile app v2.1.0. Agent spent 6 minutes consulting internal incident ticket before offering workaround.
2026-08-24 19:27:28,CM-38557-A,AGENT_CASEY,Tech_Support_US,178,29,16.3,44,General_Product_Query,77,93,No Risk,91,1,General inquiry on API rate limits and webhook notification configurations. Agent referenced technical developer documentation.
2026-08-24 19:28:13,CM-77621-A,AGENT_SAM,Tech_Support_APAC,233,30,13.0,19,Order_Tracking,75,96,No Risk,93,1,Inquiry regarding shipment customs delay. Agent contacted logistics partner and provided updated tracking manifest.
2026-08-24 19:28:19,CM-92384-C,AGENT_RILEY,Tech_Support_US,294,60,20.4,39,Order_Tracking,79,82,No Risk,82,0,Customer inquired regarding expedited courier delivery status for hardware order. Agent tracked consignment and confirmed arrival ETA.
2026-08-24 19:32:54,CM-86271-C,AGENT_CHRIS,Tech_Support_US,393,224,57.1,84,Mobile_App_Connection_Failure,-68,31,High Risk,43,0,Customer states mobile application cannot establish server connection following v2.1.0 update. Agent attempted legacy cache reset without resolution. Issue logged for engineering.
2026-08-24 19:34:02,CM-45532-B,AGENT_CHRIS,Customer_Care_Global,364,72,19.8,19,Billing_Inquiry,29,77,No Risk,69,1,Customer queried line-item surcharge on recent monthly statement. Agent reviewed billing schedule and credited processing variance.
2026-08-24 19:34:03,CM-36945-C,AGENT_PAT,Tech_Support_APAC,248,11,4.5,12,Account_Access,52,86,No Risk,69,1,Caller needed email address change on primary customer account. Two-step verification completed and credentials refreshed.
2026-08-24 19:47:42,CM-41845-A,AGENT_TAYLOR,Customer_Care_Global,306,178,58.3,60,Mobile_App_Connection_Failure,-60,50,No Risk,56,0,Urgent call regarding mobile app v2.1.0 launch crash and connection loop. Agent verified account credentials but confirmed ongoing backend service patch required.
2026-08-24 19:52:39,CM-54920-C,AGENT_ALEX,Billing_Support_US,536,297,55.4,83,Mobile_App_Connection_Failure,-38,66,No Risk,80,0,Customer reports app sync failure and pairing timeout after installing v2.1.0. Agent unable to locate revised connectivity troubleshooting steps in internal KB; escalated to Tier 2.
2026-08-24 19:57:50,CM-42536-C,AGENT_CHRIS,Tech_Support_US,350,119,34.0,76,Mobile_App_Connection_Failure,-39,52,Medium Risk,51,0,Customer reports app sync failure and pairing timeout after installing v2.1.0. Agent unable to locate revised connectivity troubleshooting steps in internal KB; escalated to Tier 2.
2026-08-24 19:59:10,CM-30289-A,AGENT_MORGAN,Billing_Support_US,414,134,32.3,79,Mobile_App_Connection_Failure,-68,69,No Risk,56,0,Urgent call regarding mobile app v2.1.0 launch crash and connection loop. Agent verified account credentials but confirmed ongoing backend service patch required.
2026-08-24 20:02:28,CM-85255-C,AGENT_RILEY,Tech_Support_US,271,15,5.5,26,General_Product_Query,22,84,No Risk,81,1,General inquiry on API rate limits and webhook notification configurations. Agent referenced technical developer documentation.
2026-08-24 20:08:45,CM-57576-B,AGENT_MORGAN,Tech_Support_APAC,689,400,58.1,60,Mobile_App_Connection_Failure,-80,58,No Risk,69,1,Customer reports app sync failure and pairing timeout after installing v2.1.0. Agent unable to locate revised connectivity troubleshooting steps in internal KB; escalated to Tier 2.
2026-08-24 20:11:36,CM-64321-A,AGENT_TAYLOR,Enterprise_Escalations,744,498,66.9,61,Mobile_App_Connection_Failure,-78,62,No Risk,69,1,Caller experiencing connection handshake error screen upon opening mobile app v2.1.0. Agent spent 6 minutes consulting internal incident ticket before offering workaround.
2026-08-24 20:12:37,CM-78755-C,AGENT_SAM,Enterprise_Escalations,710,327,46.0,75,Mobile_App_Connection_Failure,-73,57,No Risk,48,1,Customer reports app sync failure and pairing timeout after installing v2.1.0. Agent unable to locate revised connectivity troubleshooting steps in internal KB; escalated to Tier 2.
2026-08-24 20:12:59,CM-92168-B,AGENT_PAT,Enterprise_Escalations,345,223,64.6,73,Mobile_App_Connection_Failure,-28,64,No Risk,73,0,Urgent call regarding mobile app v2.1.0 launch crash and connection loop. Agent verified account credentials but confirmed ongoing backend service patch required.
2026-08-24 20:14:25,CM-83408-B,AGENT_PAT,Enterprise_Escalations,243,12,5.1,44,Account_Access,33,86,No Risk,68,1,Caller needed email address change on primary customer account. Two-step verification completed and credentials refreshed.
2026-08-24 20:17:48,CM-90025-B,AGENT_ALEX,Tech_Support_APAC,383,28,7.3,18,Order_Tracking,65,98,No Risk,94,1,Customer confirmed receipt of initial shipment and verified serial numbers against enterprise invoice order.
2026-08-24 20:17:56,CM-90945-A,AGENT_JORDAN,Enterprise_Escalations,585,257,43.9,77,Mobile_App_Connection_Failure,-47,62,No Risk,52,1,Customer reports app sync failure and pairing timeout after installing v2.1.0. Agent unable to locate revised connectivity troubleshooting steps in internal KB; escalated to Tier 2.
2026-08-24 20:34:30,CM-44311-B,AGENT_RILEY,Tech_Support_US,351,63,17.9,22,Order_Tracking,72,80,No Risk,76,0,Customer confirmed receipt of initial shipment and verified serial numbers against enterprise invoice order.
2026-08-24 20:34:57,CM-48019-B,AGENT_RILEY,Customer_Care_Global,629,202,32.1,80,Mobile_App_Connection_Failure,-18,75,No Risk,67,1,Customer states mobile application cannot establish server connection following v2.1.0 update. Agent attempted legacy cache reset without resolution. Issue logged for engineering.
2026-08-24 20:41:51,CM-11660-C,AGENT_TAYLOR,Tech_Support_APAC,490,371,75.8,88,Mobile_App_Connection_Failure,-24,24,High Risk,43,0,Caller experiencing connection handshake error screen upon opening mobile app v2.1.0. Agent spent 6 minutes consulting internal incident ticket before offering workaround.
2026-08-24 20:48:40,CM-42493-A,AGENT_JORDAN,Customer_Care_Global,623,358,57.5,69,Mobile_App_Connection_Failure,-15,42,No Risk,38,0,Customer reports app sync failure and pairing timeout after installing v2.1.0. Agent unable to locate revised connectivity troubleshooting steps in internal KB; escalated to Tier 2.
2026-08-24 20:50:35,CM-86626-C,AGENT_CASEY,Tech_Support_APAC,199,14,6.9,18,General_Product_Query,73,87,No Risk,84,1,Prospective customer requested feature comparison between Standard and Enterprise analytics tiers.
2026-08-24 20:53:48,CM-61736-C,AGENT_MORGAN,Tech_Support_US,183,11,5.9,39,Billing_Inquiry,86,86,No Risk,68,1,Discussion regarding prorated subscription charges following plan upgrade. Agent explained billing cycle cutoff dates clearly.
2026-08-24 20:59:33,CM-22711-B,AGENT_MORGAN,Tech_Support_US,231,23,9.8,35,General_Product_Query,30,89,No Risk,91,1,Prospective customer requested feature comparison between Standard and Enterprise analytics tiers.
2026-08-24 21:03:41,CM-55955-B,AGENT_PAT,Billing_Support_US,637,313,49.2,87,Mobile_App_Connection_Failure,-62,49,Medium Risk,51,0,Caller experiencing connection handshake error screen upon opening mobile app v2.1.0. Agent spent 6 minutes consulting internal incident ticket before offering workaround.
2026-08-24 21:07:21,CM-80466-A,AGENT_PAT,Enterprise_Escalations,335,31,9.2,31,General_Product_Query,46,96,No Risk,97,1,Caller asked regarding desktop client system requirements and supported browser versions. Agent shared knowledge base link.
2026-08-24 21:08:37,CM-49926-C,AGENT_PAT,Billing_Support_US,386,236,61.2,64,Mobile_App_Connection_Failure,-64,55,No Risk,50,0,Urgent call regarding mobile app v2.1.0 launch crash and connection loop. Agent verified account credentials but confirmed ongoing backend service patch required.
2026-08-24 21:16:45,CM-44029-C,AGENT_MORGAN,Enterprise_Escalations,352,27,7.8,44,Order_Tracking,12,81,No Risk,65,1,Inquiry regarding shipment customs delay. Agent contacted logistics partner and provided updated tracking manifest.
2026-08-24 21:20:18,CM-17097-C,AGENT_PAT,Billing_Support_US,385,54,14.0,21,Billing_Inquiry,60,93,No Risk,94,1,Caller requested invoice copy and updated credit card details on enterprise billing profile. Verified billing contacts and confirmed change.
2026-08-24 21:26:59,CM-33414-A,AGENT_MORGAN,Tech_Support_APAC,619,226,36.5,79,Mobile_App_Connection_Failure,-17,52,High Risk,79,0,Urgent call regarding mobile app v2.1.0 launch crash and connection loop. Agent verified account credentials but confirmed ongoing backend service patch required.
2026-08-24 21:28:15,CM-72423-A,AGENT_RILEY,Tech_Support_APAC,746,419,56.2,90,Mobile_App_Connection_Failure,-15,33,High Risk,51,1,Urgent call regarding mobile app v2.1.0 launch crash and connection loop. Agent verified account credentials but confirmed ongoing backend service patch required.
2026-08-24 21:28:16,CM-31093-C,AGENT_SAM,Tech_Support_APAC,605,391,64.6,57,Mobile_App_Connection_Failure,-71,47,No Risk,38,1,Urgent call regarding mobile app v2.1.0 launch crash and connection loop. Agent verified account credentials but confirmed ongoing backend service patch required.
2026-08-24 21:29:19,CM-53412-B,AGENT_CHRIS,Enterprise_Escalations,354,174,49.1,68,Mobile_App_Connection_Failure,-55,48,No Risk,43,0,Urgent call regarding mobile app v2.1.0 launch crash and connection loop. Agent verified account credentials but confirmed ongoing backend service patch required.
2026-08-24 21:37:59,CM-41709-C,AGENT_CHRIS,Enterprise_Escalations,141,13,8.9,17,Subscription_Renewal,32,77,No Risk,69,1,Customer confirmed continuation of annual maintenance agreement and updated purchase order authorization number.
2026-08-24 21:47:36,CM-52160-C,AGENT_MORGAN,Enterprise_Escalations,713,260,36.4,85,Mobile_App_Connection_Failure,-26,54,High Risk,73,0,Customer reports app sync failure and pairing timeout after installing v2.1.0. Agent unable to locate revised connectivity troubleshooting steps in internal KB; escalated to Tier 2.
2026-08-24 21:50:55,CM-66369-A,AGENT_AVERY,Tech_Support_US,374,215,57.6,66,Mobile_App_Connection_Failure,-75,49,No Risk,36,1,Caller experiencing connection handshake error screen upon opening mobile app v2.1.0. Agent spent 6 minutes consulting internal incident ticket before offering workaround.
2026-08-24 21:58:32,CM-40317-B,AGENT_ALEX,Tech_Support_US,413,234,56.6,61,Mobile_App_Connection_Failure,-81,50,No Risk,48,1,Customer reports app sync failure and pairing timeout after installing v2.1.0. Agent unable to locate revised connectivity troubleshooting steps in internal KB; escalated to Tier 2.
2026-08-24 22:04:42,CM-44732-B,AGENT_AVERY,Tech_Support_US,411,285,69.3,91,Mobile_App_Connection_Failure,-79,35,Medium Risk,39,0,Caller experiencing connection handshake error screen upon opening mobile app v2.1.0. Agent spent 6 minutes consulting internal incident ticket before offering workaround.
2026-08-24 22:10:45,CM-25919-A,AGENT_ALEX,Tech_Support_US,600,419,69.9,95,Mobile_App_Connection_Failure,-43,23,High Risk,51,0,Customer states mobile application cannot establish server connection following v2.1.0 update. Agent attempted legacy cache reset without resolution. Issue logged for engineering.
2026-08-24 22:18:53,CM-24538-C,AGENT_CHRIS,Tech_Support_APAC,465,350,75.3,92,Mobile_App_Connection_Failure,-40,44,No Risk,43,0,Customer reports app sync failure and pairing timeout after installing v2.1.0. Agent unable to locate revised connectivity troubleshooting steps in internal KB; escalated to Tier 2.
2026-08-24 22:33:15,CM-38333-C,AGENT_RILEY,Tech_Support_US,403,154,38.3,95,Mobile_App_Connection_Failure,-66,48,Medium Risk,56,1,Customer reports app sync failure and pairing timeout after installing v2.1.0. Agent unable to locate revised connectivity troubleshooting steps in internal KB; escalated to Tier 2.
2026-08-24 22:37:12,CM-29601-B,AGENT_ALEX,Tech_Support_US,549,210,38.2,89,Mobile_App_Connection_Failure,-24,42,High Risk,54,0,Caller experiencing connection handshake error screen upon opening mobile app v2.1.0. Agent spent 6 minutes consulting internal incident ticket before offering workaround.
2026-08-24 22:39:19,CM-39591-B,AGENT_ALEX,Tech_Support_APAC,672,515,76.6,61,Mobile_App_Connection_Failure,-42,50,No Risk,54,0,Urgent call regarding mobile app v2.1.0 launch crash and connection loop. Agent verified account credentials but confirmed ongoing backend service patch required.
2026-08-24 22:46:05,CM-87994-B,AGENT_CHRIS,Tech_Support_APAC,747,430,57.6,75,Mobile_App_Connection_Failure,-20,35,Medium Risk,35,0,Urgent call regarding mobile app v2.1.0 launch crash and connection loop. Agent verified account credentials but confirmed ongoing backend service patch required.
2026-08-24 22:49:06,CM-92178-C,AGENT_PAT,Tech_Support_US,388,167,43.1,74,Mobile_App_Connection_Failure,-28,54,High Risk,76,0,Customer frustrated by repeated connection drops in mobile client v2.1.0 during active workflow. Agent noted widespread app version regression and collected diagnostic logs.
2026-08-24 22:52:25,CM-19626-B,AGENT_CHRIS,Customer_Care_Global,642,418,65.1,81,Mobile_App_Connection_Failure,-35,65,No Risk,77,1,Urgent call regarding mobile app v2.1.0 launch crash and connection loop. Agent verified account credentials but confirmed ongoing backend service patch required.
2026-08-24 22:54:59,CM-91741-C,AGENT_PAT,Enterprise_Escalations,552,391,70.9,75,Mobile_App_Connection_Failure,-74,20,High Risk,37,0,Urgent call regarding mobile app v2.1.0 launch crash and connection loop. Agent verified account credentials but confirmed ongoing backend service patch required.
2026-08-24 22:58:02,CM-14785-B,AGENT_AVERY,Enterprise_Escalations,460,149,32.3,90,Mobile_App_Connection_Failure,-64,63,Medium Risk,76,0,Customer reports app sync failure and pairing timeout after installing v2.1.0. Agent unable to locate revised connectivity troubleshooting steps in internal KB; escalated to Tier 2.
2026-08-24 23:01:21,CM-63963-C,AGENT_RILEY,Tech_Support_US,519,190,36.6,92,Mobile_App_Connection_Failure,-75,40,High Risk,55,0,Customer reports app sync failure and pairing timeout after installing v2.1.0. Agent unable to locate revised connectivity troubleshooting steps in internal KB; escalated to Tier 2.
2026-08-24 23:01:23,CM-97643-A,AGENT_CHRIS,Tech_Support_APAC,255,36,14.0,35,Billing_Inquiry,49,90,No Risk,85,0,Customer queried line-item surcharge on recent monthly statement. Agent reviewed billing schedule and credited processing variance.
2026-08-24 23:03:06,CM-29715-C,AGENT_SAM,Enterprise_Escalations,638,230,36.0,75,Mobile_App_Connection_Failure,-59,41,High Risk,51,0,Urgent call regarding mobile app v2.1.0 launch crash and connection loop. Agent verified account credentials but confirmed ongoing backend service patch required.
2026-08-24 23:04:33,CM-74923-A,AGENT_TAYLOR,Enterprise_Escalations,193,41,21.4,16,Order_Tracking,66,92,No Risk,91,1,Customer confirmed receipt of initial shipment and verified serial numbers against enterprise invoice order.
2026-08-24 23:09:19,CM-16621-C,AGENT_PAT,Billing_Support_US,187,26,14.1,37,General_Product_Query,38,87,No Risk,86,1,Caller asked regarding desktop client system requirements and supported browser versions. Agent shared knowledge base link.
2026-08-24 23:20:16,CM-80510-C,AGENT_MORGAN,Billing_Support_US,557,386,69.3,68,Mobile_App_Connection_Failure,-54,53,No Risk,70,1,Caller experiencing connection handshake error screen upon opening mobile app v2.1.0. Agent spent 6 minutes consulting internal incident ticket before offering workaround.
2026-08-24 23:25:04,CM-45628-A,AGENT_CASEY,Billing_Support_US,406,77,18.9,13,Account_Access,61,77,No Risk,69,1,Caller needed email address change on primary customer account. Two-step verification completed and credentials refreshed.
2026-08-24 23:29:42,CM-47757-A,AGENT_CASEY,Enterprise_Escalations,579,323,55.8,74,Mobile_App_Connection_Failure,-26,58,Medium Risk,79,0,Customer states mobile application cannot establish server connection following v2.1.0 update. Agent attempted legacy cache reset without resolution. Issue logged for engineering.
2026-08-24 23:52:10,CM-37531-C,AGENT_AVERY,Tech_Support_APAC,347,135,38.9,65,Mobile_App_Connection_Failure,-17,61,No Risk,54,0,Customer reports app sync failure and pairing timeout after installing v2.1.0. Agent unable to locate revised connectivity troubleshooting steps in internal KB; escalated to Tier 2.
2026-08-24 23:57:43,CM-98871-A,AGENT_JORDAN,Enterprise_Escalations,642,318,49.5,82,Mobile_App_Connection_Failure,-62,57,No Risk,55,1,Customer reports app sync failure and pairing timeout after installing v2.1.0. Agent unable to locate revised connectivity troubleshooting steps in internal KB; escalated to Tier 2.
2026-08-24 23:59:35,CM-39724-C,AGENT_CHRIS,Billing_Support_US,719,472,65.7,90,Mobile_App_Connection_Failure,-43,44,Medium Risk,60,0,Customer reports app sync failure and pairing timeout after installing v2.1.0. Agent unable to locate revised connectivity troubleshooting steps in internal KB; escalated to Tier 2.
2026-08-25 00:03:32,CM-98160-B,AGENT_JORDAN,Tech_Support_APAC,405,66,16.3,40,Order_Tracking,57,78,Medium Risk,86,1,Customer confirmed receipt of initial shipment and verified serial numbers against enterprise invoice order.
2026-08-25 00:05:46,CM-93069-B,AGENT_TAYLOR,Billing_Support_US,391,213,54.5,62,Mobile_App_Connection_Failure,-58,50,No Risk,36,0,Caller experiencing connection handshake error screen upon opening mobile app v2.1.0. Agent spent 6 minutes consulting internal incident ticket before offering workaround.
2026-08-25 00:08:28,CM-91823-B,AGENT_AVERY,Billing_Support_US,420,282,67.2,90,Mobile_App_Connection_Failure,-54,29,High Risk,59,0,Urgent call regarding mobile app v2.1.0 launch crash and connection loop. Agent verified account credentials but confirmed ongoing backend service patch required.
2026-08-25 00:11:19,CM-23070-B,AGENT_MORGAN,Enterprise_Escalations,499,300,60.2,84,Mobile_App_Connection_Failure,-47,39,High Risk,63,0,Customer states mobile application cannot establish server connection following v2.1.0 update. Agent attempted legacy cache reset without resolution. Issue logged for engineering.
2026-08-25 00:25:21,CM-30667-A,AGENT_AVERY,Enterprise_Escalations,339,120,35.4,72,Mobile_App_Connection_Failure,-33,50,Medium Risk,40,0,Caller experiencing connection handshake error screen upon opening mobile app v2.1.0. Agent spent 6 minutes consulting internal incident ticket before offering workaround.
2026-08-25 00:25:30,CM-33121-B,AGENT_TAYLOR,Tech_Support_US,395,160,40.4,83,Mobile_App_Connection_Failure,-76,40,High Risk,47,1,Customer states mobile application cannot establish server connection following v2.1.0 update. Agent attempted legacy cache reset without resolution. Issue logged for engineering.
2026-08-25 00:37:39,CM-25363-C,AGENT_SAM,Tech_Support_US,500,341,68.3,66,Mobile_App_Connection_Failure,-47,60,No Risk,65,0,Caller experiencing connection handshake error screen upon opening mobile app v2.1.0. Agent spent 6 minutes consulting internal incident ticket before offering workaround.
2026-08-25 01:01:43,CM-30017-C,AGENT_TAYLOR,Tech_Support_US,149,31,21.1,42,Order_Tracking,44,83,No Risk,90,1,Customer inquired regarding expedited courier delivery status for hardware order. Agent tracked consignment and confirmed arrival ETA.
2026-08-25 01:09:20,CM-88525-C,AGENT_TAYLOR,Tech_Support_APAC,634,436,68.8,57,Mobile_App_Connection_Failure,-75,46,No Risk,45,0,Customer states mobile application cannot establish server connection following v2.1.0 update. Agent attempted legacy cache reset without resolution. Issue logged for engineering.
2026-08-25 01:11:50,CM-13864-C,AGENT_RILEY,Tech_Support_APAC,498,181,36.3,91,Mobile_App_Connection_Failure,-39,48,High Risk,61,1,Customer frustrated by repeated connection drops in mobile client v2.1.0 during active workflow. Agent noted widespread app version regression and collected diagnostic logs.
2026-08-25 01:11:56,CM-98894-B,AGENT_SAM,Tech_Support_APAC,606,199,32.9,63,Mobile_App_Connection_Failure,-37,70,No Risk,75,0,Caller experiencing connection handshake error screen upon opening mobile app v2.1.0. Agent spent 6 minutes consulting internal incident ticket before offering workaround.
2026-08-25 01:13:59,CM-16590-B,AGENT_PAT,Customer_Care_Global,341,160,47.0,72,Mobile_App_Connection_Failure,-42,56,Medium Risk,65,0,Customer states mobile application cannot establish server connection following v2.1.0 update. Agent attempted legacy cache reset without resolution. Issue logged for engineering.
2026-08-25 01:19:50,CM-99091-B,AGENT_JORDAN,Tech_Support_US,599,397,66.2,81,Mobile_App_Connection_Failure,-51,44,Medium Risk,53,0,Customer frustrated by repeated connection drops in mobile client v2.1.0 during active workflow. Agent noted widespread app version regression and collected diagnostic logs.
2026-08-25 01:25:52,CM-34430-C,AGENT_PAT,Billing_Support_US,302,182,60.2,83,Mobile_App_Connection_Failure,-65,43,High Risk,80,0,Customer reports app sync failure and pairing timeout after installing v2.1.0. Agent unable to locate revised connectivity troubleshooting steps in internal KB; escalated to Tier 2.
2026-08-25 01:27:19,CM-97896-B,AGENT_ALEX,Tech_Support_APAC,737,489,66.3,92,Mobile_App_Connection_Failure,-55,44,Medium Risk,67,0,Urgent call regarding mobile app v2.1.0 launch crash and connection loop. Agent verified account credentials but confirmed ongoing backend service patch required.
2026-08-25 01:28:49,CM-67627-C,AGENT_JORDAN,Tech_Support_US,280,35,12.5,24,Subscription_Renewal,75,77,No Risk,72,1,Customer confirmed continuation of annual maintenance agreement and updated purchase order authorization number.
2026-08-25 01:38:38,CM-24216-C,AGENT_SAM,Billing_Support_US,608,420,69.0,67,Mobile_App_Connection_Failure,-15,56,No Risk,71,0,Urgent call regarding mobile app v2.1.0 launch crash and connection loop. Agent verified account credentials but confirmed ongoing backend service patch required.
2026-08-25 01:58:21,CM-43993-B,AGENT_RILEY,Enterprise_Escalations,441,270,61.3,73,Mobile_App_Connection_Failure,-80,40,No Risk,39,0,Caller experiencing connection handshake error screen upon opening mobile app v2.1.0. Agent spent 6 minutes consulting internal incident ticket before offering workaround.
2026-08-25 02:00:57,CM-24156-A,AGENT_ALEX,Enterprise_Escalations,335,66,19.8,18,General_Product_Query,34,91,No Risk,95,1,Prospective customer requested feature comparison between Standard and Enterprise analytics tiers.
2026-08-25 02:08:50,CM-89389-B,AGENT_CHRIS,Billing_Support_US,635,210,33.1,84,Mobile_App_Connection_Failure,-55,71,No Risk,71,0,Customer frustrated by repeated connection drops in mobile client v2.1.0 during active workflow. Agent noted widespread app version regression and collected diagnostic logs.
2026-08-25 02:16:17,CM-80683-C,AGENT_TAYLOR,Tech_Support_APAC,356,34,9.5,14,Subscription_Renewal,19,95,No Risk,96,1,Inquiry on multi-seat volume discount tiers for next fiscal renewal period. Agent summarized discount matrix.
2026-08-25 02:23:05,CM-21107-C,AGENT_CASEY,Tech_Support_US,502,371,74.0,64,Mobile_App_Connection_Failure,-90,48,No Risk,58,0,Caller experiencing connection handshake error screen upon opening mobile app v2.1.0. Agent spent 6 minutes consulting internal incident ticket before offering workaround.
2026-08-25 02:24:51,CM-91654-C,AGENT_MORGAN,Tech_Support_APAC,638,261,40.9,76,Mobile_App_Connection_Failure,-42,58,No Risk,46,0,Customer frustrated by repeated connection drops in mobile client v2.1.0 during active workflow. Agent noted widespread app version regression and collected diagnostic logs.
2026-08-25 02:43:14,CM-85065-C,AGENT_TAYLOR,Tech_Support_US,561,314,55.9,68,Mobile_App_Connection_Failure,-76,59,No Risk,63,0,Customer states mobile application cannot establish server connection following v2.1.0 update. Agent attempted legacy cache reset without resolution. Issue logged for engineering.
2026-08-25 02:56:58,CM-28312-A,AGENT_JORDAN,Enterprise_Escalations,689,360,52.3,95,Mobile_App_Connection_Failure,-36,33,High Risk,55,0,Customer frustrated by repeated connection drops in mobile client v2.1.0 during active workflow. Agent noted widespread app version regression and collected diagnostic logs.
2026-08-25 03:09:14,CM-46231-A,AGENT_MORGAN,Tech_Support_APAC,227,32,14.0,12,Subscription_Renewal,30,89,No Risk,92,1,Customer confirmed continuation of annual maintenance agreement and updated purchase order authorization number.
2026-08-25 03:16:49,CM-52058-A,AGENT_MORGAN,Customer_Care_Global,440,205,46.7,62,Mobile_App_Connection_Failure,-34,57,No Risk,42,0,Customer states mobile application cannot establish server connection following v2.1.0 update. Agent attempted legacy cache reset without resolution. Issue logged for engineering.
2026-08-25 03:18:47,CM-65038-B,AGENT_CHRIS,Billing_Support_US,297,30,10.0,12,Account_Access,32,94,No Risk,95,1,Caller needed email address change on primary customer account. Two-step verification completed and credentials refreshed.
2026-08-25 03:21:14,CM-85727-C,AGENT_CHRIS,Tech_Support_APAC,543,363,66.8,58,Mobile_App_Connection_Failure,-76,53,No Risk,54,0,Customer frustrated by repeated connection drops in mobile client v2.1.0 during active workflow. Agent noted widespread app version regression and collected diagnostic logs.
2026-08-25 03:22:42,CM-12872-C,AGENT_CASEY,Tech_Support_US,573,371,64.7,79,Mobile_App_Connection_Failure,-86,42,High Risk,74,0,Customer states mobile application cannot establish server connection following v2.1.0 update. Agent attempted legacy cache reset without resolution. Issue logged for engineering.
2026-08-25 03:26:08,CM-47397-B,AGENT_SAM,Enterprise_Escalations,349,141,40.5,78,Mobile_App_Connection_Failure,-28,64,Medium Risk,77,0,Customer states mobile application cannot establish server connection following v2.1.0 update. Agent attempted legacy cache reset without resolution. Issue logged for engineering.
2026-08-25 03:29:33,CM-14804-C,AGENT_SAM,Enterprise_Escalations,268,36,13.4,33,General_Product_Query,29,81,No Risk,73,0,General inquiry on API rate limits and webhook notification configurations. Agent referenced technical developer documentation.
2026-08-25 03:33:40,CM-77000-B,AGENT_TAYLOR,Tech_Support_APAC,415,259,62.5,60,Mobile_App_Connection_Failure,-48,44,No Risk,47,0,Customer reports app sync failure and pairing timeout after installing v2.1.0. Agent unable to locate revised connectivity troubleshooting steps in internal KB; escalated to Tier 2.
2026-08-25 03:35:30,CM-22982-A,AGENT_PAT,Enterprise_Escalations,374,213,56.9,64,Mobile_App_Connection_Failure,-81,47,No Risk,39,1,Customer frustrated by repeated connection drops in mobile client v2.1.0 during active workflow. Agent noted widespread app version regression and collected diagnostic logs.
2026-08-25 03:41:25,CM-18540-B,AGENT_PAT,Tech_Support_APAC,595,309,51.9,81,Mobile_App_Connection_Failure,-31,52,No Risk,37,1,Customer states mobile application cannot establish server connection following v2.1.0 update. Agent attempted legacy cache reset without resolution. Issue logged for engineering.
2026-08-25 03:43:53,CM-87566-B,AGENT_SAM,Tech_Support_US,324,18,5.5,26,Subscription_Renewal,42,99,No Risk,94,0,Enterprise contact reviewed upcoming annual contract renewal terms and license tiers. Agent forwarded formal quote sheet.
2026-08-25 03:45:39,CM-21971-C,AGENT_TAYLOR,Tech_Support_US,713,515,72.2,59,Mobile_App_Connection_Failure,-49,54,No Risk,63,0,Customer frustrated by repeated connection drops in mobile client v2.1.0 during active workflow. Agent noted widespread app version regression and collected diagnostic logs.
2026-08-25 03:51:31,CM-24801-A,AGENT_PAT,Customer_Care_Global,304,208,68.5,62,Mobile_App_Connection_Failure,-16,44,No Risk,37,1,Urgent call regarding mobile app v2.1.0 launch crash and connection loop. Agent verified account credentials but confirmed ongoing backend service patch required.
2026-08-25 03:59:21,CM-25097-A,AGENT_ALEX,Enterprise_Escalations,658,230,35.0,72,Mobile_App_Connection_Failure,-78,75,No Risk,80,1,Customer frustrated by repeated connection drops in mobile client v2.1.0 during active workflow. Agent noted widespread app version regression and collected diagnostic logs.
2026-08-25 04:05:26,CM-41722-B,AGENT_AVERY,Tech_Support_US,317,30,9.6,25,Account_Access,10,90,No Risk,93,1,User locked out after multi-factor authentication reset. Agent verified security answers and issued one-time password bypass token.
2026-08-25 04:11:02,CM-63258-C,AGENT_SAM,Billing_Support_US,554,356,64.3,70,Mobile_App_Connection_Failure,-26,57,No Risk,60,0,Caller experiencing connection handshake error screen upon opening mobile app v2.1.0. Agent spent 6 minutes consulting internal incident ticket before offering workaround.
2026-08-25 04:11:42,CM-87564-A,AGENT_AVERY,Tech_Support_APAC,501,170,34.0,87,Mobile_App_Connection_Failure,-30,68,No Risk,65,0,Customer states mobile application cannot establish server connection following v2.1.0 update. Agent attempted legacy cache reset without resolution. Issue logged for engineering.
2026-08-25 04:13:51,CM-77681-B,AGENT_CHRIS,Customer_Care_Global,417,226,54.2,87,Mobile_App_Connection_Failure,-90,49,No Risk,39,0,Urgent call regarding mobile app v2.1.0 launch crash and connection loop. Agent verified account credentials but confirmed ongoing backend service patch required.
2026-08-25 04:20:01,CM-29672-B,AGENT_AVERY,Tech_Support_APAC,730,353,48.4,91,Mobile_App_Connection_Failure,-32,47,High Risk,68,1,Customer reports app sync failure and pairing timeout after installing v2.1.0. Agent unable to locate revised connectivity troubleshooting steps in internal KB; escalated to Tier 2.
2026-08-25 04:23:20,CM-32913-A,AGENT_CHRIS,Tech_Support_US,357,271,75.8,86,Mobile_App_Connection_Failure,-36,41,Medium Risk,56,0,Customer reports app sync failure and pairing timeout after installing v2.1.0. Agent unable to locate revised connectivity troubleshooting steps in internal KB; escalated to Tier 2.
2026-08-25 04:28:44,CM-46204-A,AGENT_PAT,Tech_Support_APAC,287,66,22.9,23,General_Product_Query,29,70,No Risk,65,1,Prospective customer requested feature comparison between Standard and Enterprise analytics tiers.
2026-08-25 04:33:30,CM-41360-A,AGENT_CASEY,Tech_Support_APAC,688,487,70.8,85,Mobile_App_Connection_Failure,-62,51,No Risk,49,0,Customer reports app sync failure and pairing timeout after installing v2.1.0. Agent unable to locate revised connectivity troubleshooting steps in internal KB; escalated to Tier 2.
2026-08-25 04:48:28,CM-92361-A,AGENT_ALEX,Tech_Support_APAC,198,28,14.0,21,Billing_Inquiry,13,88,No Risk,84,1,Discussion regarding prorated subscription charges following plan upgrade. Agent explained billing cycle cutoff dates clearly.
2026-08-25 04:48:37,CM-42767-C,AGENT_ALEX,Tech_Support_APAC,176,41,23.3,17,Account_Access,45,69,No Risk,65,1,Customer requested administrative permission transfer for organization portal. Agent processed identity verification protocol successfully.
2026-08-25 04:48:47,CM-59734-C,AGENT_RILEY,Tech_Support_APAC,412,37,8.9,38,General_Product_Query,18,89,No Risk,87,1,General inquiry on API rate limits and webhook notification configurations. Agent referenced technical developer documentation.
2026-08-25 04:51:31,CM-16198-B,AGENT_CHRIS,Tech_Support_APAC,490,260,53.0,89,Mobile_App_Connection_Failure,-30,60,No Risk,70,0,Urgent call regarding mobile app v2.1.0 launch crash and connection loop. Agent verified account credentials but confirmed ongoing backend service patch required.
2026-08-25 04:56:27,CM-83615-A,AGENT_PAT,Customer_Care_Global,713,401,56.3,90,Mobile_App_Connection_Failure,-77,57,Medium Risk,77,1,Customer states mobile application cannot establish server connection following v2.1.0 update. Agent attempted legacy cache reset without resolution. Issue logged for engineering.
2026-08-25 04:58:28,CM-88587-C,AGENT_AVERY,Tech_Support_APAC,633,338,53.4,94,Mobile_App_Connection_Failure,-36,47,High Risk,78,0,Customer states mobile application cannot establish server connection following v2.1.0 update. Agent attempted legacy cache reset without resolution. Issue logged for engineering.
2026-08-25 05:03:41,CM-76448-A,AGENT_PAT,Billing_Support_US,388,47,12.0,20,General_Product_Query,13,86,No Risk,77,0,Prospective customer requested feature comparison between Standard and Enterprise analytics tiers.
2026-08-25 05:12:56,CM-85551-A,AGENT_SAM,Tech_Support_APAC,506,361,71.4,84,Mobile_App_Connection_Failure,-90,34,Medium Risk,37,0,Urgent call regarding mobile app v2.1.0 launch crash and connection loop. Agent verified account credentials but confirmed ongoing backend service patch required.
2026-08-25 05:17:59,CM-16460-C,AGENT_RILEY,Customer_Care_Global,170,18,10.8,29,Billing_Inquiry,48,83,No Risk,79,1,Customer queried line-item surcharge on recent monthly statement. Agent reviewed billing schedule and credited processing variance.
2026-08-25 05:18:15,CM-49472-A,AGENT_ALEX,Tech_Support_US,555,380,68.5,59,Mobile_App_Connection_Failure,-32,54,No Risk,73,1,Urgent call regarding mobile app v2.1.0 launch crash and connection loop. Agent verified account credentials but confirmed ongoing backend service patch required.
2026-08-25 05:19:05,CM-31218-B,AGENT_CHRIS,Tech_Support_APAC,409,222,54.3,67,Mobile_App_Connection_Failure,-46,58,No Risk,64,0,Urgent call regarding mobile app v2.1.0 launch crash and connection loop. Agent verified account credentials but confirmed ongoing backend service patch required.
2026-08-25 05:19:49,CM-55457-B,AGENT_TAYLOR,Tech_Support_APAC,251,32,12.9,23,Order_Tracking,43,75,No Risk,71,1,Customer confirmed receipt of initial shipment and verified serial numbers against enterprise invoice order.
2026-08-25 05:20:07,CM-88390-B,AGENT_CHRIS,Tech_Support_US,447,275,61.6,88,Mobile_App_Connection_Failure,-85,37,Medium Risk,36,0,Customer reports app sync failure and pairing timeout after installing v2.1.0. Agent unable to locate revised connectivity troubleshooting steps in internal KB; escalated to Tier 2.
2026-08-25 05:20:29,CM-65869-B,AGENT_CHRIS,Tech_Support_APAC,705,427,60.6,61,Mobile_App_Connection_Failure,-71,49,No Risk,40,1,Customer states mobile application cannot establish server connection following v2.1.0 update. Agent attempted legacy cache reset without resolution. Issue logged for engineering.
2026-08-25 05:20:34,CM-40413-A,AGENT_AVERY,Tech_Support_APAC,307,204,66.4,91,Mobile_App_Connection_Failure,-22,44,No Risk,50,1,Customer states mobile application cannot establish server connection following v2.1.0 update. Agent attempted legacy cache reset without resolution. Issue logged for engineering.
2026-08-25 05:22:32,CM-32312-B,AGENT_JORDAN,Tech_Support_US,310,228,73.4,55,Mobile_App_Connection_Failure,-72,47,No Risk,46,0,Caller experiencing connection handshake error screen upon opening mobile app v2.1.0. Agent spent 6 minutes consulting internal incident ticket before offering workaround.
2026-08-25 05:29:13,CM-58449-B,AGENT_TAYLOR,Enterprise_Escalations,217,47,21.6,17,General_Product_Query,18,79,No Risk,77,0,Prospective customer requested feature comparison between Standard and Enterprise analytics tiers.
2026-08-25 05:31:45,CM-38199-C,AGENT_CHRIS,Tech_Support_APAC,355,195,54.8,73,Mobile_App_Connection_Failure,-30,43,High Risk,62,0,Customer reports app sync failure and pairing timeout after installing v2.1.0. Agent unable to locate revised connectivity troubleshooting steps in internal KB; escalated to Tier 2.
2026-08-25 05:33:20,CM-23402-B,AGENT_ALEX,Enterprise_Escalations,230,53,23.2,40,Subscription_Renewal,92,82,No Risk,77,1,Customer confirmed continuation of annual maintenance agreement and updated purchase order authorization number.
2026-08-25 05:37:02,CM-28818-B,AGENT_PAT,Tech_Support_APAC,484,209,43.1,66,Mobile_App_Connection_Failure,-37,53,No Risk,39,0,Urgent call regarding mobile app v2.1.0 launch crash and connection loop. Agent verified account credentials but confirmed ongoing backend service patch required.
2026-08-25 05:38:24,CM-36976-C,AGENT_ALEX,Tech_Support_US,123,20,16.2,43,Account_Access,58,74,No Risk,69,1,Customer requested administrative permission transfer for organization portal. Agent processed identity verification protocol successfully.
2026-08-25 05:42:41,CM-28025-A,AGENT_ALEX,Tech_Support_US,491,199,40.6,83,Mobile_App_Connection_Failure,-65,49,High Risk,70,1,Caller experiencing connection handshake error screen upon opening mobile app v2.1.0. Agent spent 6 minutes consulting internal incident ticket before offering workaround.
2026-08-25 05:51:57,CM-39600-B,AGENT_MORGAN,Tech_Support_US,512,221,43.2,94,Mobile_App_Connection_Failure,-88,63,Medium Risk,70,1,Urgent call regarding mobile app v2.1.0 launch crash and connection loop. Agent verified account credentials but confirmed ongoing backend service patch required.
2026-08-25 05:54:23,CM-60224-B,AGENT_CASEY,Billing_Support_US,666,364,54.7,69,Mobile_App_Connection_Failure,-22,59,No Risk,61,0,Urgent call regarding mobile app v2.1.0 launch crash and connection loop. Agent verified account credentials but confirmed ongoing backend service patch required.
2026-08-25 06:04:15,CM-82534-C,AGENT_AVERY,Enterprise_Escalations,560,422,75.3,74,Mobile_App_Connection_Failure,-87,41,No Risk,47,0,Customer frustrated by repeated connection drops in mobile client v2.1.0 during active workflow. Agent noted widespread app version regression and collected diagnostic logs.
2026-08-25 06:12:36,CM-60014-A,AGENT_JORDAN,Tech_Support_US,694,533,76.8,57,Mobile_App_Connection_Failure,-59,41,No Risk,41,0,Urgent call regarding mobile app v2.1.0 launch crash and connection loop. Agent verified account credentials but confirmed ongoing backend service patch required.
2026-08-25 06:12:40,CM-32670-A,AGENT_SAM,Billing_Support_US,669,458,68.5,74,Mobile_App_Connection_Failure,-15,59,No Risk,66,1,Customer frustrated by repeated connection drops in mobile client v2.1.0 during active workflow. Agent noted widespread app version regression and collected diagnostic logs.
2026-08-25 06:19:13,CM-92460-B,AGENT_SAM,Customer_Care_Global,456,194,42.5,70,Mobile_App_Connection_Failure,-49,57,No Risk,47,0,Caller experiencing connection handshake error screen upon opening mobile app v2.1.0. Agent spent 6 minutes consulting internal incident ticket before offering workaround.
2026-08-25 06:20:20,CM-20769-B,AGENT_ALEX,Billing_Support_US,491,379,77.2,65,Mobile_App_Connection_Failure,-41,42,No Risk,53,1,Customer states mobile application cannot establish server connection following v2.1.0 update. Agent attempted legacy cache reset without resolution. Issue logged for engineering.
2026-08-25 06:21:13,CM-27372-C,AGENT_SAM,Customer_Care_Global,348,65,18.8,21,Billing_Inquiry,87,84,No Risk,88,1,Customer queried line-item surcharge on recent monthly statement. Agent reviewed billing schedule and credited processing variance.
2026-08-25 06:27:02,CM-56590-B,AGENT_AVERY,Tech_Support_APAC,321,20,6.3,39,Billing_Inquiry,94,80,No Risk,67,1,Customer queried line-item surcharge on recent monthly statement. Agent reviewed billing schedule and credited processing variance.
2026-08-25 06:35:14,CM-55688-C,AGENT_RILEY,Customer_Care_Global,305,69,22.5,25,Subscription_Renewal,41,76,No Risk,66,0,Inquiry on multi-seat volume discount tiers for next fiscal renewal period. Agent summarized discount matrix.
2026-08-25 06:35:40,CM-89117-C,AGENT_ALEX,Tech_Support_US,330,168,50.9,86,Mobile_App_Connection_Failure,-40,58,No Risk,67,1,Caller experiencing connection handshake error screen upon opening mobile app v2.1.0. Agent spent 6 minutes consulting internal incident ticket before offering workaround.
2026-08-25 06:39:32,CM-58351-A,AGENT_AVERY,Enterprise_Escalations,279,55,19.6,29,Billing_Inquiry,30,91,No Risk,89,1,Caller requested invoice copy and updated credit card details on enterprise billing profile. Verified billing contacts and confirmed change.
2026-08-25 06:44:11,CM-93461-A,AGENT_ALEX,Tech_Support_US,681,264,38.8,71,Mobile_App_Connection_Failure,-89,58,Medium Risk,68,1,Customer frustrated by repeated connection drops in mobile client v2.1.0 during active workflow. Agent noted widespread app version regression and collected diagnostic logs.
2026-08-25 06:46:55,CM-59219-A,AGENT_ALEX,Tech_Support_US,497,296,59.5,86,Mobile_App_Connection_Failure,-60,23,High Risk,42,1,Caller experiencing connection handshake error screen upon opening mobile app v2.1.0. Agent spent 6 minutes consulting internal incident ticket before offering workaround.
2026-08-25 06:46:58,CM-72031-B,AGENT_RILEY,Tech_Support_US,186,26,13.8,28,General_Product_Query,56,91,No Risk,93,0,General inquiry on API rate limits and webhook notification configurations. Agent referenced technical developer documentation.
2026-08-25 06:48:09,CM-38607-B,AGENT_SAM,Tech_Support_APAC,310,53,17.2,40,General_Product_Query,33,89,No Risk,89,1,Prospective customer requested feature comparison between Standard and Enterprise analytics tiers.
2026-08-25 06:50:03,CM-93115-A,AGENT_AVERY,Billing_Support_US,391,265,67.9,89,Mobile_App_Connection_Failure,-48,46,Medium Risk,62,0,Urgent call regarding mobile app v2.1.0 launch crash and connection loop. Agent verified account credentials but confirmed ongoing backend service patch required.
2026-08-25 06:50:14,CM-41632-B,AGENT_PAT,Enterprise_Escalations,363,126,34.8,71,Mobile_App_Connection_Failure,-43,35,High Risk,38,0,Customer states mobile application cannot establish server connection following v2.1.0 update. Agent attempted legacy cache reset without resolution. Issue logged for engineering.
2026-08-25 06:50:51,CM-49768-A,AGENT_SAM,Customer_Care_Global,627,250,39.9,89,Mobile_App_Connection_Failure,-85,60,No Risk,44,0,Caller experiencing connection handshake error screen upon opening mobile app v2.1.0. Agent spent 6 minutes consulting internal incident ticket before offering workaround.
2026-08-25 06:56:06,CM-49860-C,AGENT_TAYLOR,Tech_Support_US,412,94,22.9,43,Subscription_Renewal,55,86,No Risk,93,0,Inquiry on multi-seat volume discount tiers for next fiscal renewal period. Agent summarized discount matrix.
2026-08-25 06:59:28,CM-30876-A,AGENT_CASEY,Tech_Support_US,693,405,58.5,73,Mobile_App_Connection_Failure,-29,33,Medium Risk,39,0,Customer reports app sync failure and pairing timeout after installing v2.1.0. Agent unable to locate revised connectivity troubleshooting steps in internal KB; escalated to Tier 2.
2026-08-25 07:07:43,CM-86751-A,AGENT_CASEY,Enterprise_Escalations,641,416,64.9,91,Mobile_App_Connection_Failure,-56,62,No Risk,80,0,Customer states mobile application cannot establish server connection following v2.1.0 update. Agent attempted legacy cache reset without resolution. Issue logged for engineering.
2026-08-25 07:09:17,CM-95620-A,AGENT_ALEX,Customer_Care_Global,675,278,41.2,63,Mobile_App_Connection_Failure,-83,59,No Risk,56,0,Customer states mobile application cannot establish server connection following v2.1.0 update. Agent attempted legacy cache reset without resolution. Issue logged for engineering.
2026-08-25 07:09:18,CM-21385-A,AGENT_SAM,Tech_Support_APAC,261,49,18.9,14,Billing_Inquiry,38,92,No Risk,94,1,Discussion regarding prorated subscription charges following plan upgrade. Agent explained billing cycle cutoff dates clearly.
2026-08-25 07:10:21,CM-67637-B,AGENT_SAM,Tech_Support_US,397,21,5.2,16,General_Product_Query,95,91,No Risk,91,1,Prospective customer requested feature comparison between Standard and Enterprise analytics tiers.
2026-08-25 07:11:22,CM-42421-C,AGENT_PAT,Tech_Support_US,737,501,68.0,87,Mobile_App_Connection_Failure,-77,36,High Risk,72,0,Customer reports app sync failure and pairing timeout after installing v2.1.0. Agent unable to locate revised connectivity troubleshooting steps in internal KB; escalated to Tier 2.
2026-08-25 07:13:02,CM-88349-B,AGENT_MORGAN,Enterprise_Escalations,397,79,20.0,22,Account_Access,47,87,No Risk,85,1,User locked out after multi-factor authentication reset. Agent verified security answers and issued one-time password bypass token.
2026-08-25 07:15:41,CM-33433-B,AGENT_RILEY,Tech_Support_APAC,411,220,53.5,85,Mobile_App_Connection_Failure,-45,40,High Risk,61,1,Customer states mobile application cannot establish server connection following v2.1.0 update. Agent attempted legacy cache reset without resolution. Issue logged for engineering.
2026-08-25 07:20:19,CM-25509-C,AGENT_JORDAN,Customer_Care_Global,525,204,38.9,82,Mobile_App_Connection_Failure,-26,36,High Risk,52,0,Caller experiencing connection handshake error screen upon opening mobile app v2.1.0. Agent spent 6 minutes consulting internal incident ticket before offering workaround.
2026-08-25 07:21:27,CM-73691-B,AGENT_CHRIS,Enterprise_Escalations,640,314,49.1,75,Mobile_App_Connection_Failure,-47,61,No Risk,60,1,Customer frustrated by repeated connection drops in mobile client v2.1.0 during active workflow. Agent noted widespread app version regression and collected diagnostic logs.
2026-08-25 07:25:19,CM-20828-C,AGENT_PAT,Tech_Support_APAC,340,265,77.8,89,Mobile_App_Connection_Failure,-67,34,Medium Risk,55,0,Caller experiencing connection handshake error screen upon opening mobile app v2.1.0. Agent spent 6 minutes consulting internal incident ticket before offering workaround.
2026-08-25 07:25:20,CM-27263-B,AGENT_PAT,Customer_Care_Global,213,40,18.7,34,General_Product_Query,14,76,No Risk,65,1,Caller asked regarding desktop client system requirements and supported browser versions. Agent shared knowledge base link.
2026-08-25 07:26:15,CM-47623-C,AGENT_TAYLOR,Customer_Care_Global,278,34,12.1,19,Account_Access,24,93,No Risk,94,1,Customer requested administrative permission transfer for organization portal. Agent processed identity verification protocol successfully.
2026-08-25 07:30:25,CM-81186-B,AGENT_CASEY,Tech_Support_APAC,246,37,14.9,16,Subscription_Renewal,64,86,No Risk,84,1,Enterprise contact reviewed upcoming annual contract renewal terms and license tiers. Agent forwarded formal quote sheet.
2026-08-25 07:32:15,CM-22183-B,AGENT_CHRIS,Tech_Support_US,544,274,50.4,72,Mobile_App_Connection_Failure,-32,46,Medium Risk,61,1,Customer reports app sync failure and pairing timeout after installing v2.1.0. Agent unable to locate revised connectivity troubleshooting steps in internal KB; escalated to Tier 2.
2026-08-25 07:32:38,CM-52245-A,AGENT_JORDAN,Customer_Care_Global,286,54,19.0,34,Account_Access,82,78,No Risk,76,1,Customer requested administrative permission transfer for organization portal. Agent processed identity verification protocol successfully.
2026-08-25 07:34:30,CM-64120-A,AGENT_JORDAN,Tech_Support_US,618,229,37.1,94,Mobile_App_Connection_Failure,-32,56,Medium Risk,66,0,Customer reports app sync failure and pairing timeout after installing v2.1.0. Agent unable to locate revised connectivity troubleshooting steps in internal KB; escalated to Tier 2.
2026-08-25 07:43:39,CM-50189-B,AGENT_MORGAN,Tech_Support_APAC,261,17,6.4,21,Order_Tracking,78,94,No Risk,98,1,Customer confirmed receipt of initial shipment and verified serial numbers against enterprise invoice order.
2026-08-25 07:44:29,CM-78482-B,AGENT_AVERY,Customer_Care_Global,614,243,39.6,88,Mobile_App_Connection_Failure,-53,54,High Risk,80,0,Caller experiencing connection handshake error screen upon opening mobile app v2.1.0. Agent spent 6 minutes consulting internal incident ticket before offering workaround.
2026-08-25 07:51:04,CM-63635-C,AGENT_ALEX,Billing_Support_US,322,31,9.6,41,Subscription_Renewal,34,82,No Risk,67,1,Inquiry on multi-seat volume discount tiers for next fiscal renewal period. Agent summarized discount matrix.
2026-08-25 08:11:25,CM-28964-A,AGENT_CASEY,Customer_Care_Global,241,41,17.2,18,Billing_Inquiry,13,82,No Risk,85,1,Customer queried line-item surcharge on recent monthly statement. Agent reviewed billing schedule and credited processing variance.
2026-08-25 08:16:40,CM-28961-A,AGENT_CHRIS,Tech_Support_US,511,254,49.7,86,Mobile_App_Connection_Failure,-50,53,Medium Risk,73,0,Caller experiencing connection handshake error screen upon opening mobile app v2.1.0. Agent spent 6 minutes consulting internal incident ticket before offering workaround.
2026-08-25 08:25:58,CM-27891-A,AGENT_RILEY,Billing_Support_US,706,473,67.0,73,Mobile_App_Connection_Failure,-62,45,High Risk,75,0,Urgent call regarding mobile app v2.1.0 launch crash and connection loop. Agent verified account credentials but confirmed ongoing backend service patch required.
2026-08-25 08:49:14,CM-65363-A,AGENT_CASEY,Tech_Support_APAC,382,148,38.7,67,Mobile_App_Connection_Failure,-83,57,No Risk,53,1,Caller experiencing connection handshake error screen upon opening mobile app v2.1.0. Agent spent 6 minutes consulting internal incident ticket before offering workaround.
2026-08-25 08:49:56,CM-39556-A,AGENT_TAYLOR,Billing_Support_US,122,7,5.7,16,Account_Access,13,92,No Risk,88,1,Customer requested administrative permission transfer for organization portal. Agent processed identity verification protocol successfully.
2026-08-25 08:50:24,CM-40162-C,AGENT_CHRIS,Tech_Support_US,630,382,60.6,95,Mobile_App_Connection_Failure,-73,47,No Risk,37,1,Caller experiencing connection handshake error screen upon opening mobile app v2.1.0. Agent spent 6 minutes consulting internal incident ticket before offering workaround.
2026-08-25 08:54:50,CM-28441-B,AGENT_SAM,Tech_Support_US,629,205,32.6,59,Mobile_App_Connection_Failure,-23,58,No Risk,49,0,Customer frustrated by repeated connection drops in mobile client v2.1.0 during active workflow. Agent noted widespread app version regression and collected diagnostic logs.
2026-08-25 08:55:34,CM-39817-C,AGENT_JORDAN,Billing_Support_US,270,35,12.9,11,Billing_Inquiry,48,88,No Risk,87,1,Caller requested invoice copy and updated credit card details on enterprise billing profile. Verified billing contacts and confirmed change.
2026-08-25 09:09:54,CM-59259-A,AGENT_AVERY,Billing_Support_US,393,46,11.8,15,Account_Access,69,88,No Risk,94,1,User locked out after multi-factor authentication reset. Agent verified security answers and issued one-time password bypass token.
2026-08-25 09:19:58,CM-62218-C,AGENT_ALEX,Customer_Care_Global,733,548,74.7,82,Mobile_App_Connection_Failure,-34,48,No Risk,51,0,Urgent call regarding mobile app v2.1.0 launch crash and connection loop. Agent verified account credentials but confirmed ongoing backend service patch required.
2026-08-25 09:20:48,CM-28564-B,AGENT_SAM,Tech_Support_US,617,286,46.3,59,Mobile_App_Connection_Failure,-24,52,No Risk,38,1,Urgent call regarding mobile app v2.1.0 launch crash and connection loop. Agent verified account credentials but confirmed ongoing backend service patch required.
2026-08-25 09:24:07,CM-90402-C,AGENT_JORDAN,Customer_Care_Global,133,27,20.5,45,Subscription_Renewal,41,93,No Risk,96,0,Enterprise contact reviewed upcoming annual contract renewal terms and license tiers. Agent forwarded formal quote sheet.
2026-08-25 09:28:25,CM-52550-A,AGENT_ALEX,Customer_Care_Global,744,568,76.4,71,Mobile_App_Connection_Failure,-68,58,No Risk,72,0,Customer states mobile application cannot establish server connection following v2.1.0 update. Agent attempted legacy cache reset without resolution. Issue logged for engineering.
2026-08-25 09:28:28,CM-12631-B,AGENT_SAM,Tech_Support_APAC,347,138,39.8,65,Mobile_App_Connection_Failure,-42,67,No Risk,56,0,Urgent call regarding mobile app v2.1.0 launch crash and connection loop. Agent verified account credentials but confirmed ongoing backend service patch required.
2026-08-25 09:35:24,CM-61088-C,AGENT_PAT,Billing_Support_US,584,224,38.3,55,Mobile_App_Connection_Failure,-52,70,No Risk,77,0,Caller experiencing connection handshake error screen upon opening mobile app v2.1.0. Agent spent 6 minutes consulting internal incident ticket before offering workaround.
2026-08-25 09:42:45,CM-44208-A,AGENT_TAYLOR,Customer_Care_Global,375,232,62.0,60,Mobile_App_Connection_Failure,-37,57,No Risk,63,0,Customer frustrated by repeated connection drops in mobile client v2.1.0 during active workflow. Agent noted widespread app version regression and collected diagnostic logs.
2026-08-25 09:44:03,CM-99707-A,AGENT_RILEY,Tech_Support_APAC,633,283,44.7,72,Mobile_App_Connection_Failure,-49,46,Medium Risk,54,0,Customer reports app sync failure and pairing timeout after installing v2.1.0. Agent unable to locate revised connectivity troubleshooting steps in internal KB; escalated to Tier 2.
2026-08-25 09:47:22,CM-87820-B,AGENT_CASEY,Enterprise_Escalations,644,416,64.6,85,Mobile_App_Connection_Failure,-52,46,No Risk,42,0,Customer frustrated by repeated connection drops in mobile client v2.1.0 during active workflow. Agent noted widespread app version regression and collected diagnostic logs.
2026-08-25 09:56:36,CM-98219-C,AGENT_RILEY,Tech_Support_US,165,22,13.6,25,Billing_Inquiry,79,85,No Risk,71,1,Caller requested invoice copy and updated credit card details on enterprise billing profile. Verified billing contacts and confirmed change.
2026-08-25 09:57:07,CM-78287-A,AGENT_TAYLOR,Customer_Care_Global,568,205,36.1,90,Mobile_App_Connection_Failure,-88,41,High Risk,43,0,Caller experiencing connection handshake error screen upon opening mobile app v2.1.0. Agent spent 6 minutes consulting internal incident ticket before offering workaround.
2026-08-25 09:59:25,CM-86704-B,AGENT_RILEY,Enterprise_Escalations,361,16,4.5,19,Account_Access,10,86,No Risk,72,0,Caller needed email address change on primary customer account. Two-step verification completed and credentials refreshed.
2026-08-25 10:01:09,CM-41804-C,AGENT_CASEY,Customer_Care_Global,501,286,57.0,73,Mobile_App_Connection_Failure,-18,50,No Risk,43,1,Customer frustrated by repeated connection drops in mobile client v2.1.0 during active workflow. Agent noted widespread app version regression and collected diagnostic logs.
2026-08-25 10:02:33,CM-59895-A,AGENT_RILEY,Billing_Support_US,562,360,64.0,79,Mobile_App_Connection_Failure,-56,47,Medium Risk,62,0,Customer frustrated by repeated connection drops in mobile client v2.1.0 during active workflow. Agent noted widespread app version regression and collected diagnostic logs.
2026-08-25 10:08:30,CM-83886-B,AGENT_ALEX,Billing_Support_US,342,200,58.4,94,Mobile_App_Connection_Failure,-53,44,No Risk,43,0,Urgent call regarding mobile app v2.1.0 launch crash and connection loop. Agent verified account credentials but confirmed ongoing backend service patch required.
2026-08-25 10:25:56,CM-44967-B,AGENT_JORDAN,Billing_Support_US,246,46,18.7,24,Subscription_Renewal,73,74,No Risk,66,1,Inquiry on multi-seat volume discount tiers for next fiscal renewal period. Agent summarized discount matrix.
2026-08-25 10:50:20,CM-58979-A,AGENT_PAT,Enterprise_Escalations,704,510,72.4,94,Mobile_App_Connection_Failure,-85,21,High Risk,50,0,Urgent call regarding mobile app v2.1.0 launch crash and connection loop. Agent verified account credentials but confirmed ongoing backend service patch required.
2026-08-25 10:50:28,CM-67199-C,AGENT_CASEY,Tech_Support_APAC,712,417,58.5,57,Mobile_App_Connection_Failure,-58,60,No Risk,69,0,Customer reports app sync failure and pairing timeout after installing v2.1.0. Agent unable to locate revised connectivity troubleshooting steps in internal KB; escalated to Tier 2.
2026-08-25 10:51:28,CM-88852-B,AGENT_JORDAN,Billing_Support_US,181,22,11.9,25,Billing_Inquiry,27,98,No Risk,98,1,Discussion regarding prorated subscription charges following plan upgrade. Agent explained billing cycle cutoff dates clearly.
2026-08-25 10:51:39,CM-86966-C,AGENT_RILEY,Billing_Support_US,609,269,44.2,68,Mobile_App_Connection_Failure,-67,57,No Risk,51,0,Customer states mobile application cannot establish server connection following v2.1.0 update. Agent attempted legacy cache reset without resolution. Issue logged for engineering.
2026-08-25 11:01:32,CM-99780-B,AGENT_SAM,Customer_Care_Global,490,288,58.7,55,Mobile_App_Connection_Failure,-72,58,No Risk,66,0,Customer frustrated by repeated connection drops in mobile client v2.1.0 during active workflow. Agent noted widespread app version regression and collected diagnostic logs.
2026-08-25 11:02:11,CM-66836-B,AGENT_ALEX,Enterprise_Escalations,627,278,44.4,62,Mobile_App_Connection_Failure,-22,56,No Risk,40,0,Caller experiencing connection handshake error screen upon opening mobile app v2.1.0. Agent spent 6 minutes consulting internal incident ticket before offering workaround.
2026-08-25 11:02:43,CM-32179-C,AGENT_CHRIS,Enterprise_Escalations,689,431,62.6,58,Mobile_App_Connection_Failure,-37,61,No Risk,67,0,Customer reports app sync failure and pairing timeout after installing v2.1.0. Agent unable to locate revised connectivity troubleshooting steps in internal KB; escalated to Tier 2.
2026-08-25 11:06:25,CM-90432-B,AGENT_TAYLOR,Enterprise_Escalations,313,238,76.1,60,Mobile_App_Connection_Failure,-75,45,No Risk,43,1,Customer states mobile application cannot establish server connection following v2.1.0 update. Agent attempted legacy cache reset without resolution. Issue logged for engineering.
2026-08-25 11:09:13,CM-97342-B,AGENT_JORDAN,Customer_Care_Global,419,310,74.0,79,Mobile_App_Connection_Failure,-33,36,High Risk,67,0,Urgent call regarding mobile app v2.1.0 launch crash and connection loop. Agent verified account credentials but confirmed ongoing backend service patch required.
2026-08-25 11:09:55,CM-60173-B,AGENT_PAT,Billing_Support_US,731,457,62.5,63,Mobile_App_Connection_Failure,-30,51,No Risk,58,0,Customer frustrated by repeated connection drops in mobile client v2.1.0 during active workflow. Agent noted widespread app version regression and collected diagnostic logs.
2026-08-25 11:14:20,CM-48200-C,AGENT_RILEY,Enterprise_Escalations,399,46,11.5,33,Order_Tracking,60,86,No Risk,76,1,Customer confirmed receipt of initial shipment and verified serial numbers against enterprise invoice order.
2026-08-25 11:19:03,CM-30454-A,AGENT_CASEY,Enterprise_Escalations,709,457,64.5,73,Mobile_App_Connection_Failure,-30,38,High Risk,71,0,Customer frustrated by repeated connection drops in mobile client v2.1.0 during active workflow. Agent noted widespread app version regression and collected diagnostic logs.
2026-08-25 11:30:39,CM-50607-C,AGENT_RILEY,Tech_Support_US,559,203,36.4,92,Mobile_App_Connection_Failure,-74,47,High Risk,63,1,Customer states mobile application cannot establish server connection following v2.1.0 update. Agent attempted legacy cache reset without resolution. Issue logged for engineering.
2026-08-25 11:32:58,CM-43729-A,AGENT_JORDAN,Customer_Care_Global,345,41,11.8,26,Subscription_Renewal,17,75,Medium Risk,69,1,Customer confirmed continuation of annual maintenance agreement and updated purchase order authorization number.
2026-08-25 11:37:15,CM-84395-C,AGENT_JORDAN,Tech_Support_APAC,517,345,66.7,60,Mobile_App_Connection_Failure,-84,56,No Risk,66,0,Urgent call regarding mobile app v2.1.0 launch crash and connection loop. Agent verified account credentials but confirmed ongoing backend service patch required.
2026-08-25 11:37:48,CM-70057-C,AGENT_SAM,Tech_Support_US,478,323,67.5,75,Mobile_App_Connection_Failure,-20,30,High Risk,46,0,Customer frustrated by repeated connection drops in mobile client v2.1.0 during active workflow. Agent noted widespread app version regression and collected diagnostic logs.
2026-08-25 11:38:56,CM-32527-C,AGENT_RILEY,Customer_Care_Global,340,241,70.8,82,Mobile_App_Connection_Failure,-59,34,High Risk,60,0,Caller experiencing connection handshake error screen upon opening mobile app v2.1.0. Agent spent 6 minutes consulting internal incident ticket before offering workaround.
2026-08-25 11:40:53,CM-21706-C,AGENT_AVERY,Billing_Support_US,526,386,73.4,89,Mobile_App_Connection_Failure,-47,50,No Risk,52,1,Customer states mobile application cannot establish server connection following v2.1.0 update. Agent attempted legacy cache reset without resolution. Issue logged for engineering.
2026-08-25 11:41:01,CM-48489-B,AGENT_JORDAN,Customer_Care_Global,334,20,6.1,33,Account_Access,32,99,No Risk,95,1,Caller needed email address change on primary customer account. Two-step verification completed and credentials refreshed.
2026-08-25 11:47:06,CM-27646-A,AGENT_AVERY,Customer_Care_Global,479,157,32.8,67,Mobile_App_Connection_Failure,-15,69,No Risk,59,1,Customer states mobile application cannot establish server connection following v2.1.0 update. Agent attempted legacy cache reset without resolution. Issue logged for engineering.
2026-08-25 12:02:53,CM-84473-C,AGENT_AVERY,Enterprise_Escalations,497,248,50.0,68,Mobile_App_Connection_Failure,-42,50,No Risk,47,0,Customer frustrated by repeated connection drops in mobile client v2.1.0 during active workflow. Agent noted widespread app version regression and collected diagnostic logs.
2026-08-25 12:02:54,CM-23130-A,AGENT_RILEY,Billing_Support_US,247,11,4.5,43,Account_Access,25,93,No Risk,88,1,Customer requested administrative permission transfer for organization portal. Agent processed identity verification protocol successfully.
2026-08-25 12:16:49,CM-99369-B,AGENT_PAT,Tech_Support_APAC,474,361,76.1,78,Mobile_App_Connection_Failure,-79,22,High Risk,40,1,Customer frustrated by repeated connection drops in mobile client v2.1.0 during active workflow. Agent noted widespread app version regression and collected diagnostic logs.
2026-08-25 12:17:23,CM-74216-B,AGENT_TAYLOR,Tech_Support_APAC,620,299,48.2,70,Mobile_App_Connection_Failure,-52,60,No Risk,51,1,Customer frustrated by repeated connection drops in mobile client v2.1.0 during active workflow. Agent noted widespread app version regression and collected diagnostic logs.
2026-08-25 12:18:07,CM-77873-C,AGENT_AVERY,Billing_Support_US,637,404,63.5,64,Mobile_App_Connection_Failure,-88,47,No Risk,44,1,Caller experiencing connection handshake error screen upon opening mobile app v2.1.0. Agent spent 6 minutes consulting internal incident ticket before offering workaround.
2026-08-25 12:18:21,CM-55829-C,AGENT_MORGAN,Tech_Support_APAC,581,370,63.7,59,Mobile_App_Connection_Failure,-58,48,No Risk,55,0,Customer states mobile application cannot establish server connection following v2.1.0 update. Agent attempted legacy cache reset without resolution. Issue logged for engineering.
2026-08-25 12:18:36,CM-11032-A,AGENT_PAT,Billing_Support_US,382,61,15.9,28,General_Product_Query,80,94,No Risk,96,1,Caller asked regarding desktop client system requirements and supported browser versions. Agent shared knowledge base link.
2026-08-25 12:24:06,CM-70616-B,AGENT_ALEX,Enterprise_Escalations,595,389,65.3,90,Mobile_App_Connection_Failure,-50,46,High Risk,78,0,Caller experiencing connection handshake error screen upon opening mobile app v2.1.0. Agent spent 6 minutes consulting internal incident ticket before offering workaround.
2026-08-25 12:27:31,CM-96246-C,AGENT_RILEY,Tech_Support_APAC,400,84,20.9,43,Billing_Inquiry,87,80,No Risk,85,1,Customer queried line-item surcharge on recent monthly statement. Agent reviewed billing schedule and credited processing variance.
2026-08-25 12:31:43,CM-25753-B,AGENT_MORGAN,Customer_Care_Global,320,124,38.9,74,Mobile_App_Connection_Failure,-15,32,High Risk,36,0,Customer reports app sync failure and pairing timeout after installing v2.1.0. Agent unable to locate revised connectivity troubleshooting steps in internal KB; escalated to Tier 2.
2026-08-25 12:44:15,CM-69208-A,AGENT_CASEY,Customer_Care_Global,300,180,59.9,58,Mobile_App_Connection_Failure,-19,55,No Risk,68,0,Customer states mobile application cannot establish server connection following v2.1.0 update. Agent attempted legacy cache reset without resolution. Issue logged for engineering.
2026-08-25 12:44:41,CM-82680-A,AGENT_TAYLOR,Tech_Support_US,703,498,70.8,56,Mobile_App_Connection_Failure,-78,47,No Risk,42,0,Caller experiencing connection handshake error screen upon opening mobile app v2.1.0. Agent spent 6 minutes consulting internal incident ticket before offering workaround.
2026-08-25 12:46:57,CM-46655-C,AGENT_SAM,Enterprise_Escalations,688,520,75.6,70,Mobile_App_Connection_Failure,-80,46,No Risk,50,0,Customer frustrated by repeated connection drops in mobile client v2.1.0 during active workflow. Agent noted widespread app version regression and collected diagnostic logs.
2026-08-25 12:48:35,CM-34288-C,AGENT_CASEY,Billing_Support_US,586,243,41.5,87,Mobile_App_Connection_Failure,-30,44,Medium Risk,43,0,Customer states mobile application cannot establish server connection following v2.1.0 update. Agent attempted legacy cache reset without resolution. Issue logged for engineering.
2026-08-25 12:51:35,CM-29181-B,AGENT_AVERY,Tech_Support_APAC,715,547,76.5,80,Mobile_App_Connection_Failure,-20,44,No Risk,51,0,Customer frustrated by repeated connection drops in mobile client v2.1.0 during active workflow. Agent noted widespread app version regression and collected diagnostic logs.
2026-08-25 12:54:18,CM-48915-A,AGENT_MORGAN,Customer_Care_Global,319,43,13.5,37,Subscription_Renewal,30,80,No Risk,65,1,Inquiry on multi-seat volume discount tiers for next fiscal renewal period. Agent summarized discount matrix.
2026-08-25 13:03:34,CM-12599-B,AGENT_JORDAN,Customer_Care_Global,301,24,8.0,44,General_Product_Query,83,89,No Risk,85,1,Prospective customer requested feature comparison between Standard and Enterprise analytics tiers.
2026-08-25 13:03:53,CM-94390-A,AGENT_AVERY,Enterprise_Escalations,494,243,49.2,65,Mobile_App_Connection_Failure,-28,46,No Risk,35,0,Customer states mobile application cannot establish server connection following v2.1.0 update. Agent attempted legacy cache reset without resolution. Issue logged for engineering.
2026-08-25 13:04:40,CM-28705-B,AGENT_MORGAN,Billing_Support_US,333,79,23.7,10,Billing_Inquiry,72,91,No Risk,98,1,Caller requested invoice copy and updated credit card details on enterprise billing profile. Verified billing contacts and confirmed change.
2026-08-25 13:07:10,CM-59280-A,AGENT_MORGAN,Tech_Support_US,325,237,73.0,73,Mobile_App_Connection_Failure,-21,32,Medium Risk,45,0,Urgent call regarding mobile app v2.1.0 launch crash and connection loop. Agent verified account credentials but confirmed ongoing backend service patch required.
2026-08-25 13:11:39,CM-65584-A,AGENT_AVERY,Enterprise_Escalations,219,25,11.6,10,Account_Access,32,76,No Risk,65,1,Caller needed email address change on primary customer account. Two-step verification completed and credentials refreshed.
2026-08-25 13:15:08,CM-63346-A,AGENT_AVERY,Billing_Support_US,508,392,77.2,64,Mobile_App_Connection_Failure,-53,44,No Risk,58,0,Customer frustrated by repeated connection drops in mobile client v2.1.0 during active workflow. Agent noted widespread app version regression and collected diagnostic logs.
2026-08-25 13:15:29,CM-74003-C,AGENT_AVERY,Tech_Support_APAC,721,433,60.0,78,Mobile_App_Connection_Failure,-60,34,Medium Risk,35,0,Urgent call regarding mobile app v2.1.0 launch crash and connection loop. Agent verified account credentials but confirmed ongoing backend service patch required.
2026-08-25 13:16:03,CM-47802-A,AGENT_ALEX,Billing_Support_US,203,27,13.3,43,Account_Access,29,75,Medium Risk,84,1,Customer requested administrative permission transfer for organization portal. Agent processed identity verification protocol successfully.
2026-08-25 13:18:42,CM-72472-C,AGENT_TAYLOR,Tech_Support_APAC,371,86,23.1,26,Billing_Inquiry,45,89,No Risk,92,1,Discussion regarding prorated subscription charges following plan upgrade. Agent explained billing cycle cutoff dates clearly.
2026-08-25 13:23:32,CM-70161-B,AGENT_MORGAN,Billing_Support_US,639,357,55.9,92,Mobile_App_Connection_Failure,-40,58,No Risk,58,0,Urgent call regarding mobile app v2.1.0 launch crash and connection loop. Agent verified account credentials but confirmed ongoing backend service patch required.
2026-08-25 13:24:07,CM-53410-B,AGENT_AVERY,Billing_Support_US,182,19,10.2,43,Order_Tracking,15,93,No Risk,92,0,Inquiry regarding shipment customs delay. Agent contacted logistics partner and provided updated tracking manifest.
2026-08-25 13:31:46,CM-54171-B,AGENT_CHRIS,Tech_Support_US,406,17,4.3,29,Order_Tracking,34,90,No Risk,83,1,Customer confirmed receipt of initial shipment and verified serial numbers against enterprise invoice order.
2026-08-25 13:43:44,CM-80836-C,AGENT_ALEX,Enterprise_Escalations,421,156,37.0,83,Mobile_App_Connection_Failure,-26,60,No Risk,48,0,Caller experiencing connection handshake error screen upon opening mobile app v2.1.0. Agent spent 6 minutes consulting internal incident ticket before offering workaround.
2026-08-25 13:44:52,CM-18678-A,AGENT_SAM,Tech_Support_APAC,359,177,49.3,65,Mobile_App_Connection_Failure,-22,59,No Risk,54,0,Caller experiencing connection handshake error screen upon opening mobile app v2.1.0. Agent spent 6 minutes consulting internal incident ticket before offering workaround.
2026-08-25 13:46:24,CM-38143-A,AGENT_SAM,Customer_Care_Global,581,225,38.8,73,Mobile_App_Connection_Failure,-59,53,Medium Risk,65,0,Customer states mobile application cannot establish server connection following v2.1.0 update. Agent attempted legacy cache reset without resolution. Issue logged for engineering.
2026-08-25 13:49:49,CM-28258-B,AGENT_RILEY,Customer_Care_Global,661,260,39.3,87,Mobile_App_Connection_Failure,-26,68,No Risk,68,0,Customer frustrated by repeated connection drops in mobile client v2.1.0 during active workflow. Agent noted widespread app version regression and collected diagnostic logs.
2026-08-25 13:54:15,CM-61936-C,AGENT_ALEX,Customer_Care_Global,581,451,77.6,80,Mobile_App_Connection_Failure,-87,34,Medium Risk,50,0,Customer states mobile application cannot establish server connection following v2.1.0 update. Agent attempted legacy cache reset without resolution. Issue logged for engineering.
2026-08-25 14:01:21,CM-63992-B,AGENT_ALEX,Tech_Support_US,358,221,61.8,60,Mobile_App_Connection_Failure,-15,48,No Risk,56,1,Customer reports app sync failure and pairing timeout after installing v2.1.0. Agent unable to locate revised connectivity troubleshooting steps in internal KB; escalated to Tier 2.
2026-08-25 14:02:00,CM-96715-B,AGENT_ALEX,Enterprise_Escalations,544,271,49.8,74,Mobile_App_Connection_Failure,-64,59,Medium Risk,75,0,Urgent call regarding mobile app v2.1.0 launch crash and connection loop. Agent verified account credentials but confirmed ongoing backend service patch required.
2026-08-25 14:02:48,CM-75907-A,AGENT_SAM,Customer_Care_Global,315,141,44.9,79,Mobile_App_Connection_Failure,-34,55,Medium Risk,65,1,Customer reports app sync failure and pairing timeout after installing v2.1.0. Agent unable to locate revised connectivity troubleshooting steps in internal KB; escalated to Tier 2.
2026-08-25 14:14:14,CM-91719-B,AGENT_ALEX,Billing_Support_US,307,239,77.9,64,Mobile_App_Connection_Failure,-81,41,No Risk,44,0,Caller experiencing connection handshake error screen upon opening mobile app v2.1.0. Agent spent 6 minutes consulting internal incident ticket before offering workaround.
2026-08-25 14:50:17,CM-65468-B,AGENT_AVERY,Tech_Support_APAC,388,229,59.1,78,Mobile_App_Connection_Failure,-46,41,Medium Risk,50,0,Caller experiencing connection handshake error screen upon opening mobile app v2.1.0. Agent spent 6 minutes consulting internal incident ticket before offering workaround.
2026-08-25 14:51:26,CM-11059-C,AGENT_AVERY,Tech_Support_US,402,222,55.3,58,Mobile_App_Connection_Failure,-19,68,No Risk,75,0,Customer reports app sync failure and pairing timeout after installing v2.1.0. Agent unable to locate revised connectivity troubleshooting steps in internal KB; escalated to Tier 2.
2026-08-25 14:53:38,CM-25566-C,AGENT_PAT,Tech_Support_APAC,456,266,58.3,88,Mobile_App_Connection_Failure,-85,54,No Risk,58,0,Caller experiencing connection handshake error screen upon opening mobile app v2.1.0. Agent spent 6 minutes consulting internal incident ticket before offering workaround.
2026-08-25 14:54:29,CM-47353-A,AGENT_RILEY,Enterprise_Escalations,273,65,23.7,43,General_Product_Query,93,74,No Risk,71,1,Caller asked regarding desktop client system requirements and supported browser versions. Agent shared knowledge base link.
2026-08-25 15:00:46,CM-58760-B,AGENT_JORDAN,Enterprise_Escalations,313,153,48.9,72,Mobile_App_Connection_Failure,-50,54,No Risk,46,1,Customer frustrated by repeated connection drops in mobile client v2.1.0 during active workflow. Agent noted widespread app version regression and collected diagnostic logs.
2026-08-25 15:09:45,CM-54194-A,AGENT_JORDAN,Billing_Support_US,378,30,8.0,31,General_Product_Query,28,87,No Risk,82,0,Prospective customer requested feature comparison between Standard and Enterprise analytics tiers.
2026-08-25 15:16:05,CM-30807-A,AGENT_TAYLOR,Enterprise_Escalations,403,301,74.8,89,Mobile_App_Connection_Failure,-71,31,High Risk,52,0,Customer states mobile application cannot establish server connection following v2.1.0 update. Agent attempted legacy cache reset without resolution. Issue logged for engineering.
2026-08-25 15:21:46,CM-21593-A,AGENT_PAT,Customer_Care_Global,495,285,57.6,63,Mobile_App_Connection_Failure,-18,53,No Risk,53,0,Urgent call regarding mobile app v2.1.0 launch crash and connection loop. Agent verified account credentials but confirmed ongoing backend service patch required.
2026-08-25 15:21:59,CM-89511-C,AGENT_PAT,Tech_Support_APAC,691,409,59.2,91,Mobile_App_Connection_Failure,-78,52,No Risk,50,0,Caller experiencing connection handshake error screen upon opening mobile app v2.1.0. Agent spent 6 minutes consulting internal incident ticket before offering workaround.
2026-08-25 15:22:35,CM-96034-C,AGENT_AVERY,Tech_Support_US,261,24,9.1,14,Account_Access,69,96,No Risk,92,0,Caller needed email address change on primary customer account. Two-step verification completed and credentials refreshed.
2026-08-25 15:24:02,CM-70749-C,AGENT_MORGAN,Tech_Support_APAC,719,335,46.6,80,Mobile_App_Connection_Failure,-73,61,Medium Risk,78,1,Customer frustrated by repeated connection drops in mobile client v2.1.0 during active workflow. Agent noted widespread app version regression and collected diagnostic logs.
2026-08-25 15:27:30,CM-84890-A,AGENT_CHRIS,Customer_Care_Global,417,159,38.2,73,Mobile_App_Connection_Failure,-80,60,Medium Risk,72,0,Customer states mobile application cannot establish server connection following v2.1.0 update. Agent attempted legacy cache reset without resolution. Issue logged for engineering.
2026-08-25 15:41:52,CM-51012-B,AGENT_AVERY,Enterprise_Escalations,723,406,56.2,88,Mobile_App_Connection_Failure,-86,46,No Risk,37,0,Customer reports app sync failure and pairing timeout after installing v2.1.0. Agent unable to locate revised connectivity troubleshooting steps in internal KB; escalated to Tier 2.
2026-08-25 15:47:04,CM-47359-C,AGENT_PAT,Customer_Care_Global,330,79,23.9,15,Billing_Inquiry,23,78,No Risk,71,1,Caller requested invoice copy and updated credit card details on enterprise billing profile. Verified billing contacts and confirmed change.
2026-08-25 15:47:09,CM-60797-B,AGENT_CHRIS,Enterprise_Escalations,624,413,66.2,94,Mobile_App_Connection_Failure,-65,56,Medium Risk,80,1,Caller experiencing connection handshake error screen upon opening mobile app v2.1.0. Agent spent 6 minutes consulting internal incident ticket before offering workaround.
2026-08-25 15:51:21,CM-15075-B,AGENT_MORGAN,Tech_Support_US,288,32,11.0,24,Subscription_Renewal,39,91,No Risk,82,1,Enterprise contact reviewed upcoming annual contract renewal terms and license tiers. Agent forwarded formal quote sheet.
2026-08-25 15:59:47,CM-16251-A,AGENT_AVERY,Enterprise_Escalations,434,294,67.8,80,Mobile_App_Connection_Failure,-88,20,High Risk,39,0,Customer reports app sync failure and pairing timeout after installing v2.1.0. Agent unable to locate revised connectivity troubleshooting steps in internal KB; escalated to Tier 2.
2026-08-25 16:03:07,CM-11617-B,AGENT_PAT,Billing_Support_US,191,42,22.1,43,General_Product_Query,41,80,No Risk,82,1,General inquiry on API rate limits and webhook notification configurations. Agent referenced technical developer documentation.
2026-08-25 16:08:44,CM-40299-B,AGENT_CASEY,Tech_Support_APAC,354,75,21.3,15,Subscription_Renewal,78,72,No Risk,66,1,Enterprise contact reviewed upcoming annual contract renewal terms and license tiers. Agent forwarded formal quote sheet.
2026-08-25 16:14:45,CM-67958-C,AGENT_MORGAN,Customer_Care_Global,460,164,35.6,65,Mobile_App_Connection_Failure,-42,62,No Risk,57,0,Customer frustrated by repeated connection drops in mobile client v2.1.0 during active workflow. Agent noted widespread app version regression and collected diagnostic logs.
2026-08-25 16:16:51,CM-45446-A,AGENT_ALEX,Customer_Care_Global,692,230,33.3,58,Mobile_App_Connection_Failure,-55,77,No Risk,72,0,Customer reports app sync failure and pairing timeout after installing v2.1.0. Agent unable to locate revised connectivity troubleshooting steps in internal KB; escalated to Tier 2.
2026-08-25 16:17:07,CM-70754-B,AGENT_CHRIS,Customer_Care_Global,219,41,18.5,25,Account_Access,36,87,No Risk,88,1,Customer requested administrative permission transfer for organization portal. Agent processed identity verification protocol successfully.
2026-08-25 16:19:55,CM-73891-A,AGENT_AVERY,Billing_Support_US,320,49,15.4,45,General_Product_Query,70,85,No Risk,81,1,General inquiry on API rate limits and webhook notification configurations. Agent referenced technical developer documentation.
2026-08-25 16:23:54,CM-26515-C,AGENT_CASEY,Customer_Care_Global,381,211,55.5,88,Mobile_App_Connection_Failure,-51,40,Medium Risk,36,1,Customer states mobile application cannot establish server connection following v2.1.0 update. Agent attempted legacy cache reset without resolution. Issue logged for engineering.
2026-08-25 16:27:09,CM-31274-A,AGENT_RILEY,Tech_Support_US,167,29,17.4,18,Subscription_Renewal,86,92,No Risk,96,1,Inquiry on multi-seat volume discount tiers for next fiscal renewal period. Agent summarized discount matrix.
2026-08-25 16:48:48,CM-53544-C,AGENT_PAT,Customer_Care_Global,655,339,51.8,74,Mobile_App_Connection_Failure,-73,41,Medium Risk,47,0,Customer frustrated by repeated connection drops in mobile client v2.1.0 during active workflow. Agent noted widespread app version regression and collected diagnostic logs.
2026-08-25 16:50:21,CM-84569-C,AGENT_ALEX,Tech_Support_US,546,384,70.4,85,Mobile_App_Connection_Failure,-29,48,No Risk,44,0,Customer frustrated by repeated connection drops in mobile client v2.1.0 during active workflow. Agent noted widespread app version regression and collected diagnostic logs.
2026-08-25 16:52:08,CM-75799-B,AGENT_MORGAN,Billing_Support_US,194,16,8.5,16,Order_Tracking,50,81,No Risk,73,1,Customer inquired regarding expedited courier delivery status for hardware order. Agent tracked consignment and confirmed arrival ETA.
2026-08-25 16:53:05,CM-14951-A,AGENT_SAM,Tech_Support_APAC,244,26,10.5,41,Account_Access,69,92,No Risk,93,1,User locked out after multi-factor authentication reset. Agent verified security answers and issued one-time password bypass token.
2026-08-25 16:54:16,CM-66769-A,AGENT_PAT,Customer_Care_Global,532,254,47.8,68,Mobile_App_Connection_Failure,-28,46,No Risk,37,0,Urgent call regarding mobile app v2.1.0 launch crash and connection loop. Agent verified account credentials but confirmed ongoing backend service patch required.
2026-08-25 17:00:38,CM-22972-C,AGENT_TAYLOR,Tech_Support_APAC,484,212,43.7,83,Mobile_App_Connection_Failure,-78,42,High Risk,58,0,Urgent call regarding mobile app v2.1.0 launch crash and connection loop. Agent verified account credentials but confirmed ongoing backend service patch required.
2026-08-25 17:01:28,CM-94351-A,AGENT_MORGAN,Customer_Care_Global,617,274,44.4,78,Mobile_App_Connection_Failure,-87,51,Medium Risk,56,0,Customer frustrated by repeated connection drops in mobile client v2.1.0 during active workflow. Agent noted widespread app version regression and collected diagnostic logs.
2026-08-25 17:02:01,CM-27139-B,AGENT_CASEY,Enterprise_Escalations,349,150,43.1,72,Mobile_App_Connection_Failure,-75,46,Medium Risk,38,0,Caller experiencing connection handshake error screen upon opening mobile app v2.1.0. Agent spent 6 minutes consulting internal incident ticket before offering workaround.
2026-08-25 17:05:00,CM-57447-A,AGENT_TAYLOR,Enterprise_Escalations,516,345,66.8,64,Mobile_App_Connection_Failure,-76,59,No Risk,73,1,Customer states mobile application cannot establish server connection following v2.1.0 update. Agent attempted legacy cache reset without resolution. Issue logged for engineering.
2026-08-25 17:06:58,CM-64957-C,AGENT_CHRIS,Customer_Care_Global,329,130,39.5,59,Mobile_App_Connection_Failure,-29,68,No Risk,62,1,Customer frustrated by repeated connection drops in mobile client v2.1.0 during active workflow. Agent noted widespread app version regression and collected diagnostic logs.
2026-08-25 17:07:05,CM-75779-C,AGENT_PAT,Tech_Support_US,306,113,37.0,63,Mobile_App_Connection_Failure,-88,70,No Risk,78,0,Customer reports app sync failure and pairing timeout after installing v2.1.0. Agent unable to locate revised connectivity troubleshooting steps in internal KB; escalated to Tier 2.
2026-08-25 17:12:24,CM-64784-A,AGENT_SAM,Customer_Care_Global,748,398,53.2,57,Mobile_App_Connection_Failure,-71,46,No Risk,42,0,Customer reports app sync failure and pairing timeout after installing v2.1.0. Agent unable to locate revised connectivity troubleshooting steps in internal KB; escalated to Tier 2.
2026-08-25 17:16:11,CM-15866-A,AGENT_TAYLOR,Enterprise_Escalations,620,389,62.8,91,Mobile_App_Connection_Failure,-36,36,High Risk,54,1,Customer reports app sync failure and pairing timeout after installing v2.1.0. Agent unable to locate revised connectivity troubleshooting steps in internal KB; escalated to Tier 2.
2026-08-25 17:25:57,CM-26718-B,AGENT_ALEX,Customer_Care_Global,135,5,4.0,32,Billing_Inquiry,81,90,No Risk,80,1,Caller requested invoice copy and updated credit card details on enterprise billing profile. Verified billing contacts and confirmed change.
2026-08-25 17:28:12,CM-16722-C,AGENT_SAM,Customer_Care_Global,378,147,38.8,69,Mobile_App_Connection_Failure,-62,55,No Risk,41,0,Urgent call regarding mobile app v2.1.0 launch crash and connection loop. Agent verified account credentials but confirmed ongoing backend service patch required.
2026-08-25 17:33:47,CM-81036-A,AGENT_SAM,Tech_Support_US,632,365,57.8,60,Mobile_App_Connection_Failure,-59,64,No Risk,71,0,Customer states mobile application cannot establish server connection following v2.1.0 update. Agent attempted legacy cache reset without resolution. Issue logged for engineering.
2026-08-25 17:34:14,CM-48985-B,AGENT_JORDAN,Tech_Support_APAC,460,235,51.1,68,Mobile_App_Connection_Failure,-31,72,No Risk,80,0,Caller experiencing connection handshake error screen upon opening mobile app v2.1.0. Agent spent 6 minutes consulting internal incident ticket before offering workaround.
2026-08-25 17:35:29,CM-91351-C,AGENT_TAYLOR,Tech_Support_US,330,71,21.6,21,Account_Access,13,78,No Risk,80,1,Customer requested administrative permission transfer for organization portal. Agent processed identity verification protocol successfully.
2026-08-25 17:35:31,CM-44446-C,AGENT_ALEX,Billing_Support_US,216,36,16.7,16,Account_Access,91,89,No Risk,91,1,Caller needed email address change on primary customer account. Two-step verification completed and credentials refreshed.
2026-08-25 17:38:32,CM-18579-B,AGENT_ALEX,Billing_Support_US,645,477,74.0,72,Mobile_App_Connection_Failure,-88,24,High Risk,41,1,Customer reports app sync failure and pairing timeout after installing v2.1.0. Agent unable to locate revised connectivity troubleshooting steps in internal KB; escalated to Tier 2.
2026-08-25 17:40:16,CM-96977-A,AGENT_TAYLOR,Enterprise_Escalations,483,230,47.7,64,Mobile_App_Connection_Failure,-20,65,No Risk,69,0,Customer reports app sync failure and pairing timeout after installing v2.1.0. Agent unable to locate revised connectivity troubleshooting steps in internal KB; escalated to Tier 2.
2026-08-25 17:40:58,CM-60860-B,AGENT_PAT,Billing_Support_US,616,307,49.9,89,Mobile_App_Connection_Failure,-75,45,No Risk,39,0,Urgent call regarding mobile app v2.1.0 launch crash and connection loop. Agent verified account credentials but confirmed ongoing backend service patch required.
2026-08-25 17:43:29,CM-59127-C,AGENT_SAM,Tech_Support_US,696,373,53.6,83,Mobile_App_Connection_Failure,-21,51,Medium Risk,74,1,Customer frustrated by repeated connection drops in mobile client v2.1.0 during active workflow. Agent noted widespread app version regression and collected diagnostic logs.
2026-08-25 17:44:54,CM-68213-B,AGENT_TAYLOR,Billing_Support_US,388,17,4.5,23,Subscription_Renewal,44,86,No Risk,86,1,Customer confirmed continuation of annual maintenance agreement and updated purchase order authorization number.
2026-08-25 17:56:47,CM-49760-B,AGENT_SAM,Tech_Support_US,238,16,6.6,27,Billing_Inquiry,13,82,No Risk,79,1,Discussion regarding prorated subscription charges following plan upgrade. Agent explained billing cycle cutoff dates clearly.
2026-08-25 17:56:55,CM-67761-A,AGENT_JORDAN,Customer_Care_Global,293,53,18.1,24,Billing_Inquiry,77,84,Medium Risk,98,1,Discussion regarding prorated subscription charges following plan upgrade. Agent explained billing cycle cutoff dates clearly.
2026-08-25 17:58:17,CM-17770-B,AGENT_TAYLOR,Tech_Support_US,623,403,64.7,80,Mobile_App_Connection_Failure,-59,39,Medium Risk,52,0,Customer frustrated by repeated connection drops in mobile client v2.1.0 during active workflow. Agent noted widespread app version regression and collected diagnostic logs.
2026-08-25 18:02:51,CM-55032-A,AGENT_RILEY,Billing_Support_US,529,297,56.1,64,Mobile_App_Connection_Failure,-40,53,No Risk,45,1,Customer states mobile application cannot establish server connection following v2.1.0 update. Agent attempted legacy cache reset without resolution. Issue logged for engineering.
2026-08-25 18:05:30,CM-17104-A,AGENT_CASEY,Customer_Care_Global,367,201,54.9,58,Mobile_App_Connection_Failure,-34,58,No Risk,53,0,Customer frustrated by repeated connection drops in mobile client v2.1.0 during active workflow. Agent noted widespread app version regression and collected diagnostic logs.
2026-08-25 18:07:58,CM-54424-B,AGENT_PAT,Billing_Support_US,362,45,12.5,26,Order_Tracking,95,83,No Risk,69,1,Customer inquired regarding expedited courier delivery status for hardware order. Agent tracked consignment and confirmed arrival ETA.
2026-08-25 18:09:01,CM-63790-B,AGENT_CHRIS,Enterprise_Escalations,491,377,76.8,62,Mobile_App_Connection_Failure,-48,43,No Risk,46,0,Urgent call regarding mobile app v2.1.0 launch crash and connection loop. Agent verified account credentials but confirmed ongoing backend service patch required.
2026-08-25 18:11:55,CM-98250-A,AGENT_ALEX,Billing_Support_US,471,156,33.2,88,Mobile_App_Connection_Failure,-43,44,High Risk,45,0,Urgent call regarding mobile app v2.1.0 launch crash and connection loop. Agent verified account credentials but confirmed ongoing backend service patch required.
2026-08-25 18:12:54,CM-54548-C,AGENT_SAM,Tech_Support_APAC,376,172,45.7,92,Mobile_App_Connection_Failure,-15,43,High Risk,63,0,Urgent call regarding mobile app v2.1.0 launch crash and connection loop. Agent verified account credentials but confirmed ongoing backend service patch required.
2026-08-25 18:15:40,CM-31215-B,AGENT_MORGAN,Tech_Support_US,627,421,67.2,74,Mobile_App_Connection_Failure,-54,27,High Risk,39,1,Customer states mobile application cannot establish server connection following v2.1.0 update. Agent attempted legacy cache reset without resolution. Issue logged for engineering.
2026-08-25 18:15:49,CM-67999-B,AGENT_TAYLOR,Billing_Support_US,388,26,6.8,15,Subscription_Renewal,85,95,No Risk,86,1,Enterprise contact reviewed upcoming annual contract renewal terms and license tiers. Agent forwarded formal quote sheet.
2026-08-25 18:19:41,CM-29623-A,AGENT_RILEY,Tech_Support_US,266,36,13.4,38,Order_Tracking,53,76,No Risk,72,1,Customer inquired regarding expedited courier delivery status for hardware order. Agent tracked consignment and confirmed arrival ETA.
2026-08-25 18:20:49,CM-12142-C,AGENT_SAM,Enterprise_Escalations,179,43,23.8,44,Subscription_Renewal,37,81,No Risk,80,1,Customer confirmed continuation of annual maintenance agreement and updated purchase order authorization number.
2026-08-25 18:21:17,CM-98225-C,AGENT_CHRIS,Billing_Support_US,222,36,16.4,15,Account_Access,46,81,No Risk,75,1,Caller needed email address change on primary customer account. Two-step verification completed and credentials refreshed.
2026-08-25 18:21:54,CM-42258-A,AGENT_CHRIS,Tech_Support_US,289,48,16.7,27,Order_Tracking,70,86,No Risk,77,1,Customer inquired regarding expedited courier delivery status for hardware order. Agent tracked consignment and confirmed arrival ETA.
2026-08-25 18:24:28,CM-29876-B,AGENT_CASEY,Enterprise_Escalations,435,322,74.1,59,Mobile_App_Connection_Failure,-90,50,No Risk,65,1,Customer states mobile application cannot establish server connection following v2.1.0 update. Agent attempted legacy cache reset without resolution. Issue logged for engineering.
2026-08-25 18:26:51,CM-42541-A,AGENT_CHRIS,Enterprise_Escalations,374,72,19.3,42,Account_Access,73,80,No Risk,66,0,User locked out after multi-factor authentication reset. Agent verified security answers and issued one-time password bypass token.
2026-08-25 18:31:02,CM-58799-B,AGENT_PAT,Customer_Care_Global,711,415,58.3,69,Mobile_App_Connection_Failure,-17,51,No Risk,50,1,Urgent call regarding mobile app v2.1.0 launch crash and connection loop. Agent verified account credentials but confirmed ongoing backend service patch required.
2026-08-25 18:31:39,CM-36143-C,AGENT_CASEY,Tech_Support_US,578,398,68.9,79,Mobile_App_Connection_Failure,-88,40,High Risk,66,0,Caller experiencing connection handshake error screen upon opening mobile app v2.1.0. Agent spent 6 minutes consulting internal incident ticket before offering workaround.
2026-08-25 18:34:06,CM-29603-C,AGENT_JORDAN,Tech_Support_US,347,209,60.3,89,Mobile_App_Connection_Failure,-86,42,High Risk,65,1,Customer reports app sync failure and pairing timeout after installing v2.1.0. Agent unable to locate revised connectivity troubleshooting steps in internal KB; escalated to Tier 2.
2026-08-25 18:38:46,CM-57895-C,AGENT_TAYLOR,Billing_Support_US,150,6,4.3,10,Billing_Inquiry,18,91,No Risk,90,1,Discussion regarding prorated subscription charges following plan upgrade. Agent explained billing cycle cutoff dates clearly.
2026-08-25 18:42:31,CM-39908-A,AGENT_PAT,Billing_Support_US,125,29,23.0,33,Subscription_Renewal,76,86,No Risk,98,1,Enterprise contact reviewed upcoming annual contract renewal terms and license tiers. Agent forwarded formal quote sheet.
2026-08-25 18:43:45,CM-85550-B,AGENT_CASEY,Tech_Support_APAC,630,389,61.8,62,Mobile_App_Connection_Failure,-30,56,No Risk,57,0,Customer frustrated by repeated connection drops in mobile client v2.1.0 during active workflow. Agent noted widespread app version regression and collected diagnostic logs.
2026-08-25 18:46:47,CM-76229-C,AGENT_PAT,Tech_Support_US,273,12,4.4,37,Subscription_Renewal,58,88,No Risk,74,1,Inquiry on multi-seat volume discount tiers for next fiscal renewal period. Agent summarized discount matrix.
2026-08-25 18:50:34,CM-84012-B,AGENT_AVERY,Customer_Care_Global,309,59,19.1,45,Subscription_Renewal,62,95,No Risk,95,1,Customer confirmed continuation of annual maintenance agreement and updated purchase order authorization number.
2026-08-25 18:50:38,CM-63883-B,AGENT_ALEX,Tech_Support_APAC,529,346,65.5,70,Mobile_App_Connection_Failure,-77,42,No Risk,43,0,Customer frustrated by repeated connection drops in mobile client v2.1.0 during active workflow. Agent noted widespread app version regression and collected diagnostic logs.
2026-08-25 18:51:10,CM-51896-B,AGENT_TAYLOR,Enterprise_Escalations,194,16,8.4,10,General_Product_Query,60,88,No Risk,83,1,Caller asked regarding desktop client system requirements and supported browser versions. Agent shared knowledge base link.
2026-08-25 18:53:02,CM-79721-B,AGENT_MORGAN,Tech_Support_US,514,201,39.1,62,Mobile_App_Connection_Failure,-66,69,No Risk,74,1,Customer states mobile application cannot establish server connection following v2.1.0 update. Agent attempted legacy cache reset without resolution. Issue logged for engineering.
2026-08-25 18:57:43,CM-62255-B,AGENT_ALEX,Customer_Care_Global,593,250,42.1,74,Mobile_App_Connection_Failure,-85,43,Medium Risk,45,0,Urgent call regarding mobile app v2.1.0 launch crash and connection loop. Agent verified account credentials but confirmed ongoing backend service patch required.
2026-08-25 18:59:55,CM-91690-A,AGENT_RILEY,Enterprise_Escalations,609,424,69.7,77,Mobile_App_Connection_Failure,-41,40,No Risk,35,0,Urgent call regarding mobile app v2.1.0 launch crash and connection loop. Agent verified account credentials but confirmed ongoing backend service patch required.
2026-08-25 19:01:40,CM-69133-B,AGENT_PAT,Billing_Support_US,419,230,54.9,79,Mobile_App_Connection_Failure,-56,52,No Risk,51,0,Customer states mobile application cannot establish server connection following v2.1.0 update. Agent attempted legacy cache reset without resolution. Issue logged for engineering.
2026-08-25 19:01:43,CM-31842-C,AGENT_RILEY,Customer_Care_Global,705,461,65.4,94,Mobile_App_Connection_Failure,-45,35,Medium Risk,38,0,Customer states mobile application cannot establish server connection following v2.1.0 update. Agent attempted legacy cache reset without resolution. Issue logged for engineering.
2026-08-25 19:03:15,CM-50944-C,AGENT_CHRIS,Billing_Support_US,403,167,41.5,92,Mobile_App_Connection_Failure,-73,37,High Risk,43,1,Caller experiencing connection handshake error screen upon opening mobile app v2.1.0. Agent spent 6 minutes consulting internal incident ticket before offering workaround.
2026-08-25 19:09:47,CM-34744-A,AGENT_RILEY,Customer_Care_Global,637,496,77.9,61,Mobile_App_Connection_Failure,-28,54,No Risk,78,0,Customer states mobile application cannot establish server connection following v2.1.0 update. Agent attempted legacy cache reset without resolution. Issue logged for engineering.
2026-08-25 19:17:14,CM-88261-C,AGENT_ALEX,Billing_Support_US,673,303,45.0,82,Mobile_App_Connection_Failure,-80,63,No Risk,67,0,Customer reports app sync failure and pairing timeout after installing v2.1.0. Agent unable to locate revised connectivity troubleshooting steps in internal KB; escalated to Tier 2.
2026-08-25 19:20:28,CM-25615-B,AGENT_RILEY,Customer_Care_Global,275,36,13.2,21,Subscription_Renewal,14,82,No Risk,75,0,Customer confirmed continuation of annual maintenance agreement and updated purchase order authorization number.
2026-08-25 19:24:02,CM-65862-C,AGENT_ALEX,Billing_Support_US,354,134,37.8,88,Mobile_App_Connection_Failure,-54,40,High Risk,56,1,Caller experiencing connection handshake error screen upon opening mobile app v2.1.0. Agent spent 6 minutes consulting internal incident ticket before offering workaround.
2026-08-25 19:27:16,CM-37636-C,AGENT_CASEY,Customer_Care_Global,294,49,16.7,27,Order_Tracking,67,87,No Risk,78,0,Inquiry regarding shipment customs delay. Agent contacted logistics partner and provided updated tracking manifest.
2026-08-25 19:31:08,CM-96732-C,AGENT_MORGAN,Billing_Support_US,380,240,63.1,64,Mobile_App_Connection_Failure,-41,62,No Risk,67,0,Customer frustrated by repeated connection drops in mobile client v2.1.0 during active workflow. Agent noted widespread app version regression and collected diagnostic logs.
2026-08-25 19:33:28,CM-20239-C,AGENT_SAM,Customer_Care_Global,379,51,13.5,14,General_Product_Query,71,87,No Risk,75,1,Caller asked regarding desktop client system requirements and supported browser versions. Agent shared knowledge base link.
2026-08-25 19:35:45,CM-58318-A,AGENT_RILEY,Tech_Support_APAC,392,208,53.1,67,Mobile_App_Connection_Failure,-68,62,No Risk,76,1,Caller experiencing connection handshake error screen upon opening mobile app v2.1.0. Agent spent 6 minutes consulting internal incident ticket before offering workaround.
2026-08-25 19:36:49,CM-95459-B,AGENT_MORGAN,Tech_Support_APAC,143,31,21.5,27,Subscription_Renewal,12,75,No Risk,74,0,Enterprise contact reviewed upcoming annual contract renewal terms and license tiers. Agent forwarded formal quote sheet.
2026-08-25 19:41:09,CM-59422-A,AGENT_RILEY,Tech_Support_APAC,702,329,46.8,94,Mobile_App_Connection_Failure,-29,48,Medium Risk,53,0,Customer states mobile application cannot establish server connection following v2.1.0 update. Agent attempted legacy cache reset without resolution. Issue logged for engineering.
2026-08-25 20:00:06,CM-43321-B,AGENT_PAT,Billing_Support_US,363,40,11.1,43,Billing_Inquiry,18,74,No Risk,66,1,Customer queried line-item surcharge on recent monthly statement. Agent reviewed billing schedule and credited processing variance.
2026-08-25 20:02:44,CM-74165-C,AGENT_PAT,Tech_Support_US,533,201,37.8,63,Mobile_App_Connection_Failure,-32,70,No Risk,65,1,Customer states mobile application cannot establish server connection following v2.1.0 update. Agent attempted legacy cache reset without resolution. Issue logged for engineering.
2026-08-25 20:12:00,CM-46639-B,AGENT_TAYLOR,Tech_Support_US,675,321,47.5,72,Mobile_App_Connection_Failure,-47,52,High Risk,72,0,Customer frustrated by repeated connection drops in mobile client v2.1.0 during active workflow. Agent noted widespread app version regression and collected diagnostic logs.
2026-08-25 20:22:23,CM-11227-A,AGENT_ALEX,Customer_Care_Global,372,29,7.8,29,Order_Tracking,88,89,No Risk,88,1,Customer inquired regarding expedited courier delivery status for hardware order. Agent tracked consignment and confirmed arrival ETA.
2026-08-25 20:32:40,CM-20277-B,AGENT_AVERY,Customer_Care_Global,613,466,76.0,95,Mobile_App_Connection_Failure,-69,49,Medium Risk,71,0,Customer frustrated by repeated connection drops in mobile client v2.1.0 during active workflow. Agent noted widespread app version regression and collected diagnostic logs.
2026-08-25 20:33:16,CM-51426-A,AGENT_RILEY,Tech_Support_APAC,705,360,51.0,90,Mobile_App_Connection_Failure,-19,67,No Risk,73,1,Urgent call regarding mobile app v2.1.0 launch crash and connection loop. Agent verified account credentials but confirmed ongoing backend service patch required.
2026-08-25 20:41:06,CM-51450-A,AGENT_PAT,Tech_Support_US,427,310,72.5,69,Mobile_App_Connection_Failure,-87,43,No Risk,47,1,Customer reports app sync failure and pairing timeout after installing v2.1.0. Agent unable to locate revised connectivity troubleshooting steps in internal KB; escalated to Tier 2.
2026-08-25 20:45:19,CM-89486-A,AGENT_TAYLOR,Billing_Support_US,566,387,68.4,95,Mobile_App_Connection_Failure,-38,52,No Risk,53,0,Customer frustrated by repeated connection drops in mobile client v2.1.0 during active workflow. Agent noted widespread app version regression and collected diagnostic logs.
2026-08-25 20:48:21,CM-23566-B,AGENT_JORDAN,Enterprise_Escalations,381,129,33.8,83,Mobile_App_Connection_Failure,-34,50,High Risk,58,0,Caller experiencing connection handshake error screen upon opening mobile app v2.1.0. Agent spent 6 minutes consulting internal incident ticket before offering workaround.
2026-08-25 20:52:47,CM-93755-B,AGENT_JORDAN,Tech_Support_US,401,230,57.4,93,Mobile_App_Connection_Failure,-86,34,Medium Risk,39,0,Customer frustrated by repeated connection drops in mobile client v2.1.0 during active workflow. Agent noted widespread app version regression and collected diagnostic logs.
2026-08-25 20:55:59,CM-39368-C,AGENT_ALEX,Billing_Support_US,162,18,11.4,16,Subscription_Renewal,82,78,No Risk,71,1,Inquiry on multi-seat volume discount tiers for next fiscal renewal period. Agent summarized discount matrix.
2026-08-25 20:57:08,CM-24945-A,AGENT_MORGAN,Tech_Support_APAC,354,249,70.2,90,Mobile_App_Connection_Failure,-53,20,High Risk,37,0,Customer reports app sync failure and pairing timeout after installing v2.1.0. Agent unable to locate revised connectivity troubleshooting steps in internal KB; escalated to Tier 2.
2026-08-25 20:58:30,CM-27481-A,AGENT_PAT,Enterprise_Escalations,231,23,10.0,30,General_Product_Query,80,86,No Risk,77,0,Caller asked regarding desktop client system requirements and supported browser versions. Agent shared knowledge base link.
2026-08-25 21:01:41,CM-72694-C,AGENT_ALEX,Billing_Support_US,127,11,8.7,43,Subscription_Renewal,61,89,No Risk,88,1,Enterprise contact reviewed upcoming annual contract renewal terms and license tiers. Agent forwarded formal quote sheet.
2026-08-25 21:03:39,CM-95890-A,AGENT_CASEY,Tech_Support_APAC,324,72,22.3,38,Account_Access,59,77,No Risk,77,1,User locked out after multi-factor authentication reset. Agent verified security answers and issued one-time password bypass token.
2026-08-25 21:03:41,CM-19329-C,AGENT_MORGAN,Customer_Care_Global,196,34,17.2,37,General_Product_Query,35,80,No Risk,82,1,Caller asked regarding desktop client system requirements and supported browser versions. Agent shared knowledge base link.
2026-08-25 21:03:45,CM-79168-C,AGENT_PAT,Tech_Support_APAC,518,236,45.5,56,Mobile_App_Connection_Failure,-41,57,No Risk,44,0,Caller experiencing connection handshake error screen upon opening mobile app v2.1.0. Agent spent 6 minutes consulting internal incident ticket before offering workaround.
2026-08-25 21:13:24,CM-10064-B,AGENT_PAT,Enterprise_Escalations,630,384,61.0,87,Mobile_App_Connection_Failure,-48,46,Medium Risk,54,0,Caller experiencing connection handshake error screen upon opening mobile app v2.1.0. Agent spent 6 minutes consulting internal incident ticket before offering workaround.
2026-08-25 21:15:46,CM-83912-A,AGENT_CASEY,Billing_Support_US,416,77,18.5,26,Order_Tracking,60,76,No Risk,69,1,Customer inquired regarding expedited courier delivery status for hardware order. Agent tracked consignment and confirmed arrival ETA.
2026-08-25 21:18:59,CM-95804-A,AGENT_AVERY,Tech_Support_US,400,217,54.2,68,Mobile_App_Connection_Failure,-72,65,No Risk,76,1,Customer states mobile application cannot establish server connection following v2.1.0 update. Agent attempted legacy cache reset without resolution. Issue logged for engineering.
2026-08-25 21:24:44,CM-99337-B,AGENT_AVERY,Tech_Support_APAC,417,183,43.9,95,Mobile_App_Connection_Failure,-42,64,No Risk,55,0,Customer frustrated by repeated connection drops in mobile client v2.1.0 during active workflow. Agent noted widespread app version regression and collected diagnostic logs.
2026-08-25 21:29:52,CM-91014-B,AGENT_ALEX,Enterprise_Escalations,182,14,7.7,13,General_Product_Query,18,95,No Risk,90,1,General inquiry on API rate limits and webhook notification configurations. Agent referenced technical developer documentation.
2026-08-25 21:33:06,CM-92706-B,AGENT_JORDAN,Enterprise_Escalations,346,223,64.4,60,Mobile_App_Connection_Failure,-65,45,No Risk,35,0,Customer frustrated by repeated connection drops in mobile client v2.1.0 during active workflow. Agent noted widespread app version regression and collected diagnostic logs.
2026-08-25 21:33:44,CM-96214-B,AGENT_AVERY,Enterprise_Escalations,319,14,4.4,11,Order_Tracking,70,77,Medium Risk,85,1,Customer confirmed receipt of initial shipment and verified serial numbers against enterprise invoice order.
2026-08-25 21:37:06,CM-46932-B,AGENT_CASEY,Enterprise_Escalations,326,129,39.5,93,Mobile_App_Connection_Failure,-65,76,No Risk,76,1,Customer frustrated by repeated connection drops in mobile client v2.1.0 during active workflow. Agent noted widespread app version regression and collected diagnostic logs.
2026-08-25 21:43:46,CM-75491-C,AGENT_CASEY,Tech_Support_US,394,17,4.3,15,Billing_Inquiry,30,88,No Risk,76,0,Customer queried line-item surcharge on recent monthly statement. Agent reviewed billing schedule and credited processing variance.
2026-08-25 21:52:30,CM-58702-A,AGENT_RILEY,Tech_Support_US,327,112,34.4,95,Mobile_App_Connection_Failure,-72,69,No Risk,57,0,Customer frustrated by repeated connection drops in mobile client v2.1.0 during active workflow. Agent noted widespread app version regression and collected diagnostic logs.
2026-08-25 21:54:14,CM-77977-C,AGENT_CASEY,Enterprise_Escalations,626,397,63.4,87,Mobile_App_Connection_Failure,-43,53,Medium Risk,69,0,Customer frustrated by repeated connection drops in mobile client v2.1.0 during active workflow. Agent noted widespread app version regression and collected diagnostic logs.
2026-08-25 22:04:56,CM-79352-B,AGENT_CASEY,Tech_Support_APAC,270,48,17.6,27,Billing_Inquiry,78,88,No Risk,92,1,Customer queried line-item surcharge on recent monthly statement. Agent reviewed billing schedule and credited processing variance.
2026-08-25 22:13:04,CM-77035-B,AGENT_PAT,Enterprise_Escalations,370,59,16.0,18,General_Product_Query,83,87,No Risk,86,1,Prospective customer requested feature comparison between Standard and Enterprise analytics tiers.
2026-08-25 22:14:10,CM-79717-C,AGENT_CASEY,Customer_Care_Global,500,244,48.9,67,Mobile_App_Connection_Failure,-82,58,No Risk,46,0,Caller experiencing connection handshake error screen upon opening mobile app v2.1.0. Agent spent 6 minutes consulting internal incident ticket before offering workaround.
2026-08-25 22:15:38,CM-78021-C,AGENT_RILEY,Customer_Care_Global,470,277,58.9,60,Mobile_App_Connection_Failure,-28,58,No Risk,55,0,Customer states mobile application cannot establish server connection following v2.1.0 update. Agent attempted legacy cache reset without resolution. Issue logged for engineering.
2026-08-25 22:15:39,CM-14485-C,AGENT_TAYLOR,Billing_Support_US,478,236,49.3,65,Mobile_App_Connection_Failure,-23,54,No Risk,49,0,Customer states mobile application cannot establish server connection following v2.1.0 update. Agent attempted legacy cache reset without resolution. Issue logged for engineering.
2026-08-25 22:18:47,CM-91051-A,AGENT_MORGAN,Tech_Support_US,727,444,61.1,61,Mobile_App_Connection_Failure,-51,65,No Risk,72,0,Customer states mobile application cannot establish server connection following v2.1.0 update. Agent attempted legacy cache reset without resolution. Issue logged for engineering.
2026-08-25 22:20:28,CM-18163-C,AGENT_TAYLOR,Enterprise_Escalations,388,182,47.0,88,Mobile_App_Connection_Failure,-29,52,Medium Risk,64,0,Urgent call regarding mobile app v2.1.0 launch crash and connection loop. Agent verified account credentials but confirmed ongoing backend service patch required.
2026-08-25 22:28:24,CM-55653-B,AGENT_PAT,Tech_Support_APAC,465,209,45.0,90,Mobile_App_Connection_Failure,-66,61,Medium Risk,72,0,Customer states mobile application cannot establish server connection following v2.1.0 update. Agent attempted legacy cache reset without resolution. Issue logged for engineering.
2026-08-25 22:30:53,CM-65296-A,AGENT_JORDAN,Tech_Support_US,223,52,23.3,11,Subscription_Renewal,70,85,No Risk,83,1,Inquiry on multi-seat volume discount tiers for next fiscal renewal period. Agent summarized discount matrix.
2026-08-25 22:36:10,CM-77490-B,AGENT_MORGAN,Tech_Support_APAC,347,15,4.3,12,Order_Tracking,56,78,Medium Risk,79,1,Customer confirmed receipt of initial shipment and verified serial numbers against enterprise invoice order.
2026-08-25 22:38:21,CM-72580-C,AGENT_MORGAN,Customer_Care_Global,670,413,61.7,91,Mobile_App_Connection_Failure,-79,43,No Risk,37,0,Customer reports app sync failure and pairing timeout after installing v2.1.0. Agent unable to locate revised connectivity troubleshooting steps in internal KB; escalated to Tier 2.
2026-08-25 22:41:35,CM-45190-C,AGENT_AVERY,Billing_Support_US,518,266,51.4,94,Mobile_App_Connection_Failure,-43,50,No Risk,40,0,Customer states mobile application cannot establish server connection following v2.1.0 update. Agent attempted legacy cache reset without resolution. Issue logged for engineering.
2026-08-25 22:43:19,CM-61196-B,AGENT_TAYLOR,Billing_Support_US,582,428,73.6,70,Mobile_App_Connection_Failure,-88,50,No Risk,67,0,Customer reports app sync failure and pairing timeout after installing v2.1.0. Agent unable to locate revised connectivity troubleshooting steps in internal KB; escalated to Tier 2.
2026-08-25 22:44:29,CM-58342-A,AGENT_CHRIS,Billing_Support_US,728,443,60.9,80,Mobile_App_Connection_Failure,-49,42,No Risk,37,0,Caller experiencing connection handshake error screen upon opening mobile app v2.1.0. Agent spent 6 minutes consulting internal incident ticket before offering workaround.
2026-08-25 22:51:19,CM-78903-B,AGENT_PAT,Enterprise_Escalations,476,365,76.7,83,Mobile_App_Connection_Failure,-81,32,Medium Risk,43,1,Urgent call regarding mobile app v2.1.0 launch crash and connection loop. Agent verified account credentials but confirmed ongoing backend service patch required.
2026-08-25 22:51:25,CM-92781-B,AGENT_ALEX,Customer_Care_Global,367,22,6.1,35,Subscription_Renewal,75,79,No Risk,69,1,Inquiry on multi-seat volume discount tiers for next fiscal renewal period. Agent summarized discount matrix.
2026-08-25 22:56:17,CM-55718-C,AGENT_SAM,Customer_Care_Global,711,449,63.1,80,Mobile_App_Connection_Failure,-42,32,Medium Risk,44,1,Caller experiencing connection handshake error screen upon opening mobile app v2.1.0. Agent spent 6 minutes consulting internal incident ticket before offering workaround.
2026-08-25 23:02:28,CM-88512-B,AGENT_TAYLOR,Tech_Support_APAC,319,224,70.3,92,Mobile_App_Connection_Failure,-48,39,No Risk,40,0,Caller experiencing connection handshake error screen upon opening mobile app v2.1.0. Agent spent 6 minutes consulting internal incident ticket before offering workaround.
2026-08-25 23:05:13,CM-48684-C,AGENT_CHRIS,Tech_Support_APAC,704,250,35.5,80,Mobile_App_Connection_Failure,-62,43,High Risk,60,0,Customer states mobile application cannot establish server connection following v2.1.0 update. Agent attempted legacy cache reset without resolution. Issue logged for engineering.
2026-08-25 23:09:57,CM-76628-A,AGENT_AVERY,Tech_Support_US,247,15,6.1,30,Account_Access,94,93,No Risk,82,1,Customer requested administrative permission transfer for organization portal. Agent processed identity verification protocol successfully.
2026-08-25 23:11:10,CM-23979-A,AGENT_PAT,Enterprise_Escalations,589,269,45.6,56,Mobile_App_Connection_Failure,-53,75,No Risk,78,0,Customer states mobile application cannot establish server connection following v2.1.0 update. Agent attempted legacy cache reset without resolution. Issue logged for engineering.
2026-08-25 23:13:29,CM-74117-C,AGENT_PAT,Tech_Support_US,465,206,44.3,81,Mobile_App_Connection_Failure,-63,57,No Risk,51,0,Caller experiencing connection handshake error screen upon opening mobile app v2.1.0. Agent spent 6 minutes consulting internal incident ticket before offering workaround.
2026-08-25 23:18:38,CM-33699-C,AGENT_ALEX,Customer_Care_Global,316,50,15.9,41,Account_Access,29,83,No Risk,80,1,Caller needed email address change on primary customer account. Two-step verification completed and credentials refreshed.
2026-08-25 23:19:05,CM-72900-C,AGENT_SAM,Tech_Support_US,652,261,40.0,82,Mobile_App_Connection_Failure,-49,68,No Risk,67,0,Urgent call regarding mobile app v2.1.0 launch crash and connection loop. Agent verified account credentials but confirmed ongoing backend service patch required.
2026-08-25 23:26:52,CM-15747-B,AGENT_MORGAN,Customer_Care_Global,333,252,75.6,89,Mobile_App_Connection_Failure,-69,27,High Risk,48,0,Customer reports app sync failure and pairing timeout after installing v2.1.0. Agent unable to locate revised connectivity troubleshooting steps in internal KB; escalated to Tier 2.
2026-08-25 23:27:16,CM-53850-A,AGENT_ALEX,Tech_Support_US,694,415,59.8,67,Mobile_App_Connection_Failure,-55,46,No Risk,35,0,Caller experiencing connection handshake error screen upon opening mobile app v2.1.0. Agent spent 6 minutes consulting internal incident ticket before offering workaround.
2026-08-25 23:33:16,CM-17536-B,AGENT_ALEX,Enterprise_Escalations,395,181,45.7,55,Mobile_App_Connection_Failure,-77,57,No Risk,60,1,Caller experiencing connection handshake error screen upon opening mobile app v2.1.0. Agent spent 6 minutes consulting internal incident ticket before offering workaround.
2026-08-25 23:36:25,CM-37425-C,AGENT_JORDAN,Billing_Support_US,380,20,5.3,34,General_Product_Query,75,92,No Risk,88,1,General inquiry on API rate limits and webhook notification configurations. Agent referenced technical developer documentation.
2026-08-25 23:40:01,CM-87779-A,AGENT_JORDAN,Tech_Support_US,552,390,70.6,91,Mobile_App_Connection_Failure,-24,45,No Risk,51,0,Customer frustrated by repeated connection drops in mobile client v2.1.0 during active workflow. Agent noted widespread app version regression and collected diagnostic logs.
2026-08-25 23:57:07,CM-49800-A,AGENT_MORGAN,Enterprise_Escalations,723,237,32.8,77,Mobile_App_Connection_Failure,-57,53,High Risk,67,0,Customer states mobile application cannot establish server connection following v2.1.0 update. Agent attempted legacy cache reset without resolution. Issue logged for engineering.
2026-08-26 00:01:35,CM-12091-C,AGENT_AVERY,Billing_Support_US,132,28,21.0,42,Order_Tracking,34,94,No Risk,96,1,Inquiry regarding shipment customs delay. Agent contacted logistics partner and provided updated tracking manifest.
2026-08-26 00:02:22,CM-56787-A,AGENT_RILEY,Customer_Care_Global,397,39,9.9,25,General_Product_Query,93,90,No Risk,97,1,Caller asked regarding desktop client system requirements and supported browser versions. Agent shared knowledge base link.
2026-08-26 00:17:31,CM-58679-B,AGENT_ALEX,Customer_Care_Global,336,223,66.5,58,Mobile_App_Connection_Failure,-72,55,No Risk,69,1,Customer frustrated by repeated connection drops in mobile client v2.1.0 during active workflow. Agent noted widespread app version regression and collected diagnostic logs.
2026-08-26 00:24:46,CM-30195-A,AGENT_CHRIS,Billing_Support_US,384,39,10.2,19,General_Product_Query,51,85,No Risk,73,1,Caller asked regarding desktop client system requirements and supported browser versions. Agent shared knowledge base link.
2026-08-26 00:26:10,CM-25374-A,AGENT_CASEY,Billing_Support_US,462,230,49.7,77,Mobile_App_Connection_Failure,-30,58,Medium Risk,68,1,Customer states mobile application cannot establish server connection following v2.1.0 update. Agent attempted legacy cache reset without resolution. Issue logged for engineering.
2026-08-26 00:30:43,CM-91481-A,AGENT_CHRIS,Billing_Support_US,301,166,55.3,56,Mobile_App_Connection_Failure,-31,70,No Risk,77,0,Caller experiencing connection handshake error screen upon opening mobile app v2.1.0. Agent spent 6 minutes consulting internal incident ticket before offering workaround.
2026-08-26 00:38:18,CM-75500-A,AGENT_ALEX,Tech_Support_US,453,352,77.8,62,Mobile_App_Connection_Failure,-52,46,No Risk,58,0,Customer states mobile application cannot establish server connection following v2.1.0 update. Agent attempted legacy cache reset without resolution. Issue logged for engineering.
2026-08-26 00:41:12,CM-99805-C,AGENT_CHRIS,Billing_Support_US,313,167,53.5,84,Mobile_App_Connection_Failure,-38,62,No Risk,61,1,Customer states mobile application cannot establish server connection following v2.1.0 update. Agent attempted legacy cache reset without resolution. Issue logged for engineering.
2026-08-26 00:47:19,CM-12948-A,AGENT_JORDAN,Customer_Care_Global,368,236,64.1,66,Mobile_App_Connection_Failure,-24,60,No Risk,64,0,Urgent call regarding mobile app v2.1.0 launch crash and connection loop. Agent verified account credentials but confirmed ongoing backend service patch required.
2026-08-26 00:52:12,CM-18698-B,AGENT_PAT,Enterprise_Escalations,214,40,18.8,11,General_Product_Query,68,85,No Risk,93,1,Prospective customer requested feature comparison between Standard and Enterprise analytics tiers.
2026-08-26 00:57:50,CM-82633-A,AGENT_PAT,Billing_Support_US,703,350,49.8,71,Mobile_App_Connection_Failure,-43,27,High Risk,39,0,Caller experiencing connection handshake error screen upon opening mobile app v2.1.0. Agent spent 6 minutes consulting internal incident ticket before offering workaround.
2026-08-26 01:15:30,CM-90225-A,AGENT_PAT,Enterprise_Escalations,383,258,67.3,91,Mobile_App_Connection_Failure,-48,28,High Risk,44,1,Customer reports app sync failure and pairing timeout after installing v2.1.0. Agent unable to locate revised connectivity troubleshooting steps in internal KB; escalated to Tier 2.
2026-08-26 01:21:42,CM-99051-A,AGENT_ALEX,Tech_Support_US,316,15,4.7,25,Subscription_Renewal,18,78,No Risk,67,1,Inquiry on multi-seat volume discount tiers for next fiscal renewal period. Agent summarized discount matrix.
2026-08-26 01:25:52,CM-80668-A,AGENT_ALEX,Customer_Care_Global,395,166,41.9,72,Mobile_App_Connection_Failure,-35,41,High Risk,52,1,Urgent call regarding mobile app v2.1.0 launch crash and connection loop. Agent verified account credentials but confirmed ongoing backend service patch required.
2026-08-26 01:27:35,CM-82719-C,AGENT_JORDAN,Tech_Support_APAC,362,129,35.6,55,Mobile_App_Connection_Failure,-74,58,No Risk,45,0,Customer reports app sync failure and pairing timeout after installing v2.1.0. Agent unable to locate revised connectivity troubleshooting steps in internal KB; escalated to Tier 2.
2026-08-26 01:29:35,CM-22598-B,AGENT_AVERY,Tech_Support_US,303,36,11.9,20,Billing_Inquiry,53,92,No Risk,97,1,Caller requested invoice copy and updated credit card details on enterprise billing profile. Verified billing contacts and confirmed change.
2026-08-26 01:41:28,CM-27705-B,AGENT_ALEX,Customer_Care_Global,412,87,21.1,27,Account_Access,12,74,No Risk,74,1,User locked out after multi-factor authentication reset. Agent verified security answers and issued one-time password bypass token.
2026-08-26 01:45:31,CM-34749-B,AGENT_TAYLOR,Billing_Support_US,510,234,45.9,79,Mobile_App_Connection_Failure,-22,33,High Risk,40,0,Customer states mobile application cannot establish server connection following v2.1.0 update. Agent attempted legacy cache reset without resolution. Issue logged for engineering.
2026-08-26 01:47:51,CM-44454-A,AGENT_CHRIS,Billing_Support_US,724,553,76.4,61,Mobile_App_Connection_Failure,-74,41,No Risk,42,1,Customer states mobile application cannot establish server connection following v2.1.0 update. Agent attempted legacy cache reset without resolution. Issue logged for engineering.
2026-08-26 01:50:27,CM-42457-A,AGENT_CHRIS,Enterprise_Escalations,517,361,69.9,84,Mobile_App_Connection_Failure,-44,48,No Risk,61,0,Customer states mobile application cannot establish server connection following v2.1.0 update. Agent attempted legacy cache reset without resolution. Issue logged for engineering.
2026-08-26 01:50:29,CM-41030-A,AGENT_AVERY,Enterprise_Escalations,331,120,36.4,92,Mobile_App_Connection_Failure,-33,52,No Risk,37,0,Customer frustrated by repeated connection drops in mobile client v2.1.0 during active workflow. Agent noted widespread app version regression and collected diagnostic logs.
2026-08-26 01:53:10,CM-88167-C,AGENT_CHRIS,Billing_Support_US,326,36,10.9,32,Account_Access,72,76,No Risk,66,1,User locked out after multi-factor authentication reset. Agent verified security answers and issued one-time password bypass token.
2026-08-26 01:53:22,CM-67805-B,AGENT_SAM,Tech_Support_US,238,53,22.2,25,Order_Tracking,52,91,No Risk,94,0,Inquiry regarding shipment customs delay. Agent contacted logistics partner and provided updated tracking manifest.
2026-08-26 02:00:46,CM-43398-C,AGENT_JORDAN,Customer_Care_Global,174,35,20.0,11,General_Product_Query,61,80,No Risk,80,0,General inquiry on API rate limits and webhook notification configurations. Agent referenced technical developer documentation.
2026-08-26 02:14:36,CM-85999-C,AGENT_PAT,Customer_Care_Global,676,316,46.7,64,Mobile_App_Connection_Failure,-68,56,No Risk,48,1,Customer frustrated by repeated connection drops in mobile client v2.1.0 during active workflow. Agent noted widespread app version regression and collected diagnostic logs.
2026-08-26 02:14:53,CM-43004-B,AGENT_JORDAN,Tech_Support_US,712,481,67.6,76,Mobile_App_Connection_Failure,-50,25,High Risk,50,1,Customer frustrated by repeated connection drops in mobile client v2.1.0 during active workflow. Agent noted widespread app version regression and collected diagnostic logs.
2026-08-26 02:17:57,CM-93792-C,AGENT_SAM,Tech_Support_APAC,313,133,42.4,88,Mobile_App_Connection_Failure,-40,62,Medium Risk,72,0,Customer reports app sync failure and pairing timeout after installing v2.1.0. Agent unable to locate revised connectivity troubleshooting steps in internal KB; escalated to Tier 2.
2026-08-26 02:23:58,CM-83793-C,AGENT_CASEY,Enterprise_Escalations,690,394,57.1,73,Mobile_App_Connection_Failure,-65,45,Medium Risk,47,0,Caller experiencing connection handshake error screen upon opening mobile app v2.1.0. Agent spent 6 minutes consulting internal incident ticket before offering workaround.
2026-08-26 02:27:24,CM-98652-B,AGENT_RILEY,Billing_Support_US,221,20,9.1,23,General_Product_Query,13,84,No Risk,77,1,Prospective customer requested feature comparison between Standard and Enterprise analytics tiers.
2026-08-26 02:28:16,CM-94900-A,AGENT_PAT,Customer_Care_Global,671,423,63.0,80,Mobile_App_Connection_Failure,-72,28,High Risk,45,0,Urgent call regarding mobile app v2.1.0 launch crash and connection loop. Agent verified account credentials but confirmed ongoing backend service patch required.
2026-08-26 02:31:03,CM-55731-C,AGENT_AVERY,Customer_Care_Global,499,299,59.9,65,Mobile_App_Connection_Failure,-84,52,No Risk,46,1,Caller experiencing connection handshake error screen upon opening mobile app v2.1.0. Agent spent 6 minutes consulting internal incident ticket before offering workaround.
2026-08-26 02:31:19,CM-15328-C,AGENT_JORDAN,Customer_Care_Global,572,240,41.9,61,Mobile_App_Connection_Failure,-24,60,No Risk,59,1,Customer reports app sync failure and pairing timeout after installing v2.1.0. Agent unable to locate revised connectivity troubleshooting steps in internal KB; escalated to Tier 2.
2026-08-26 02:36:19,CM-81888-B,AGENT_RILEY,Customer_Care_Global,490,359,73.3,65,Mobile_App_Connection_Failure,-51,44,No Risk,53,0,Customer states mobile application cannot establish server connection following v2.1.0 update. Agent attempted legacy cache reset without resolution. Issue logged for engineering.
2026-08-26 02:37:21,CM-71849-A,AGENT_SAM,Enterprise_Escalations,702,442,62.9,65,Mobile_App_Connection_Failure,-49,48,No Risk,45,1,Customer reports app sync failure and pairing timeout after installing v2.1.0. Agent unable to locate revised connectivity troubleshooting steps in internal KB; escalated to Tier 2.
2026-08-26 02:37:37,CM-96106-A,AGENT_SAM,Tech_Support_US,271,37,13.8,35,Subscription_Renewal,90,76,No Risk,71,1,Enterprise contact reviewed upcoming annual contract renewal terms and license tiers. Agent forwarded formal quote sheet.
2026-08-26 02:46:37,CM-40626-B,AGENT_PAT,Billing_Support_US,529,298,56.4,55,Mobile_App_Connection_Failure,-35,62,No Risk,59,1,Caller experiencing connection handshake error screen upon opening mobile app v2.1.0. Agent spent 6 minutes consulting internal incident ticket before offering workaround.
2026-08-26 03:03:41,CM-45321-A,AGENT_RILEY,Billing_Support_US,663,320,48.3,55,Mobile_App_Connection_Failure,-35,51,No Risk,47,1,Customer states mobile application cannot establish server connection following v2.1.0 update. Agent attempted legacy cache reset without resolution. Issue logged for engineering.
2026-08-26 03:15:21,CM-32619-A,AGENT_ALEX,Customer_Care_Global,731,375,51.3,85,Mobile_App_Connection_Failure,-50,31,High Risk,46,0,Customer reports app sync failure and pairing timeout after installing v2.1.0. Agent unable to locate revised connectivity troubleshooting steps in internal KB; escalated to Tier 2.
2026-08-26 03:24:22,CM-17897-A,AGENT_RILEY,Tech_Support_APAC,495,199,40.3,81,Mobile_App_Connection_Failure,-73,54,Medium Risk,63,1,Customer frustrated by repeated connection drops in mobile client v2.1.0 during active workflow. Agent noted widespread app version regression and collected diagnostic logs.
2026-08-26 03:28:37,CM-94123-A,AGENT_CASEY,Tech_Support_APAC,238,55,22.9,13,Billing_Inquiry,95,72,No Risk,69,1,Discussion regarding prorated subscription charges following plan upgrade. Agent explained billing cycle cutoff dates clearly.
2026-08-26 03:39:58,CM-23068-C,AGENT_RILEY,Enterprise_Escalations,532,178,33.5,81,Mobile_App_Connection_Failure,-53,68,No Risk,70,0,Customer frustrated by repeated connection drops in mobile client v2.1.0 during active workflow. Agent noted widespread app version regression and collected diagnostic logs.
2026-08-26 03:40:53,CM-64987-A,AGENT_RILEY,Enterprise_Escalations,410,295,72.0,82,Mobile_App_Connection_Failure,-70,35,Medium Risk,56,0,Customer states mobile application cannot establish server connection following v2.1.0 update. Agent attempted legacy cache reset without resolution. Issue logged for engineering.
2026-08-26 03:41:25,CM-95996-A,AGENT_ALEX,Billing_Support_US,683,422,61.8,56,Mobile_App_Connection_Failure,-29,52,No Risk,51,0,Customer reports app sync failure and pairing timeout after installing v2.1.0. Agent unable to locate revised connectivity troubleshooting steps in internal KB; escalated to Tier 2.
2026-08-26 03:54:54,CM-62322-B,AGENT_JORDAN,Billing_Support_US,549,371,67.6,63,Mobile_App_Connection_Failure,-74,50,No Risk,60,0,Urgent call regarding mobile app v2.1.0 launch crash and connection loop. Agent verified account credentials but confirmed ongoing backend service patch required.
2026-08-26 04:02:07,CM-31643-B,AGENT_CASEY,Enterprise_Escalations,643,268,41.7,67,Mobile_App_Connection_Failure,-21,71,No Risk,76,0,Caller experiencing connection handshake error screen upon opening mobile app v2.1.0. Agent spent 6 minutes consulting internal incident ticket before offering workaround.
2026-08-26 04:04:15,CM-34039-B,AGENT_AVERY,Tech_Support_APAC,618,439,71.0,90,Mobile_App_Connection_Failure,-36,29,High Risk,48,1,Urgent call regarding mobile app v2.1.0 launch crash and connection loop. Agent verified account credentials but confirmed ongoing backend service patch required.
2026-08-26 04:11:03,CM-94191-A,AGENT_TAYLOR,Billing_Support_US,493,360,73.1,90,Mobile_App_Connection_Failure,-20,52,No Risk,57,0,Customer states mobile application cannot establish server connection following v2.1.0 update. Agent attempted legacy cache reset without resolution. Issue logged for engineering.
2026-08-26 04:11:58,CM-77021-A,AGENT_TAYLOR,Billing_Support_US,465,336,72.2,85,Mobile_App_Connection_Failure,-68,20,High Risk,43,1,Caller experiencing connection handshake error screen upon opening mobile app v2.1.0. Agent spent 6 minutes consulting internal incident ticket before offering workaround.
2026-08-26 04:14:01,CM-29410-B,AGENT_TAYLOR,Tech_Support_APAC,641,470,73.4,77,Mobile_App_Connection_Failure,-85,44,No Risk,41,1,Caller experiencing connection handshake error screen upon opening mobile app v2.1.0. Agent spent 6 minutes consulting internal incident ticket before offering workaround.
2026-08-26 04:15:01,CM-40107-A,AGENT_PAT,Enterprise_Escalations,673,524,77.8,85,Mobile_App_Connection_Failure,-15,37,Medium Risk,62,0,Customer reports app sync failure and pairing timeout after installing v2.1.0. Agent unable to locate revised connectivity troubleshooting steps in internal KB; escalated to Tier 2.
2026-08-26 04:25:29,CM-69210-A,AGENT_ALEX,Billing_Support_US,259,25,9.8,10,General_Product_Query,31,85,No Risk,81,0,Prospective customer requested feature comparison between Standard and Enterprise analytics tiers.
2026-08-26 04:35:52,CM-87415-C,AGENT_SAM,Tech_Support_US,364,218,60.0,89,Mobile_App_Connection_Failure,-54,47,No Risk,37,1,Caller experiencing connection handshake error screen upon opening mobile app v2.1.0. Agent spent 6 minutes consulting internal incident ticket before offering workaround.
2026-08-26 04:40:41,CM-19487-C,AGENT_SAM,Customer_Care_Global,408,94,23.1,26,General_Product_Query,78,91,No Risk,95,0,Caller asked regarding desktop client system requirements and supported browser versions. Agent shared knowledge base link.
2026-08-26 04:55:35,CM-92278-B,AGENT_RILEY,Tech_Support_US,561,402,71.7,75,Mobile_App_Connection_Failure,-86,59,No Risk,77,0,Customer frustrated by repeated connection drops in mobile client v2.1.0 during active workflow. Agent noted widespread app version regression and collected diagnostic logs.
2026-08-26 04:56:52,CM-37112-C,AGENT_RILEY,Customer_Care_Global,617,213,34.5,84,Mobile_App_Connection_Failure,-62,65,Medium Risk,73,0,Customer frustrated by repeated connection drops in mobile client v2.1.0 during active workflow. Agent noted widespread app version regression and collected diagnostic logs.
2026-08-26 04:57:35,CM-61150-B,AGENT_AVERY,Customer_Care_Global,704,227,32.2,68,Mobile_App_Connection_Failure,-17,71,No Risk,67,1,Customer frustrated by repeated connection drops in mobile client v2.1.0 during active workflow. Agent noted widespread app version regression and collected diagnostic logs.
2026-08-26 04:57:42,CM-39002-C,AGENT_TAYLOR,Tech_Support_APAC,468,351,75.0,81,Mobile_App_Connection_Failure,-16,35,Medium Risk,49,0,Customer frustrated by repeated connection drops in mobile client v2.1.0 during active workflow. Agent noted widespread app version regression and collected diagnostic logs.
2026-08-26 05:02:08,CM-57542-C,AGENT_SAM,Customer_Care_Global,199,31,15.4,40,Account_Access,49,81,No Risk,73,1,User locked out after multi-factor authentication reset. Agent verified security answers and issued one-time password bypass token.
2026-08-26 05:03:46,CM-83380-A,AGENT_PAT,Enterprise_Escalations,135,18,13.5,17,General_Product_Query,60,94,No Risk,93,1,Caller asked regarding desktop client system requirements and supported browser versions. Agent shared knowledge base link.
2026-08-26 05:06:16,CM-95904-C,AGENT_TAYLOR,Tech_Support_APAC,510,203,39.9,91,Mobile_App_Connection_Failure,-17,39,High Risk,45,0,Customer states mobile application cannot establish server connection following v2.1.0 update. Agent attempted legacy cache reset without resolution. Issue logged for engineering.
2026-08-26 05:13:34,CM-31591-A,AGENT_PAT,Customer_Care_Global,134,16,12.1,12,Order_Tracking,65,86,No Risk,77,1,Customer confirmed receipt of initial shipment and verified serial numbers against enterprise invoice order.
2026-08-26 05:13:43,CM-70687-A,AGENT_JORDAN,Tech_Support_APAC,692,249,36.0,92,Mobile_App_Connection_Failure,-50,35,High Risk,45,1,Customer states mobile application cannot establish server connection following v2.1.0 update. Agent attempted legacy cache reset without resolution. Issue logged for engineering.
2026-08-26 05:18:32,CM-17128-C,AGENT_RILEY,Enterprise_Escalations,549,345,62.9,61,Mobile_App_Connection_Failure,-58,49,No Risk,56,1,Caller experiencing connection handshake error screen upon opening mobile app v2.1.0. Agent spent 6 minutes consulting internal incident ticket before offering workaround.
2026-08-26 05:27:45,CM-69974-A,AGENT_CHRIS,Tech_Support_US,260,28,10.7,30,Subscription_Renewal,32,85,No Risk,78,1,Enterprise contact reviewed upcoming annual contract renewal terms and license tiers. Agent forwarded formal quote sheet.
2026-08-26 05:30:29,CM-91962-A,AGENT_CASEY,Enterprise_Escalations,640,236,36.9,77,Mobile_App_Connection_Failure,-17,43,High Risk,62,0,Customer states mobile application cannot establish server connection following v2.1.0 update. Agent attempted legacy cache reset without resolution. Issue logged for engineering.
2026-08-26 05:30:41,CM-55982-C,AGENT_SAM,Enterprise_Escalations,739,347,46.9,73,Mobile_App_Connection_Failure,-53,41,High Risk,67,0,Customer states mobile application cannot establish server connection following v2.1.0 update. Agent attempted legacy cache reset without resolution. Issue logged for engineering.
2026-08-26 05:35:22,CM-93941-C,AGENT_ALEX,Tech_Support_APAC,289,64,22.0,28,Account_Access,24,82,No Risk,76,1,Customer requested administrative permission transfer for organization portal. Agent processed identity verification protocol successfully.
2026-08-26 05:39:05,CM-92589-C,AGENT_SAM,Enterprise_Escalations,567,349,61.6,67,Mobile_App_Connection_Failure,-80,49,No Risk,47,1,Customer frustrated by repeated connection drops in mobile client v2.1.0 during active workflow. Agent noted widespread app version regression and collected diagnostic logs.
2026-08-26 05:40:18,CM-40005-C,AGENT_AVERY,Enterprise_Escalations,460,321,69.7,91,Mobile_App_Connection_Failure,-28,44,Medium Risk,67,1,Customer states mobile application cannot establish server connection following v2.1.0 update. Agent attempted legacy cache reset without resolution. Issue logged for engineering.
2026-08-26 05:41:51,CM-72848-B,AGENT_JORDAN,Enterprise_Escalations,466,253,54.3,74,Mobile_App_Connection_Failure,-35,25,High Risk,39,0,Urgent call regarding mobile app v2.1.0 launch crash and connection loop. Agent verified account credentials but confirmed ongoing backend service patch required.
2026-08-26 05:43:44,CM-50593-C,AGENT_RILEY,Customer_Care_Global,355,73,20.7,18,Subscription_Renewal,87,88,No Risk,93,1,Inquiry on multi-seat volume discount tiers for next fiscal renewal period. Agent summarized discount matrix.
2026-08-26 06:03:36,CM-75289-C,AGENT_JORDAN,Tech_Support_US,345,71,20.5,38,General_Product_Query,84,72,No Risk,69,1,Caller asked regarding desktop client system requirements and supported browser versions. Agent shared knowledge base link.
2026-08-26 06:04:57,CM-76507-A,AGENT_TAYLOR,Billing_Support_US,593,219,37.0,78,Mobile_App_Connection_Failure,-19,63,No Risk,49,1,Customer frustrated by repeated connection drops in mobile client v2.1.0 during active workflow. Agent noted widespread app version regression and collected diagnostic logs.
2026-08-26 06:05:01,CM-68610-A,AGENT_MORGAN,Customer_Care_Global,476,326,68.5,82,Mobile_App_Connection_Failure,-52,20,High Risk,40,1,Urgent call regarding mobile app v2.1.0 launch crash and connection loop. Agent verified account credentials but confirmed ongoing backend service patch required.
2026-08-26 06:07:55,CM-97854-B,AGENT_ALEX,Customer_Care_Global,516,249,48.3,71,Mobile_App_Connection_Failure,-75,51,No Risk,42,1,Caller experiencing connection handshake error screen upon opening mobile app v2.1.0. Agent spent 6 minutes consulting internal incident ticket before offering workaround.
2026-08-26 06:09:20,CM-87924-A,AGENT_AVERY,Tech_Support_APAC,666,392,58.8,75,Mobile_App_Connection_Failure,-24,42,Medium Risk,55,0,Customer reports app sync failure and pairing timeout after installing v2.1.0. Agent unable to locate revised connectivity troubleshooting steps in internal KB; escalated to Tier 2.
2026-08-26 06:14:02,CM-41871-C,AGENT_PAT,Customer_Care_Global,504,191,37.8,91,Mobile_App_Connection_Failure,-26,67,No Risk,69,0,Urgent call regarding mobile app v2.1.0 launch crash and connection loop. Agent verified account credentials but confirmed ongoing backend service patch required.
2026-08-26 06:16:19,CM-85397-A,AGENT_RILEY,Customer_Care_Global,312,211,67.5,87,Mobile_App_Connection_Failure,-15,53,No Risk,65,0,Customer states mobile application cannot establish server connection following v2.1.0 update. Agent attempted legacy cache reset without resolution. Issue logged for engineering.
2026-08-26 06:22:26,CM-87810-B,AGENT_PAT,Customer_Care_Global,693,414,59.7,86,Mobile_App_Connection_Failure,-39,34,High Risk,64,0,Customer states mobile application cannot establish server connection following v2.1.0 update. Agent attempted legacy cache reset without resolution. Issue logged for engineering.
2026-08-26 06:29:42,CM-46318-C,AGENT_AVERY,Billing_Support_US,543,186,34.3,95,Mobile_App_Connection_Failure,-36,55,Medium Risk,62,0,Customer frustrated by repeated connection drops in mobile client v2.1.0 during active workflow. Agent noted widespread app version regression and collected diagnostic logs.
2026-08-26 06:34:38,CM-68796-A,AGENT_JORDAN,Tech_Support_APAC,380,71,18.6,42,Billing_Inquiry,78,80,No Risk,66,0,Customer queried line-item surcharge on recent monthly statement. Agent reviewed billing schedule and credited processing variance.
2026-08-26 06:38:36,CM-53260-B,AGENT_TAYLOR,Enterprise_Escalations,706,410,58.1,82,Mobile_App_Connection_Failure,-33,56,No Risk,63,0,Caller experiencing connection handshake error screen upon opening mobile app v2.1.0. Agent spent 6 minutes consulting internal incident ticket before offering workaround.
2026-08-26 06:44:05,CM-51216-A,AGENT_AVERY,Tech_Support_APAC,219,34,15.7,14,Order_Tracking,19,86,No Risk,80,1,Customer confirmed receipt of initial shipment and verified serial numbers against enterprise invoice order.
2026-08-26 06:44:39,CM-24972-B,AGENT_CHRIS,Billing_Support_US,368,255,69.4,94,Mobile_App_Connection_Failure,-52,27,High Risk,55,0,Customer states mobile application cannot establish server connection following v2.1.0 update. Agent attempted legacy cache reset without resolution. Issue logged for engineering.
2026-08-26 06:59:52,CM-90276-C,AGENT_MORGAN,Billing_Support_US,353,46,13.1,45,Billing_Inquiry,85,77,No Risk,67,0,Caller requested invoice copy and updated credit card details on enterprise billing profile. Verified billing contacts and confirmed change.
2026-08-26 07:05:08,CM-74665-A,AGENT_CASEY,Tech_Support_US,655,491,74.9,69,Mobile_App_Connection_Failure,-87,33,No Risk,35,0,Caller experiencing connection handshake error screen upon opening mobile app v2.1.0. Agent spent 6 minutes consulting internal incident ticket before offering workaround.
2026-08-26 07:07:21,CM-34662-C,AGENT_JORDAN,Enterprise_Escalations,331,236,71.3,91,Mobile_App_Connection_Failure,-42,34,High Risk,72,0,Urgent call regarding mobile app v2.1.0 launch crash and connection loop. Agent verified account credentials but confirmed ongoing backend service patch required.
2026-08-26 07:15:09,CM-18757-A,AGENT_PAT,Tech_Support_US,500,349,69.8,80,Mobile_App_Connection_Failure,-59,56,No Risk,72,0,Customer reports app sync failure and pairing timeout after installing v2.1.0. Agent unable to locate revised connectivity troubleshooting steps in internal KB; escalated to Tier 2.
2026-08-26 07:16:07,CM-96246-A,AGENT_CHRIS,Tech_Support_APAC,264,28,10.5,18,Subscription_Renewal,82,91,No Risk,85,1,Enterprise contact reviewed upcoming annual contract renewal terms and license tiers. Agent forwarded formal quote sheet.
2026-08-26 07:22:59,CM-24638-B,AGENT_ALEX,Enterprise_Escalations,372,28,7.5,16,Account_Access,78,91,No Risk,92,1,Customer requested administrative permission transfer for organization portal. Agent processed identity verification protocol successfully.
2026-08-26 07:24:53,CM-30315-B,AGENT_JORDAN,Tech_Support_US,630,228,36.2,95,Mobile_App_Connection_Failure,-47,60,No Risk,44,0,Urgent call regarding mobile app v2.1.0 launch crash and connection loop. Agent verified account credentials but confirmed ongoing backend service patch required.
2026-08-26 07:39:28,CM-66300-C,AGENT_MORGAN,Tech_Support_APAC,147,11,7.8,28,General_Product_Query,78,91,No Risk,82,1,Caller asked regarding desktop client system requirements and supported browser versions. Agent shared knowledge base link.
2026-08-26 07:39:33,CM-84787-C,AGENT_PAT,Tech_Support_APAC,489,213,43.5,95,Mobile_App_Connection_Failure,-18,44,Medium Risk,36,1,Urgent call regarding mobile app v2.1.0 launch crash and connection loop. Agent verified account credentials but confirmed ongoing backend service patch required.
2026-08-26 07:47:50,CM-47144-A,AGENT_ALEX,Enterprise_Escalations,623,343,55.1,72,Mobile_App_Connection_Failure,-75,30,High Risk,48,0,Customer frustrated by repeated connection drops in mobile client v2.1.0 during active workflow. Agent noted widespread app version regression and collected diagnostic logs.
2026-08-26 07:48:13,CM-64038-C,AGENT_SAM,Tech_Support_US,649,454,69.9,88,Mobile_App_Connection_Failure,-60,50,No Risk,51,0,Caller experiencing connection handshake error screen upon opening mobile app v2.1.0. Agent spent 6 minutes consulting internal incident ticket before offering workaround.
2026-08-26 07:51:27,CM-59989-A,AGENT_PAT,Customer_Care_Global,383,293,76.4,60,Mobile_App_Connection_Failure,-39,47,No Risk,59,1,Customer frustrated by repeated connection drops in mobile client v2.1.0 during active workflow. Agent noted widespread app version regression and collected diagnostic logs.
2026-08-26 07:56:14,CM-35751-C,AGENT_MORGAN,Customer_Care_Global,361,279,77.2,66,Mobile_App_Connection_Failure,-81,48,No Risk,59,1,Customer states mobile application cannot establish server connection following v2.1.0 update. Agent attempted legacy cache reset without resolution. Issue logged for engineering.
2026-08-26 07:58:04,CM-65290-B,AGENT_ALEX,Customer_Care_Global,504,264,52.3,91,Mobile_App_Connection_Failure,-32,48,High Risk,75,0,Customer frustrated by repeated connection drops in mobile client v2.1.0 during active workflow. Agent noted widespread app version regression and collected diagnostic logs.
2026-08-26 07:59:40,CM-32751-C,AGENT_TAYLOR,Tech_Support_APAC,592,305,51.5,90,Mobile_App_Connection_Failure,-32,45,High Risk,67,1,Caller experiencing connection handshake error screen upon opening mobile app v2.1.0. Agent spent 6 minutes consulting internal incident ticket before offering workaround.
2026-08-26 08:00:10,CM-97750-A,AGENT_ALEX,Billing_Support_US,173,41,23.5,16,Billing_Inquiry,88,74,No Risk,75,1,Discussion regarding prorated subscription charges following plan upgrade. Agent explained billing cycle cutoff dates clearly.
2026-08-26 08:06:57,CM-96372-A,AGENT_AVERY,Enterprise_Escalations,154,14,9.2,32,General_Product_Query,51,83,No Risk,67,0,Caller asked regarding desktop client system requirements and supported browser versions. Agent shared knowledge base link.
2026-08-26 08:07:27,CM-19289-A,AGENT_MORGAN,Billing_Support_US,332,44,13.4,13,Billing_Inquiry,91,84,No Risk,88,1,Discussion regarding prorated subscription charges following plan upgrade. Agent explained billing cycle cutoff dates clearly.
2026-08-26 08:13:53,CM-21584-A,AGENT_PAT,Tech_Support_US,250,26,10.4,16,Billing_Inquiry,37,74,Medium Risk,86,1,Caller requested invoice copy and updated credit card details on enterprise billing profile. Verified billing contacts and confirmed change.
2026-08-26 08:18:11,CM-41551-C,AGENT_CASEY,Tech_Support_US,503,288,57.3,78,Mobile_App_Connection_Failure,-58,39,Medium Risk,35,0,Customer states mobile application cannot establish server connection following v2.1.0 update. Agent attempted legacy cache reset without resolution. Issue logged for engineering.
2026-08-26 08:31:11,CM-48556-A,AGENT_MORGAN,Tech_Support_US,413,86,20.9,24,General_Product_Query,60,76,No Risk,71,1,General inquiry on API rate limits and webhook notification configurations. Agent referenced technical developer documentation.
2026-08-26 08:36:43,CM-76162-B,AGENT_CASEY,Billing_Support_US,242,31,13.0,27,Subscription_Renewal,41,82,No Risk,82,1,Customer confirmed continuation of annual maintenance agreement and updated purchase order authorization number.
2026-08-26 08:39:21,CM-97409-B,AGENT_MORGAN,Enterprise_Escalations,427,164,38.3,81,Mobile_App_Connection_Failure,-15,54,High Risk,74,0,Customer states mobile application cannot establish server connection following v2.1.0 update. Agent attempted legacy cache reset without resolution. Issue logged for engineering.
2026-08-26 08:39:33,CM-90052-B,AGENT_TAYLOR,Enterprise_Escalations,470,356,75.7,79,Mobile_App_Connection_Failure,-88,44,No Risk,57,1,Urgent call regarding mobile app v2.1.0 launch crash and connection loop. Agent verified account credentials but confirmed ongoing backend service patch required.
2026-08-26 08:40:54,CM-97612-C,AGENT_JORDAN,Billing_Support_US,366,257,70.2,67,Mobile_App_Connection_Failure,-17,46,No Risk,44,0,Customer reports app sync failure and pairing timeout after installing v2.1.0. Agent unable to locate revised connectivity troubleshooting steps in internal KB; escalated to Tier 2.
2026-08-26 08:41:51,CM-10868-C,AGENT_ALEX,Billing_Support_US,691,321,46.5,72,Mobile_App_Connection_Failure,-17,54,Medium Risk,67,0,Caller experiencing connection handshake error screen upon opening mobile app v2.1.0. Agent spent 6 minutes consulting internal incident ticket before offering workaround.
2026-08-26 08:49:03,CM-51204-A,AGENT_CHRIS,Customer_Care_Global,447,202,45.2,83,Mobile_App_Connection_Failure,-28,60,No Risk,51,1,Urgent call regarding mobile app v2.1.0 launch crash and connection loop. Agent verified account credentials but confirmed ongoing backend service patch required.
2026-08-26 08:53:06,CM-80547-C,AGENT_MORGAN,Customer_Care_Global,215,48,22.3,35,Billing_Inquiry,21,83,No Risk,89,1,Customer queried line-item surcharge on recent monthly statement. Agent reviewed billing schedule and credited processing variance.
2026-08-26 08:56:46,CM-41994-C,AGENT_CASEY,Enterprise_Escalations,670,238,35.5,57,Mobile_App_Connection_Failure,-43,72,No Risk,75,0,Customer states mobile application cannot establish server connection following v2.1.0 update. Agent attempted legacy cache reset without resolution. Issue logged for engineering.
2026-08-26 09:01:20,CM-63697-A,AGENT_CASEY,Enterprise_Escalations,375,241,64.2,70,Mobile_App_Connection_Failure,-55,58,No Risk,63,0,Customer states mobile application cannot establish server connection following v2.1.0 update. Agent attempted legacy cache reset without resolution. Issue logged for engineering.
2026-08-26 09:21:01,CM-46885-B,AGENT_CASEY,Customer_Care_Global,467,184,39.4,93,Mobile_App_Connection_Failure,-65,46,Medium Risk,51,0,Customer frustrated by repeated connection drops in mobile client v2.1.0 during active workflow. Agent noted widespread app version regression and collected diagnostic logs.
2026-08-26 09:29:00,CM-35725-A,AGENT_CHRIS,Tech_Support_APAC,407,55,13.4,44,Order_Tracking,40,73,No Risk,66,1,Customer confirmed receipt of initial shipment and verified serial numbers against enterprise invoice order.
2026-08-26 09:39:35,CM-18231-B,AGENT_PAT,Billing_Support_US,139,21,15.4,24,General_Product_Query,50,87,No Risk,79,1,Prospective customer requested feature comparison between Standard and Enterprise analytics tiers.
2026-08-26 09:41:31,CM-81252-A,AGENT_ALEX,Tech_Support_APAC,414,189,45.6,81,Mobile_App_Connection_Failure,-25,49,No Risk,36,0,Customer reports app sync failure and pairing timeout after installing v2.1.0. Agent unable to locate revised connectivity troubleshooting steps in internal KB; escalated to Tier 2.
2026-08-26 09:45:04,CM-50048-B,AGENT_AVERY,Tech_Support_APAC,463,201,43.5,93,Mobile_App_Connection_Failure,-74,48,High Risk,63,0,Customer frustrated by repeated connection drops in mobile client v2.1.0 during active workflow. Agent noted widespread app version regression and collected diagnostic logs.
2026-08-26 09:48:36,CM-41615-A,AGENT_RILEY,Customer_Care_Global,469,292,62.2,86,Mobile_App_Connection_Failure,-90,46,No Risk,41,1,Customer states mobile application cannot establish server connection following v2.1.0 update. Agent attempted legacy cache reset without resolution. Issue logged for engineering.
2026-08-26 09:50:29,CM-78394-A,AGENT_AVERY,Billing_Support_US,438,266,60.8,78,Mobile_App_Connection_Failure,-84,43,No Risk,36,0,Customer frustrated by repeated connection drops in mobile client v2.1.0 during active workflow. Agent noted widespread app version regression and collected diagnostic logs.
2026-08-26 09:53:42,CM-23846-C,AGENT_CHRIS,Enterprise_Escalations,530,265,50.0,86,Mobile_App_Connection_Failure,-39,42,Medium Risk,45,0,Customer reports app sync failure and pairing timeout after installing v2.1.0. Agent unable to locate revised connectivity troubleshooting steps in internal KB; escalated to Tier 2.
2026-08-26 09:58:33,CM-49691-B,AGENT_AVERY,Tech_Support_APAC,725,257,35.4,83,Mobile_App_Connection_Failure,-31,64,No Risk,53,0,Customer states mobile application cannot establish server connection following v2.1.0 update. Agent attempted legacy cache reset without resolution. Issue logged for engineering.
2026-08-26 10:02:09,CM-37886-C,AGENT_CASEY,Customer_Care_Global,657,434,66.0,59,Mobile_App_Connection_Failure,-18,47,No Risk,42,0,Customer reports app sync failure and pairing timeout after installing v2.1.0. Agent unable to locate revised connectivity troubleshooting steps in internal KB; escalated to Tier 2.
2026-08-26 10:06:40,CM-98098-C,AGENT_JORDAN,Billing_Support_US,676,400,59.1,63,Mobile_App_Connection_Failure,-26,50,No Risk,38,0,Urgent call regarding mobile app v2.1.0 launch crash and connection loop. Agent verified account credentials but confirmed ongoing backend service patch required.
2026-08-26 10:11:16,CM-95175-C,AGENT_JORDAN,Customer_Care_Global,148,8,5.2,37,Account_Access,21,92,No Risk,84,1,Caller needed email address change on primary customer account. Two-step verification completed and credentials refreshed.
2026-08-26 10:11:43,CM-86490-C,AGENT_AVERY,Tech_Support_APAC,327,134,40.9,79,Mobile_App_Connection_Failure,-75,41,High Risk,44,0,Customer reports app sync failure and pairing timeout after installing v2.1.0. Agent unable to locate revised connectivity troubleshooting steps in internal KB; escalated to Tier 2.
2026-08-26 10:13:37,CM-81235-A,AGENT_PAT,Billing_Support_US,749,390,52.1,59,Mobile_App_Connection_Failure,-36,67,No Risk,77,0,Caller experiencing connection handshake error screen upon opening mobile app v2.1.0. Agent spent 6 minutes consulting internal incident ticket before offering workaround.
2026-08-26 10:18:04,CM-83922-B,AGENT_CASEY,Enterprise_Escalations,487,234,48.0,69,Mobile_App_Connection_Failure,-21,58,No Risk,61,0,Caller experiencing connection handshake error screen upon opening mobile app v2.1.0. Agent spent 6 minutes consulting internal incident ticket before offering workaround.
2026-08-26 10:21:38,CM-54759-A,AGENT_CHRIS,Enterprise_Escalations,376,146,38.9,91,Mobile_App_Connection_Failure,-42,58,No Risk,52,0,Urgent call regarding mobile app v2.1.0 launch crash and connection loop. Agent verified account credentials but confirmed ongoing backend service patch required.
2026-08-26 10:32:59,CM-73858-C,AGENT_CHRIS,Tech_Support_US,209,37,17.9,32,General_Product_Query,88,90,No Risk,89,1,General inquiry on API rate limits and webhook notification configurations. Agent referenced technical developer documentation.
2026-08-26 10:37:08,CM-37979-B,AGENT_AVERY,Tech_Support_APAC,228,12,5.2,37,Subscription_Renewal,56,70,Medium Risk,66,1,Inquiry on multi-seat volume discount tiers for next fiscal renewal period. Agent summarized discount matrix.
2026-08-26 10:41:36,CM-62674-C,AGENT_MORGAN,Tech_Support_US,690,370,53.6,86,Mobile_App_Connection_Failure,-74,58,Medium Risk,74,0,Urgent call regarding mobile app v2.1.0 launch crash and connection loop. Agent verified account credentials but confirmed ongoing backend service patch required.
2026-08-26 10:44:27,CM-63097-B,AGENT_TAYLOR,Tech_Support_APAC,291,23,7.9,16,Subscription_Renewal,23,78,No Risk,66,1,Enterprise contact reviewed upcoming annual contract renewal terms and license tiers. Agent forwarded formal quote sheet.
2026-08-26 10:46:05,CM-90439-C,AGENT_MORGAN,Tech_Support_APAC,132,15,11.6,34,Order_Tracking,24,95,No Risk,98,1,Inquiry regarding shipment customs delay. Agent contacted logistics partner and provided updated tracking manifest.
2026-08-26 10:56:40,CM-12815-B,AGENT_MORGAN,Tech_Support_APAC,635,438,68.9,76,Mobile_App_Connection_Failure,-24,50,Medium Risk,76,0,Caller experiencing connection handshake error screen upon opening mobile app v2.1.0. Agent spent 6 minutes consulting internal incident ticket before offering workaround.
2026-08-26 10:57:53,CM-82623-A,AGENT_RILEY,Customer_Care_Global,387,133,34.4,86,Mobile_App_Connection_Failure,-34,34,High Risk,36,0,Urgent call regarding mobile app v2.1.0 launch crash and connection loop. Agent verified account credentials but confirmed ongoing backend service patch required.
2026-08-26 10:58:41,CM-10928-C,AGENT_SAM,Enterprise_Escalations,550,271,49.3,60,Mobile_App_Connection_Failure,-89,55,No Risk,45,0,Customer reports app sync failure and pairing timeout after installing v2.1.0. Agent unable to locate revised connectivity troubleshooting steps in internal KB; escalated to Tier 2.
2026-08-26 11:06:26,CM-14850-A,AGENT_TAYLOR,Customer_Care_Global,321,141,43.9,90,Mobile_App_Connection_Failure,-55,61,No Risk,66,0,Customer states mobile application cannot establish server connection following v2.1.0 update. Agent attempted legacy cache reset without resolution. Issue logged for engineering.
2026-08-26 11:07:15,CM-90216-C,AGENT_MORGAN,Tech_Support_APAC,253,23,9.2,13,Account_Access,31,88,No Risk,74,1,User locked out after multi-factor authentication reset. Agent verified security answers and issued one-time password bypass token.
2026-08-26 11:14:17,CM-54397-B,AGENT_ALEX,Customer_Care_Global,189,13,6.7,43,Billing_Inquiry,22,95,No Risk,95,1,Caller requested invoice copy and updated credit card details on enterprise billing profile. Verified billing contacts and confirmed change.
2026-08-26 11:15:56,CM-95362-A,AGENT_CASEY,Tech_Support_APAC,210,37,17.4,34,Subscription_Renewal,55,75,No Risk,65,1,Enterprise contact reviewed upcoming annual contract renewal terms and license tiers. Agent forwarded formal quote sheet.
2026-08-26 11:36:36,CM-43730-C,AGENT_AVERY,Enterprise_Escalations,713,373,52.3,72,Mobile_App_Connection_Failure,-49,59,No Risk,60,0,Customer reports app sync failure and pairing timeout after installing v2.1.0. Agent unable to locate revised connectivity troubleshooting steps in internal KB; escalated to Tier 2.
2026-08-26 11:37:39,CM-30202-A,AGENT_SAM,Billing_Support_US,308,68,22.1,18,Order_Tracking,87,90,No Risk,97,1,Customer inquired regarding expedited courier delivery status for hardware order. Agent tracked consignment and confirmed arrival ETA.
2026-08-26 11:38:55,CM-34960-A,AGENT_RILEY,Tech_Support_APAC,689,393,57.1,74,Mobile_App_Connection_Failure,-47,33,High Risk,47,0,Urgent call regarding mobile app v2.1.0 launch crash and connection loop. Agent verified account credentials but confirmed ongoing backend service patch required.
2026-08-26 11:43:31,CM-13172-B,AGENT_TAYLOR,Customer_Care_Global,718,556,77.5,94,Mobile_App_Connection_Failure,-34,45,No Risk,49,0,Customer reports app sync failure and pairing timeout after installing v2.1.0. Agent unable to locate revised connectivity troubleshooting steps in internal KB; escalated to Tier 2.
2026-08-26 11:47:15,CM-34315-C,AGENT_PAT,Tech_Support_APAC,500,214,42.7,74,Mobile_App_Connection_Failure,-72,46,No Risk,35,1,Caller experiencing connection handshake error screen upon opening mobile app v2.1.0. Agent spent 6 minutes consulting internal incident ticket before offering workaround.
2026-08-26 11:50:44,CM-29670-B,AGENT_JORDAN,Tech_Support_APAC,182,28,15.3,45,Account_Access,83,94,No Risk,98,1,User locked out after multi-factor authentication reset. Agent verified security answers and issued one-time password bypass token.
2026-08-26 11:51:33,CM-86700-A,AGENT_SAM,Tech_Support_US,425,164,38.6,75,Mobile_App_Connection_Failure,-69,47,High Risk,71,0,Urgent call regarding mobile app v2.1.0 launch crash and connection loop. Agent verified account credentials but confirmed ongoing backend service patch required.
2026-08-26 11:56:17,CM-62099-C,AGENT_CHRIS,Billing_Support_US,394,185,47.0,75,Mobile_App_Connection_Failure,-36,33,High Risk,35,1,Customer reports app sync failure and pairing timeout after installing v2.1.0. Agent unable to locate revised connectivity troubleshooting steps in internal KB; escalated to Tier 2.
2026-08-26 12:08:18,CM-78150-B,AGENT_RILEY,Tech_Support_US,740,406,54.9,71,Mobile_App_Connection_Failure,-26,38,High Risk,69,0,Urgent call regarding mobile app v2.1.0 launch crash and connection loop. Agent verified account credentials but confirmed ongoing backend service patch required.
2026-08-26 12:09:07,CM-74238-B,AGENT_CHRIS,Billing_Support_US,746,329,44.1,60,Mobile_App_Connection_Failure,-53,59,No Risk,50,0,Customer reports app sync failure and pairing timeout after installing v2.1.0. Agent unable to locate revised connectivity troubleshooting steps in internal KB; escalated to Tier 2.
2026-08-26 12:09:22,CM-16422-B,AGENT_SAM,Tech_Support_US,226,42,18.6,12,Subscription_Renewal,80,84,No Risk,80,1,Customer confirmed continuation of annual maintenance agreement and updated purchase order authorization number.
2026-08-26 12:11:24,CM-80687-A,AGENT_CHRIS,Tech_Support_APAC,687,390,56.7,63,Mobile_App_Connection_Failure,-23,45,No Risk,36,1,Caller experiencing connection handshake error screen upon opening mobile app v2.1.0. Agent spent 6 minutes consulting internal incident ticket before offering workaround.
2026-08-26 12:18:09,CM-53500-B,AGENT_CHRIS,Customer_Care_Global,632,421,66.6,85,Mobile_App_Connection_Failure,-23,23,High Risk,35,1,Customer states mobile application cannot establish server connection following v2.1.0 update. Agent attempted legacy cache reset without resolution. Issue logged for engineering.
2026-08-26 12:31:41,CM-46520-A,AGENT_JORDAN,Tech_Support_US,576,319,55.4,56,Mobile_App_Connection_Failure,-69,57,No Risk,69,1,Customer reports app sync failure and pairing timeout after installing v2.1.0. Agent unable to locate revised connectivity troubleshooting steps in internal KB; escalated to Tier 2.
2026-08-26 12:37:27,CM-99385-C,AGENT_AVERY,Enterprise_Escalations,259,51,19.6,24,General_Product_Query,41,83,No Risk,86,1,Prospective customer requested feature comparison between Standard and Enterprise analytics tiers.
2026-08-26 12:37:55,CM-72354-C,AGENT_RILEY,Enterprise_Escalations,352,54,15.3,29,General_Product_Query,52,75,No Risk,67,1,General inquiry on API rate limits and webhook notification configurations. Agent referenced technical developer documentation.
2026-08-26 12:47:33,CM-26455-A,AGENT_ALEX,Tech_Support_APAC,628,242,38.6,82,Mobile_App_Connection_Failure,-28,69,No Risk,61,0,Customer frustrated by repeated connection drops in mobile client v2.1.0 during active workflow. Agent noted widespread app version regression and collected diagnostic logs.
2026-08-26 12:50:29,CM-96313-A,AGENT_RILEY,Billing_Support_US,362,224,62.0,55,Mobile_App_Connection_Failure,-43,55,No Risk,66,0,Urgent call regarding mobile app v2.1.0 launch crash and connection loop. Agent verified account credentials but confirmed ongoing backend service patch required.
2026-08-26 13:01:54,CM-35647-B,AGENT_RILEY,Tech_Support_US,748,304,40.6,73,Mobile_App_Connection_Failure,-27,57,No Risk,40,0,Urgent call regarding mobile app v2.1.0 launch crash and connection loop. Agent verified account credentials but confirmed ongoing backend service patch required.
2026-08-26 13:04:51,CM-14726-B,AGENT_MORGAN,Tech_Support_APAC,222,53,23.9,32,Billing_Inquiry,61,92,No Risk,98,1,Customer queried line-item surcharge on recent monthly statement. Agent reviewed billing schedule and credited processing variance.
2026-08-26 13:14:18,CM-22722-A,AGENT_JORDAN,Tech_Support_APAC,482,346,71.7,76,Mobile_App_Connection_Failure,-84,49,No Risk,47,0,Customer reports app sync failure and pairing timeout after installing v2.1.0. Agent unable to locate revised connectivity troubleshooting steps in internal KB; escalated to Tier 2.
2026-08-26 13:15:04,CM-41133-B,AGENT_AVERY,Customer_Care_Global,219,19,8.7,29,Subscription_Renewal,40,85,Medium Risk,88,1,Inquiry on multi-seat volume discount tiers for next fiscal renewal period. Agent summarized discount matrix.
2026-08-26 13:15:24,CM-39390-C,AGENT_TAYLOR,Billing_Support_US,710,439,61.8,73,Mobile_App_Connection_Failure,-80,44,Medium Risk,65,0,Caller experiencing connection handshake error screen upon opening mobile app v2.1.0. Agent spent 6 minutes consulting internal incident ticket before offering workaround.
2026-08-26 13:15:37,CM-56237-B,AGENT_CHRIS,Tech_Support_APAC,691,236,34.1,77,Mobile_App_Connection_Failure,-44,53,High Risk,75,0,Caller experiencing connection handshake error screen upon opening mobile app v2.1.0. Agent spent 6 minutes consulting internal incident ticket before offering workaround.
2026-08-26 13:19:14,CM-32810-C,AGENT_AVERY,Customer_Care_Global,596,420,70.4,73,Mobile_App_Connection_Failure,-52,58,No Risk,73,0,Caller experiencing connection handshake error screen upon opening mobile app v2.1.0. Agent spent 6 minutes consulting internal incident ticket before offering workaround.
2026-08-26 13:20:11,CM-91300-A,AGENT_JORDAN,Billing_Support_US,340,263,77.3,67,Mobile_App_Connection_Failure,-63,55,No Risk,78,0,Customer frustrated by repeated connection drops in mobile client v2.1.0 during active workflow. Agent noted widespread app version regression and collected diagnostic logs.
2026-08-26 13:22:05,CM-47672-C,AGENT_RILEY,Billing_Support_US,539,313,58.1,71,Mobile_App_Connection_Failure,-24,56,No Risk,50,1,Customer reports app sync failure and pairing timeout after installing v2.1.0. Agent unable to locate revised connectivity troubleshooting steps in internal KB; escalated to Tier 2.
2026-08-26 13:32:42,CM-90090-A,AGENT_TAYLOR,Tech_Support_APAC,401,275,68.6,90,Mobile_App_Connection_Failure,-47,48,Medium Risk,73,1,Urgent call regarding mobile app v2.1.0 launch crash and connection loop. Agent verified account credentials but confirmed ongoing backend service patch required.
2026-08-26 13:35:24,CM-64521-A,AGENT_PAT,Customer_Care_Global,491,231,47.0,76,Mobile_App_Connection_Failure,-44,55,Medium Risk,65,1,Caller experiencing connection handshake error screen upon opening mobile app v2.1.0. Agent spent 6 minutes consulting internal incident ticket before offering workaround.
2026-08-26 13:40:16,CM-67043-B,AGENT_CHRIS,Tech_Support_US,363,250,68.9,57,Mobile_App_Connection_Failure,-27,55,No Risk,63,0,Customer reports app sync failure and pairing timeout after installing v2.1.0. Agent unable to locate revised connectivity troubleshooting steps in internal KB; escalated to Tier 2.
2026-08-26 13:44:32,CM-34925-B,AGENT_MORGAN,Tech_Support_US,174,14,8.1,25,Order_Tracking,35,85,No Risk,72,1,Customer inquired regarding expedited courier delivery status for hardware order. Agent tracked consignment and confirmed arrival ETA.
2026-08-26 13:46:25,CM-45974-A,AGENT_AVERY,Tech_Support_US,326,72,22.2,29,General_Product_Query,11,89,No Risk,90,1,Prospective customer requested feature comparison between Standard and Enterprise analytics tiers.
2026-08-26 13:48:41,CM-91065-B,AGENT_AVERY,Tech_Support_APAC,489,276,56.4,78,Mobile_App_Connection_Failure,-47,39,High Risk,71,1,Customer frustrated by repeated connection drops in mobile client v2.1.0 during active workflow. Agent noted widespread app version regression and collected diagnostic logs.
2026-08-26 13:50:24,CM-92802-C,AGENT_ALEX,Tech_Support_US,327,15,4.6,17,Order_Tracking,17,100,No Risk,96,1,Customer confirmed receipt of initial shipment and verified serial numbers against enterprise invoice order.
2026-08-26 13:54:37,CM-78995-A,AGENT_PAT,Enterprise_Escalations,548,267,48.7,68,Mobile_App_Connection_Failure,-67,59,No Risk,47,1,Customer reports app sync failure and pairing timeout after installing v2.1.0. Agent unable to locate revised connectivity troubleshooting steps in internal KB; escalated to Tier 2.
2026-08-26 13:54:59,CM-68450-B,AGENT_MORGAN,Customer_Care_Global,626,210,33.6,58,Mobile_App_Connection_Failure,-79,53,No Risk,42,1,Customer states mobile application cannot establish server connection following v2.1.0 update. Agent attempted legacy cache reset without resolution. Issue logged for engineering.
2026-08-26 14:00:26,CM-44722-B,AGENT_AVERY,Tech_Support_US,410,70,17.0,14,General_Product_Query,32,81,Medium Risk,90,1,General inquiry on API rate limits and webhook notification configurations. Agent referenced technical developer documentation.
2026-08-26 14:05:02,CM-23949-A,AGENT_RILEY,Tech_Support_US,276,51,18.3,16,Account_Access,74,81,No Risk,80,0,Customer requested administrative permission transfer for organization portal. Agent processed identity verification protocol successfully.
2026-08-26 14:18:25,CM-98488-A,AGENT_CHRIS,Billing_Support_US,523,351,67.2,65,Mobile_App_Connection_Failure,-47,48,No Risk,47,0,Customer frustrated by repeated connection drops in mobile client v2.1.0 during active workflow. Agent noted widespread app version regression and collected diagnostic logs.
2026-08-26 14:22:29,CM-40120-C,AGENT_CASEY,Billing_Support_US,272,50,18.3,42,General_Product_Query,42,77,Medium Risk,86,1,Prospective customer requested feature comparison between Standard and Enterprise analytics tiers.
2026-08-26 14:22:43,CM-27527-C,AGENT_ALEX,Enterprise_Escalations,660,485,73.5,81,Mobile_App_Connection_Failure,-68,34,High Risk,66,1,Customer frustrated by repeated connection drops in mobile client v2.1.0 during active workflow. Agent noted widespread app version regression and collected diagnostic logs.
2026-08-26 14:24:57,CM-26632-A,AGENT_TAYLOR,Customer_Care_Global,392,200,51.0,94,Mobile_App_Connection_Failure,-68,51,High Risk,80,0,Customer frustrated by repeated connection drops in mobile client v2.1.0 during active workflow. Agent noted widespread app version regression and collected diagnostic logs.
2026-08-26 14:30:42,CM-74942-B,AGENT_PAT,Enterprise_Escalations,506,183,36.1,75,Mobile_App_Connection_Failure,-58,71,No Risk,67,1,Customer states mobile application cannot establish server connection following v2.1.0 update. Agent attempted legacy cache reset without resolution. Issue logged for engineering.
2026-08-26 14:33:12,CM-25674-B,AGENT_CASEY,Enterprise_Escalations,749,329,43.9,58,Mobile_App_Connection_Failure,-16,71,No Risk,79,0,Customer reports app sync failure and pairing timeout after installing v2.1.0. Agent unable to locate revised connectivity troubleshooting steps in internal KB; escalated to Tier 2.
2026-08-26 14:34:23,CM-28775-C,AGENT_MORGAN,Tech_Support_APAC,720,320,44.4,78,Mobile_App_Connection_Failure,-66,42,High Risk,67,0,Urgent call regarding mobile app v2.1.0 launch crash and connection loop. Agent verified account credentials but confirmed ongoing backend service patch required.
2026-08-26 14:36:39,CM-87405-A,AGENT_TAYLOR,Tech_Support_APAC,729,300,41.2,93,Mobile_App_Connection_Failure,-65,52,Medium Risk,62,0,Customer frustrated by repeated connection drops in mobile client v2.1.0 during active workflow. Agent noted widespread app version regression and collected diagnostic logs.
2026-08-26 14:36:56,CM-51017-C,AGENT_CHRIS,Enterprise_Escalations,372,155,41.7,57,Mobile_App_Connection_Failure,-78,65,No Risk,54,0,Customer reports app sync failure and pairing timeout after installing v2.1.0. Agent unable to locate revised connectivity troubleshooting steps in internal KB; escalated to Tier 2.
2026-08-26 14:39:16,CM-19952-A,AGENT_JORDAN,Tech_Support_APAC,317,67,21.0,31,Subscription_Renewal,28,80,No Risk,71,1,Inquiry on multi-seat volume discount tiers for next fiscal renewal period. Agent summarized discount matrix.
2026-08-26 14:40:29,CM-77889-B,AGENT_ALEX,Enterprise_Escalations,586,416,71.0,63,Mobile_App_Connection_Failure,-32,63,No Risk,73,0,Caller experiencing connection handshake error screen upon opening mobile app v2.1.0. Agent spent 6 minutes consulting internal incident ticket before offering workaround.
2026-08-26 14:41:11,CM-28191-C,AGENT_RILEY,Billing_Support_US,580,427,73.7,71,Mobile_App_Connection_Failure,-88,56,No Risk,73,1,Urgent call regarding mobile app v2.1.0 launch crash and connection loop. Agent verified account credentials but confirmed ongoing backend service patch required.
2026-08-26 14:42:52,CM-69582-B,AGENT_JORDAN,Customer_Care_Global,343,16,4.6,10,Billing_Inquiry,16,84,No Risk,79,0,Customer queried line-item surcharge on recent monthly statement. Agent reviewed billing schedule and credited processing variance.
2026-08-26 14:45:48,CM-84062-B,AGENT_CASEY,Tech_Support_APAC,450,168,37.4,86,Mobile_App_Connection_Failure,-24,55,No Risk,45,1,Customer states mobile application cannot establish server connection following v2.1.0 update. Agent attempted legacy cache reset without resolution. Issue logged for engineering.
2026-08-26 14:47:58,CM-57026-C,AGENT_ALEX,Customer_Care_Global,139,9,6.8,41,General_Product_Query,34,80,No Risk,70,1,Caller asked regarding desktop client system requirements and supported browser versions. Agent shared knowledge base link.
2026-08-26 14:49:50,CM-90281-C,AGENT_AVERY,Tech_Support_US,306,50,16.4,13,Billing_Inquiry,52,76,No Risk,68,0,Customer queried line-item surcharge on recent monthly statement. Agent reviewed billing schedule and credited processing variance.
2026-08-26 14:52:30,CM-32326-A,AGENT_AVERY,Billing_Support_US,642,300,46.7,92,Mobile_App_Connection_Failure,-72,43,Medium Risk,42,0,Urgent call regarding mobile app v2.1.0 launch crash and connection loop. Agent verified account credentials but confirmed ongoing backend service patch required.
2026-08-26 14:59:43,CM-48987-B,AGENT_AVERY,Tech_Support_US,393,158,40.3,84,Mobile_App_Connection_Failure,-35,59,Medium Risk,79,1,Urgent call regarding mobile app v2.1.0 launch crash and connection loop. Agent verified account credentials but confirmed ongoing backend service patch required.
2026-08-26 15:01:02,CM-57560-C,AGENT_JORDAN,Enterprise_Escalations,240,28,11.8,26,Subscription_Renewal,60,91,No Risk,84,0,Enterprise contact reviewed upcoming annual contract renewal terms and license tiers. Agent forwarded formal quote sheet.
2026-08-26 15:10:46,CM-37498-C,AGENT_MORGAN,Customer_Care_Global,476,211,44.3,72,Mobile_App_Connection_Failure,-36,64,No Risk,63,0,Customer frustrated by repeated connection drops in mobile client v2.1.0 during active workflow. Agent noted widespread app version regression and collected diagnostic logs.
2026-08-26 15:13:53,CM-50760-C,AGENT_JORDAN,Customer_Care_Global,610,257,42.2,85,Mobile_App_Connection_Failure,-73,64,No Risk,58,0,Customer frustrated by repeated connection drops in mobile client v2.1.0 during active workflow. Agent noted widespread app version regression and collected diagnostic logs.
2026-08-26 15:14:40,CM-78337-C,AGENT_SAM,Customer_Care_Global,727,423,58.2,79,Mobile_App_Connection_Failure,-42,34,Medium Risk,39,0,Urgent call regarding mobile app v2.1.0 launch crash and connection loop. Agent verified account credentials but confirmed ongoing backend service patch required.
2026-08-26 15:18:01,CM-14062-B,AGENT_TAYLOR,Enterprise_Escalations,403,21,5.1,23,Account_Access,52,76,Medium Risk,81,1,Caller needed email address change on primary customer account. Two-step verification completed and credentials refreshed.
2026-08-26 15:22:23,CM-91509-B,AGENT_SAM,Tech_Support_APAC,407,156,38.3,69,Mobile_App_Connection_Failure,-24,58,No Risk,42,1,Caller experiencing connection handshake error screen upon opening mobile app v2.1.0. Agent spent 6 minutes consulting internal incident ticket before offering workaround.
2026-08-26 15:28:47,CM-89433-A,AGENT_ALEX,Tech_Support_US,409,25,6.2,42,Subscription_Renewal,45,86,No Risk,76,1,Enterprise contact reviewed upcoming annual contract renewal terms and license tiers. Agent forwarded formal quote sheet.
2026-08-26 15:31:27,CM-28920-B,AGENT_ALEX,Enterprise_Escalations,404,207,51.2,63,Mobile_App_Connection_Failure,-23,62,No Risk,56,0,Customer states mobile application cannot establish server connection following v2.1.0 update. Agent attempted legacy cache reset without resolution. Issue logged for engineering.
2026-08-26 15:38:09,CM-37495-B,AGENT_ALEX,Customer_Care_Global,711,290,40.8,58,Mobile_App_Connection_Failure,-82,56,No Risk,51,1,Customer frustrated by repeated connection drops in mobile client v2.1.0 during active workflow. Agent noted widespread app version regression and collected diagnostic logs.
2026-08-26 15:41:36,CM-46905-C,AGENT_RILEY,Tech_Support_US,142,25,17.4,25,Billing_Inquiry,34,94,No Risk,92,1,Discussion regarding prorated subscription charges following plan upgrade. Agent explained billing cycle cutoff dates clearly.
2026-08-26 15:49:03,CM-88311-A,AGENT_TAYLOR,Billing_Support_US,606,250,41.3,73,Mobile_App_Connection_Failure,-24,69,No Risk,67,0,Urgent call regarding mobile app v2.1.0 launch crash and connection loop. Agent verified account credentials but confirmed ongoing backend service patch required.
2026-08-26 15:51:20,CM-75762-B,AGENT_PAT,Enterprise_Escalations,357,120,33.5,91,Mobile_App_Connection_Failure,-86,67,Medium Risk,72,1,Customer frustrated by repeated connection drops in mobile client v2.1.0 during active workflow. Agent noted widespread app version regression and collected diagnostic logs.
2026-08-26 15:51:26,CM-52622-B,AGENT_AVERY,Enterprise_Escalations,633,350,55.3,61,Mobile_App_Connection_Failure,-35,62,No Risk,70,1,Customer reports app sync failure and pairing timeout after installing v2.1.0. Agent unable to locate revised connectivity troubleshooting steps in internal KB; escalated to Tier 2.
2026-08-26 15:58:06,CM-78464-A,AGENT_ALEX,Customer_Care_Global,279,60,21.4,39,General_Product_Query,52,77,No Risk,66,1,Prospective customer requested feature comparison between Standard and Enterprise analytics tiers.
2026-08-26 16:11:28,CM-74307-A,AGENT_RILEY,Tech_Support_US,682,500,73.3,73,Mobile_App_Connection_Failure,-34,20,High Risk,35,0,Customer reports app sync failure and pairing timeout after installing v2.1.0. Agent unable to locate revised connectivity troubleshooting steps in internal KB; escalated to Tier 2.
2026-08-26 16:13:47,CM-62931-B,AGENT_AVERY,Tech_Support_APAC,642,279,43.5,76,Mobile_App_Connection_Failure,-52,49,High Risk,72,1,Urgent call regarding mobile app v2.1.0 launch crash and connection loop. Agent verified account credentials but confirmed ongoing backend service patch required.
2026-08-26 16:19:01,CM-39984-B,AGENT_JORDAN,Customer_Care_Global,422,196,46.4,95,Mobile_App_Connection_Failure,-79,52,No Risk,40,0,Customer reports app sync failure and pairing timeout after installing v2.1.0. Agent unable to locate revised connectivity troubleshooting steps in internal KB; escalated to Tier 2.
2026-08-26 16:24:19,CM-44522-C,AGENT_TAYLOR,Enterprise_Escalations,396,82,20.8,22,Order_Tracking,74,92,No Risk,98,1,Customer inquired regarding expedited courier delivery status for hardware order. Agent tracked consignment and confirmed arrival ETA.
2026-08-26 16:30:08,CM-15611-B,AGENT_JORDAN,Tech_Support_US,156,21,13.2,19,General_Product_Query,78,75,No Risk,67,1,Prospective customer requested feature comparison between Standard and Enterprise analytics tiers.
2026-08-26 16:30:38,CM-98572-B,AGENT_CHRIS,Enterprise_Escalations,263,21,7.8,15,Order_Tracking,12,89,No Risk,83,1,Customer confirmed receipt of initial shipment and verified serial numbers against enterprise invoice order.
2026-08-26 16:43:59,CM-68369-B,AGENT_JORDAN,Billing_Support_US,412,175,42.5,71,Mobile_App_Connection_Failure,-44,60,Medium Risk,72,0,Urgent call regarding mobile app v2.1.0 launch crash and connection loop. Agent verified account credentials but confirmed ongoing backend service patch required.
2026-08-26 16:44:57,CM-39898-C,AGENT_AVERY,Tech_Support_US,587,367,62.5,70,Mobile_App_Connection_Failure,-44,46,No Risk,36,0,Caller experiencing connection handshake error screen upon opening mobile app v2.1.0. Agent spent 6 minutes consulting internal incident ticket before offering workaround.
2026-08-26 16:48:59,CM-92478-A,AGENT_AVERY,Billing_Support_US,598,372,62.2,91,Mobile_App_Connection_Failure,-16,58,No Risk,65,1,Customer reports app sync failure and pairing timeout after installing v2.1.0. Agent unable to locate revised connectivity troubleshooting steps in internal KB; escalated to Tier 2.
2026-08-26 16:49:04,CM-59054-B,AGENT_PAT,Billing_Support_US,183,21,11.7,14,Order_Tracking,49,86,No Risk,89,1,Customer confirmed receipt of initial shipment and verified serial numbers against enterprise invoice order.
2026-08-26 17:05:51,CM-92818-B,AGENT_RILEY,Tech_Support_US,180,33,18.2,10,Account_Access,34,87,No Risk,78,1,Caller needed email address change on primary customer account. Two-step verification completed and credentials refreshed.
2026-08-26 17:06:11,CM-47178-C,AGENT_JORDAN,Billing_Support_US,149,26,17.6,33,General_Product_Query,60,78,No Risk,69,1,General inquiry on API rate limits and webhook notification configurations. Agent referenced technical developer documentation.
2026-08-26 17:11:49,CM-50304-B,AGENT_SAM,Tech_Support_US,570,413,72.5,78,Mobile_App_Connection_Failure,-74,28,High Risk,62,1,Customer reports app sync failure and pairing timeout after installing v2.1.0. Agent unable to locate revised connectivity troubleshooting steps in internal KB; escalated to Tier 2.
2026-08-26 17:12:35,CM-48528-A,AGENT_CASEY,Enterprise_Escalations,472,313,66.4,95,Mobile_App_Connection_Failure,-44,53,No Risk,50,1,Customer frustrated by repeated connection drops in mobile client v2.1.0 during active workflow. Agent noted widespread app version regression and collected diagnostic logs.
2026-08-26 17:15:45,CM-93257-B,AGENT_TAYLOR,Tech_Support_US,275,16,5.9,27,Account_Access,59,77,No Risk,65,1,User locked out after multi-factor authentication reset. Agent verified security answers and issued one-time password bypass token.
2026-08-26 17:17:05,CM-29895-A,AGENT_MORGAN,Tech_Support_US,371,236,63.6,81,Mobile_App_Connection_Failure,-32,35,Medium Risk,38,1,Customer states mobile application cannot establish server connection following v2.1.0 update. Agent attempted legacy cache reset without resolution. Issue logged for engineering.
2026-08-26 17:18:09,CM-65389-A,AGENT_SAM,Tech_Support_US,355,211,59.3,93,Mobile_App_Connection_Failure,-23,57,Medium Risk,78,0,Customer states mobile application cannot establish server connection following v2.1.0 update. Agent attempted legacy cache reset without resolution. Issue logged for engineering.
2026-08-26 17:20:42,CM-65004-A,AGENT_PAT,Billing_Support_US,235,35,14.9,40,Order_Tracking,22,77,No Risk,75,1,Inquiry regarding shipment customs delay. Agent contacted logistics partner and provided updated tracking manifest.
2026-08-26 17:24:20,CM-12625-A,AGENT_PAT,Customer_Care_Global,364,206,56.6,92,Mobile_App_Connection_Failure,-79,49,No Risk,38,1,Customer reports app sync failure and pairing timeout after installing v2.1.0. Agent unable to locate revised connectivity troubleshooting steps in internal KB; escalated to Tier 2.
2026-08-26 17:29:13,CM-52247-C,AGENT_SAM,Tech_Support_APAC,644,491,76.2,92,Mobile_App_Connection_Failure,-17,41,No Risk,52,1,Urgent call regarding mobile app v2.1.0 launch crash and connection loop. Agent verified account credentials but confirmed ongoing backend service patch required.
2026-08-26 17:30:55,CM-77027-A,AGENT_ALEX,Enterprise_Escalations,167,26,15.5,15,Billing_Inquiry,70,79,No Risk,72,1,Customer queried line-item surcharge on recent monthly statement. Agent reviewed billing schedule and credited processing variance.
2026-08-26 17:32:00,CM-15144-C,AGENT_PAT,Enterprise_Escalations,266,21,7.8,35,Billing_Inquiry,66,93,No Risk,94,1,Customer queried line-item surcharge on recent monthly statement. Agent reviewed billing schedule and credited processing variance.
2026-08-26 17:34:10,CM-78714-A,AGENT_MORGAN,Tech_Support_APAC,516,267,51.8,60,Mobile_App_Connection_Failure,-17,55,No Risk,58,0,Caller experiencing connection handshake error screen upon opening mobile app v2.1.0. Agent spent 6 minutes consulting internal incident ticket before offering workaround.
2026-08-26 17:44:43,CM-50306-A,AGENT_MORGAN,Enterprise_Escalations,238,33,13.8,19,Subscription_Renewal,17,95,No Risk,98,1,Customer confirmed continuation of annual maintenance agreement and updated purchase order authorization number.
2026-08-26 17:47:38,CM-31981-B,AGENT_SAM,Tech_Support_US,188,27,14.5,44,Billing_Inquiry,32,79,No Risk,77,1,Customer queried line-item surcharge on recent monthly statement. Agent reviewed billing schedule and credited processing variance.
2026-08-26 17:56:01,CM-95944-B,AGENT_MORGAN,Customer_Care_Global,361,268,74.1,72,Mobile_App_Connection_Failure,-50,51,No Risk,67,0,Customer states mobile application cannot establish server connection following v2.1.0 update. Agent attempted legacy cache reset without resolution. Issue logged for engineering.
2026-08-26 17:57:53,CM-33061-B,AGENT_CASEY,Billing_Support_US,211,18,8.7,14,Account_Access,35,83,No Risk,72,1,Customer requested administrative permission transfer for organization portal. Agent processed identity verification protocol successfully.
2026-08-26 18:03:40,CM-82512-A,AGENT_SAM,Customer_Care_Global,428,278,65.0,95,Mobile_App_Connection_Failure,-64,34,Medium Risk,38,0,Customer states mobile application cannot establish server connection following v2.1.0 update. Agent attempted legacy cache reset without resolution. Issue logged for engineering.
2026-08-26 18:04:04,CM-63636-A,AGENT_SAM,Enterprise_Escalations,397,149,37.6,68,Mobile_App_Connection_Failure,-40,71,No Risk,80,1,Caller experiencing connection handshake error screen upon opening mobile app v2.1.0. Agent spent 6 minutes consulting internal incident ticket before offering workaround.
2026-08-26 18:06:49,CM-80804-B,AGENT_AVERY,Tech_Support_US,309,64,20.7,36,Billing_Inquiry,88,80,No Risk,78,1,Caller requested invoice copy and updated credit card details on enterprise billing profile. Verified billing contacts and confirmed change.
2026-08-26 18:14:46,CM-46609-C,AGENT_CASEY,Customer_Care_Global,533,390,73.1,76,Mobile_App_Connection_Failure,-58,51,Medium Risk,77,1,Customer states mobile application cannot establish server connection following v2.1.0 update. Agent attempted legacy cache reset without resolution. Issue logged for engineering.
2026-08-26 18:15:53,CM-51333-B,AGENT_SAM,Billing_Support_US,481,323,67.1,80,Mobile_App_Connection_Failure,-90,66,No Risk,76,1,Customer reports app sync failure and pairing timeout after installing v2.1.0. Agent unable to locate revised connectivity troubleshooting steps in internal KB; escalated to Tier 2.
2026-08-26 18:19:24,CM-98592-C,AGENT_RILEY,Tech_Support_APAC,195,13,6.9,34,Order_Tracking,56,86,No Risk,86,1,Customer confirmed receipt of initial shipment and verified serial numbers against enterprise invoice order.
2026-08-26 18:24:02,CM-45608-B,AGENT_AVERY,Tech_Support_APAC,719,372,51.7,77,Mobile_App_Connection_Failure,-18,35,Medium Risk,39,1,Customer frustrated by repeated connection drops in mobile client v2.1.0 during active workflow. Agent noted widespread app version regression and collected diagnostic logs.
2026-08-26 18:24:04,CM-98716-B,AGENT_MORGAN,Tech_Support_APAC,337,123,36.5,67,Mobile_App_Connection_Failure,-38,68,No Risk,65,1,Urgent call regarding mobile app v2.1.0 launch crash and connection loop. Agent verified account credentials but confirmed ongoing backend service patch required.
2026-08-26 18:27:17,CM-57263-B,AGENT_SAM,Customer_Care_Global,384,257,67.0,88,Mobile_App_Connection_Failure,-57,43,Medium Risk,55,0,Customer frustrated by repeated connection drops in mobile client v2.1.0 during active workflow. Agent noted widespread app version regression and collected diagnostic logs.
2026-08-26 18:27:37,CM-21128-C,AGENT_JORDAN,Enterprise_Escalations,639,445,69.7,92,Mobile_App_Connection_Failure,-81,22,High Risk,43,0,Customer reports app sync failure and pairing timeout after installing v2.1.0. Agent unable to locate revised connectivity troubleshooting steps in internal KB; escalated to Tier 2.
2026-08-26 18:29:18,CM-38748-C,AGENT_JORDAN,Tech_Support_US,368,152,41.4,78,Mobile_App_Connection_Failure,-88,39,High Risk,42,0,Customer states mobile application cannot establish server connection following v2.1.0 update. Agent attempted legacy cache reset without resolution. Issue logged for engineering.
2026-08-26 18:32:15,CM-21847-B,AGENT_ALEX,Billing_Support_US,437,312,71.3,69,Mobile_App_Connection_Failure,-63,60,No Risk,76,0,Customer frustrated by repeated connection drops in mobile client v2.1.0 during active workflow. Agent noted widespread app version regression and collected diagnostic logs.
2026-08-26 18:32:49,CM-41692-C,AGENT_AVERY,Tech_Support_US,304,192,63.2,75,Mobile_App_Connection_Failure,-67,23,High Risk,39,0,Customer states mobile application cannot establish server connection following v2.1.0 update. Agent attempted legacy cache reset without resolution. Issue logged for engineering.
2026-08-26 18:39:27,CM-15300-A,AGENT_ALEX,Customer_Care_Global,413,93,22.5,15,Account_Access,92,83,No Risk,85,0,User locked out after multi-factor authentication reset. Agent verified security answers and issued one-time password bypass token.
2026-08-26 18:48:48,CM-22917-A,AGENT_CHRIS,Billing_Support_US,403,60,15.0,12,Billing_Inquiry,32,95,No Risk,96,1,Discussion regarding prorated subscription charges following plan upgrade. Agent explained billing cycle cutoff dates clearly.
2026-08-26 18:48:59,CM-74340-A,AGENT_ALEX,Enterprise_Escalations,741,400,54.0,66,Mobile_App_Connection_Failure,-47,64,No Risk,65,0,Customer states mobile application cannot establish server connection following v2.1.0 update. Agent attempted legacy cache reset without resolution. Issue logged for engineering.
2026-08-26 18:56:21,CM-54068-B,AGENT_AVERY,Tech_Support_US,149,28,18.5,37,Order_Tracking,89,77,No Risk,71,1,Customer confirmed receipt of initial shipment and verified serial numbers against enterprise invoice order.
2026-08-26 18:58:28,CM-47653-B,AGENT_RILEY,Customer_Care_Global,477,246,51.5,84,Mobile_App_Connection_Failure,-68,61,Medium Risk,79,0,Customer frustrated by repeated connection drops in mobile client v2.1.0 during active workflow. Agent noted widespread app version regression and collected diagnostic logs.
2026-08-26 19:08:54,CM-80453-C,AGENT_MORGAN,Tech_Support_US,159,34,21.5,43,General_Product_Query,20,81,No Risk,72,1,Caller asked regarding desktop client system requirements and supported browser versions. Agent shared knowledge base link.
2026-08-26 19:13:32,CM-69394-A,AGENT_JORDAN,Tech_Support_APAC,240,17,7.2,41,Account_Access,13,94,No Risk,93,1,Caller needed email address change on primary customer account. Two-step verification completed and credentials refreshed.
2026-08-26 19:13:41,CM-66010-C,AGENT_JORDAN,Customer_Care_Global,407,153,37.6,76,Mobile_App_Connection_Failure,-55,56,High Risk,79,0,Customer reports app sync failure and pairing timeout after installing v2.1.0. Agent unable to locate revised connectivity troubleshooting steps in internal KB; escalated to Tier 2.
2026-08-26 19:13:46,CM-51168-A,AGENT_SAM,Billing_Support_US,465,300,64.5,73,Mobile_App_Connection_Failure,-32,38,No Risk,36,0,Customer states mobile application cannot establish server connection following v2.1.0 update. Agent attempted legacy cache reset without resolution. Issue logged for engineering.
2026-08-26 19:27:12,CM-85513-A,AGENT_PAT,Tech_Support_US,509,342,67.2,73,Mobile_App_Connection_Failure,-80,24,High Risk,51,1,Customer reports app sync failure and pairing timeout after installing v2.1.0. Agent unable to locate revised connectivity troubleshooting steps in internal KB; escalated to Tier 2.
2026-08-26 19:27:24,CM-54656-A,AGENT_AVERY,Tech_Support_APAC,148,13,8.9,37,Order_Tracking,78,93,No Risk,84,0,Customer confirmed receipt of initial shipment and verified serial numbers against enterprise invoice order.
2026-08-26 19:33:02,CM-81228-B,AGENT_RILEY,Customer_Care_Global,315,49,15.4,36,Account_Access,39,91,No Risk,89,1,Caller needed email address change on primary customer account. Two-step verification completed and credentials refreshed.
2026-08-26 19:33:34,CM-77896-B,AGENT_ALEX,Tech_Support_APAC,448,314,70.2,76,Mobile_App_Connection_Failure,-77,39,High Risk,71,0,Customer frustrated by repeated connection drops in mobile client v2.1.0 during active workflow. Agent noted widespread app version regression and collected diagnostic logs.
2026-08-26 19:37:20,CM-62855-B,AGENT_ALEX,Billing_Support_US,558,323,57.8,90,Mobile_App_Connection_Failure,-44,46,Medium Risk,63,0,Urgent call regarding mobile app v2.1.0 launch crash and connection loop. Agent verified account credentials but confirmed ongoing backend service patch required.
2026-08-26 19:38:57,CM-15975-C,AGENT_TAYLOR,Customer_Care_Global,524,234,44.6,65,Mobile_App_Connection_Failure,-37,53,No Risk,50,0,Urgent call regarding mobile app v2.1.0 launch crash and connection loop. Agent verified account credentials but confirmed ongoing backend service patch required.
2026-08-26 19:51:00,CM-55654-B,AGENT_TAYLOR,Tech_Support_US,418,84,20.2,36,General_Product_Query,64,93,No Risk,97,1,General inquiry on API rate limits and webhook notification configurations. Agent referenced technical developer documentation.
2026-08-26 19:51:29,CM-46428-A,AGENT_ALEX,Tech_Support_APAC,462,243,52.5,87,Mobile_App_Connection_Failure,-79,56,Medium Risk,73,0,Urgent call regarding mobile app v2.1.0 launch crash and connection loop. Agent verified account credentials but confirmed ongoing backend service patch required.
2026-08-26 19:51:33,CM-64451-B,AGENT_PAT,Tech_Support_APAC,561,318,56.7,72,Mobile_App_Connection_Failure,-71,52,No Risk,48,0,Customer reports app sync failure and pairing timeout after installing v2.1.0. Agent unable to locate revised connectivity troubleshooting steps in internal KB; escalated to Tier 2.
2026-08-26 19:53:34,CM-99417-A,AGENT_RILEY,Tech_Support_US,456,272,59.7,69,Mobile_App_Connection_Failure,-89,65,No Risk,80,0,Caller experiencing connection handshake error screen upon opening mobile app v2.1.0. Agent spent 6 minutes consulting internal incident ticket before offering workaround.
2026-08-26 19:54:28,CM-52810-C,AGENT_RILEY,Tech_Support_US,277,62,22.5,19,General_Product_Query,83,74,No Risk,76,1,Caller asked regarding desktop client system requirements and supported browser versions. Agent shared knowledge base link.
2026-08-26 19:59:50,CM-90460-C,AGENT_PAT,Customer_Care_Global,492,219,44.6,86,Mobile_App_Connection_Failure,-33,65,No Risk,62,0,Customer reports app sync failure and pairing timeout after installing v2.1.0. Agent unable to locate revised connectivity troubleshooting steps in internal KB; escalated to Tier 2.
2026-08-26 19:59:57,CM-10863-A,AGENT_RILEY,Customer_Care_Global,484,193,39.9,78,Mobile_App_Connection_Failure,-56,48,High Risk,75,1,Customer reports app sync failure and pairing timeout after installing v2.1.0. Agent unable to locate revised connectivity troubleshooting steps in internal KB; escalated to Tier 2.
2026-08-26 20:00:19,CM-66849-C,AGENT_ALEX,Enterprise_Escalations,510,272,53.3,64,Mobile_App_Connection_Failure,-60,58,No Risk,55,1,Customer states mobile application cannot establish server connection following v2.1.0 update. Agent attempted legacy cache reset without resolution. Issue logged for engineering.
2026-08-26 20:05:53,CM-39716-C,AGENT_AVERY,Tech_Support_APAC,576,352,61.1,74,Mobile_App_Connection_Failure,-84,39,High Risk,71,0,Customer reports app sync failure and pairing timeout after installing v2.1.0. Agent unable to locate revised connectivity troubleshooting steps in internal KB; escalated to Tier 2.
2026-08-26 20:08:30,CM-74314-B,AGENT_PAT,Billing_Support_US,366,54,14.8,34,Billing_Inquiry,10,70,Medium Risk,72,1,Discussion regarding prorated subscription charges following plan upgrade. Agent explained billing cycle cutoff dates clearly.
2026-08-26 20:10:03,CM-59664-B,AGENT_RILEY,Tech_Support_APAC,638,444,69.6,95,Mobile_App_Connection_Failure,-16,44,No Risk,44,1,Customer frustrated by repeated connection drops in mobile client v2.1.0 during active workflow. Agent noted widespread app version regression and collected diagnostic logs.
2026-08-26 20:12:52,CM-99226-C,AGENT_SAM,Enterprise_Escalations,452,344,76.0,90,Mobile_App_Connection_Failure,-55,38,Medium Risk,53,0,Customer reports app sync failure and pairing timeout after installing v2.1.0. Agent unable to locate revised connectivity troubleshooting steps in internal KB; escalated to Tier 2.
2026-08-26 20:14:32,CM-31538-B,AGENT_ALEX,Billing_Support_US,403,89,22.1,43,Account_Access,17,76,Medium Risk,84,1,Caller needed email address change on primary customer account. Two-step verification completed and credentials refreshed.
2026-08-26 20:15:44,CM-35965-A,AGENT_RILEY,Tech_Support_APAC,745,382,51.3,85,Mobile_App_Connection_Failure,-20,23,High Risk,37,0,Customer frustrated by repeated connection drops in mobile client v2.1.0 during active workflow. Agent noted widespread app version regression and collected diagnostic logs.
2026-08-26 20:17:35,CM-47930-A,AGENT_MORGAN,Tech_Support_APAC,643,340,52.9,65,Mobile_App_Connection_Failure,-44,56,No Risk,52,0,Customer states mobile application cannot establish server connection following v2.1.0 update. Agent attempted legacy cache reset without resolution. Issue logged for engineering.
2026-08-26 20:21:47,CM-52056-B,AGENT_PAT,Enterprise_Escalations,564,229,40.6,81,Mobile_App_Connection_Failure,-63,43,High Risk,58,0,Customer states mobile application cannot establish server connection following v2.1.0 update. Agent attempted legacy cache reset without resolution. Issue logged for engineering.
2026-08-26 20:22:30,CM-62183-C,AGENT_TAYLOR,Tech_Support_APAC,293,58,19.7,16,Subscription_Renewal,30,75,No Risk,68,1,Enterprise contact reviewed upcoming annual contract renewal terms and license tiers. Agent forwarded formal quote sheet.
2026-08-26 20:23:41,CM-54350-C,AGENT_AVERY,Tech_Support_APAC,196,10,5.3,45,Order_Tracking,22,92,No Risk,86,1,Customer inquired regarding expedited courier delivery status for hardware order. Agent tracked consignment and confirmed arrival ETA.
2026-08-26 20:24:18,CM-59832-A,AGENT_MORGAN,Tech_Support_APAC,377,242,64.2,56,Mobile_App_Connection_Failure,-66,54,No Risk,61,0,Customer reports app sync failure and pairing timeout after installing v2.1.0. Agent unable to locate revised connectivity troubleshooting steps in internal KB; escalated to Tier 2.
2026-08-26 20:29:03,CM-78494-B,AGENT_RILEY,Billing_Support_US,612,362,59.1,74,Mobile_App_Connection_Failure,-36,28,High Risk,41,0,Customer reports app sync failure and pairing timeout after installing v2.1.0. Agent unable to locate revised connectivity troubleshooting steps in internal KB; escalated to Tier 2.
2026-08-26 20:41:26,CM-11413-B,AGENT_RILEY,Enterprise_Escalations,268,50,18.7,32,General_Product_Query,63,72,Medium Risk,75,1,Caller asked regarding desktop client system requirements and supported browser versions. Agent shared knowledge base link.
2026-08-26 20:41:57,CM-28264-B,AGENT_RILEY,Tech_Support_US,190,44,23.4,25,General_Product_Query,63,79,No Risk,72,1,Prospective customer requested feature comparison between Standard and Enterprise analytics tiers.
2026-08-26 20:51:12,CM-74798-C,AGENT_RILEY,Billing_Support_US,592,290,49.0,57,Mobile_App_Connection_Failure,-85,64,No Risk,57,0,Customer states mobile application cannot establish server connection following v2.1.0 update. Agent attempted legacy cache reset without resolution. Issue logged for engineering.
2026-08-26 20:51:32,CM-16265-C,AGENT_CHRIS,Customer_Care_Global,395,193,48.9,83,Mobile_App_Connection_Failure,-39,52,Medium Risk,66,0,Customer frustrated by repeated connection drops in mobile client v2.1.0 during active workflow. Agent noted widespread app version regression and collected diagnostic logs.
2026-08-26 20:54:11,CM-21425-B,AGENT_JORDAN,Billing_Support_US,480,360,75.0,59,Mobile_App_Connection_Failure,-70,37,No Risk,40,0,Customer states mobile application cannot establish server connection following v2.1.0 update. Agent attempted legacy cache reset without resolution. Issue logged for engineering.
2026-08-26 21:06:32,CM-28993-B,AGENT_RILEY,Customer_Care_Global,147,25,16.9,12,Billing_Inquiry,87,84,No Risk,80,1,Caller requested invoice copy and updated credit card details on enterprise billing profile. Verified billing contacts and confirmed change.
2026-08-26 21:10:52,CM-75797-C,AGENT_CASEY,Tech_Support_US,232,16,6.9,37,Order_Tracking,35,85,No Risk,67,1,Inquiry regarding shipment customs delay. Agent contacted logistics partner and provided updated tracking manifest.
2026-08-26 21:12:36,CM-39035-C,AGENT_PAT,Customer_Care_Global,276,49,17.6,40,Account_Access,52,87,No Risk,96,1,Caller needed email address change on primary customer account. Two-step verification completed and credentials refreshed.
2026-08-26 21:26:05,CM-79688-C,AGENT_AVERY,Billing_Support_US,364,138,37.9,87,Mobile_App_Connection_Failure,-89,38,High Risk,44,0,Customer frustrated by repeated connection drops in mobile client v2.1.0 during active workflow. Agent noted widespread app version regression and collected diagnostic logs.
2026-08-26 21:27:31,CM-59412-A,AGENT_RILEY,Enterprise_Escalations,484,244,50.4,81,Mobile_App_Connection_Failure,-26,50,High Risk,79,0,Urgent call regarding mobile app v2.1.0 launch crash and connection loop. Agent verified account credentials but confirmed ongoing backend service patch required.
2026-08-26 21:29:33,CM-32273-B,AGENT_RILEY,Tech_Support_APAC,536,243,45.4,59,Mobile_App_Connection_Failure,-23,65,No Risk,73,0,Caller experiencing connection handshake error screen upon opening mobile app v2.1.0. Agent spent 6 minutes consulting internal incident ticket before offering workaround.
2026-08-26 21:31:09,CM-85061-C,AGENT_CHRIS,Tech_Support_APAC,332,48,14.5,43,Order_Tracking,33,88,No Risk,90,1,Customer inquired regarding expedited courier delivery status for hardware order. Agent tracked consignment and confirmed arrival ETA.
2026-08-26 21:34:45,CM-16076-C,AGENT_JORDAN,Tech_Support_APAC,148,29,19.6,12,Subscription_Renewal,12,90,No Risk,98,0,Enterprise contact reviewed upcoming annual contract renewal terms and license tiers. Agent forwarded formal quote sheet.
2026-08-26 21:40:35,CM-28202-A,AGENT_RILEY,Tech_Support_APAC,344,201,58.3,90,Mobile_App_Connection_Failure,-31,45,No Risk,39,0,Caller experiencing connection handshake error screen upon opening mobile app v2.1.0. Agent spent 6 minutes consulting internal incident ticket before offering workaround.
2026-08-26 21:42:03,CM-11231-A,AGENT_CASEY,Customer_Care_Global,365,29,8.0,38,Billing_Inquiry,71,79,No Risk,74,1,Customer queried line-item surcharge on recent monthly statement. Agent reviewed billing schedule and credited processing variance.
2026-08-26 21:44:22,CM-12260-A,AGENT_SAM,Tech_Support_US,476,206,43.2,78,Mobile_App_Connection_Failure,-16,52,Medium Risk,62,0,Urgent call regarding mobile app v2.1.0 launch crash and connection loop. Agent verified account credentials but confirmed ongoing backend service patch required.
2026-08-26 21:48:51,CM-20665-B,AGENT_PAT,Billing_Support_US,412,77,18.7,22,Billing_Inquiry,47,87,No Risk,97,0,Customer queried line-item surcharge on recent monthly statement. Agent reviewed billing schedule and credited processing variance.
2026-08-26 22:05:55,CM-96328-C,AGENT_PAT,Tech_Support_US,492,168,34.1,95,Mobile_App_Connection_Failure,-37,53,Medium Risk,59,1,Urgent call regarding mobile app v2.1.0 launch crash and connection loop. Agent verified account credentials but confirmed ongoing backend service patch required.
2026-08-26 22:09:43,CM-85195-A,AGENT_MORGAN,Billing_Support_US,353,181,51.3,87,Mobile_App_Connection_Failure,-76,43,High Risk,71,0,Customer states mobile application cannot establish server connection following v2.1.0 update. Agent attempted legacy cache reset without resolution. Issue logged for engineering.
2026-08-26 22:14:37,CM-24068-B,AGENT_PAT,Billing_Support_US,455,205,45.0,91,Mobile_App_Connection_Failure,-75,40,Medium Risk,37,0,Urgent call regarding mobile app v2.1.0 launch crash and connection loop. Agent verified account credentials but confirmed ongoing backend service patch required.
2026-08-26 22:18:49,CM-61505-C,AGENT_CHRIS,Customer_Care_Global,384,164,42.7,63,Mobile_App_Connection_Failure,-65,63,No Risk,63,0,Customer frustrated by repeated connection drops in mobile client v2.1.0 during active workflow. Agent noted widespread app version regression and collected diagnostic logs.
2026-08-26 22:20:36,CM-77763-C,AGENT_JORDAN,Billing_Support_US,154,30,19.3,45,Subscription_Renewal,14,78,No Risk,74,1,Customer confirmed continuation of annual maintenance agreement and updated purchase order authorization number.
2026-08-26 22:34:20,CM-21939-A,AGENT_RILEY,Enterprise_Escalations,670,234,34.9,78,Mobile_App_Connection_Failure,-62,67,No Risk,59,0,Customer frustrated by repeated connection drops in mobile client v2.1.0 during active workflow. Agent noted widespread app version regression and collected diagnostic logs.
2026-08-26 22:38:43,CM-22879-B,AGENT_CASEY,Customer_Care_Global,644,393,61.0,64,Mobile_App_Connection_Failure,-87,48,No Risk,42,0,Urgent call regarding mobile app v2.1.0 launch crash and connection loop. Agent verified account credentials but confirmed ongoing backend service patch required.
2026-08-26 22:45:28,CM-11602-A,AGENT_CHRIS,Tech_Support_US,643,320,49.7,55,Mobile_App_Connection_Failure,-32,63,No Risk,60,0,Customer frustrated by repeated connection drops in mobile client v2.1.0 during active workflow. Agent noted widespread app version regression and collected diagnostic logs.
2026-08-26 22:50:10,CM-11545-C,AGENT_JORDAN,Billing_Support_US,342,127,37.1,57,Mobile_App_Connection_Failure,-89,66,No Risk,52,0,Customer reports app sync failure and pairing timeout after installing v2.1.0. Agent unable to locate revised connectivity troubleshooting steps in internal KB; escalated to Tier 2.
2026-08-26 22:53:23,CM-18200-C,AGENT_JORDAN,Enterprise_Escalations,550,258,47.0,62,Mobile_App_Connection_Failure,-32,66,No Risk,68,0,Caller experiencing connection handshake error screen upon opening mobile app v2.1.0. Agent spent 6 minutes consulting internal incident ticket before offering workaround.
2026-08-26 22:59:45,CM-25084-A,AGENT_CHRIS,Tech_Support_APAC,406,92,22.6,43,Account_Access,41,84,No Risk,92,1,Customer requested administrative permission transfer for organization portal. Agent processed identity verification protocol successfully.
2026-08-26 23:02:07,CM-94651-A,AGENT_AVERY,Enterprise_Escalations,704,463,65.7,88,Mobile_App_Connection_Failure,-66,35,High Risk,59,0,Customer frustrated by repeated connection drops in mobile client v2.1.0 during active workflow. Agent noted widespread app version regression and collected diagnostic logs.
2026-08-26 23:08:54,CM-58349-C,AGENT_ALEX,Tech_Support_APAC,468,319,68.1,58,Mobile_App_Connection_Failure,-76,65,No Risk,79,0,Urgent call regarding mobile app v2.1.0 launch crash and connection loop. Agent verified account credentials but confirmed ongoing backend service patch required.
2026-08-26 23:12:02,CM-47712-B,AGENT_CASEY,Customer_Care_Global,312,129,41.2,66,Mobile_App_Connection_Failure,-39,51,No Risk,36,1,Urgent call regarding mobile app v2.1.0 launch crash and connection loop. Agent verified account credentials but confirmed ongoing backend service patch required.
2026-08-26 23:17:47,CM-90201-B,AGENT_ALEX,Tech_Support_APAC,157,23,14.6,27,Subscription_Renewal,88,86,No Risk,85,1,Enterprise contact reviewed upcoming annual contract renewal terms and license tiers. Agent forwarded formal quote sheet.
2026-08-26 23:28:20,CM-21401-B,AGENT_JORDAN,Tech_Support_US,615,405,65.9,94,Mobile_App_Connection_Failure,-46,28,High Risk,43,0,Customer reports app sync failure and pairing timeout after installing v2.1.0. Agent unable to locate revised connectivity troubleshooting steps in internal KB; escalated to Tier 2.
2026-08-26 23:35:45,CM-91490-C,AGENT_CASEY,Tech_Support_APAC,690,430,62.3,56,Mobile_App_Connection_Failure,-56,51,No Risk,54,0,Caller experiencing connection handshake error screen upon opening mobile app v2.1.0. Agent spent 6 minutes consulting internal incident ticket before offering workaround.
2026-08-26 23:40:05,CM-44517-C,AGENT_CHRIS,Billing_Support_US,486,298,61.3,66,Mobile_App_Connection_Failure,-42,61,No Risk,74,0,Customer reports app sync failure and pairing timeout after installing v2.1.0. Agent unable to locate revised connectivity troubleshooting steps in internal KB; escalated to Tier 2.
2026-08-26 23:43:09,CM-37215-A,AGENT_TAYLOR,Tech_Support_US,344,165,48.1,57,Mobile_App_Connection_Failure,-72,49,No Risk,38,0,Customer states mobile application cannot establish server connection following v2.1.0 update. Agent attempted legacy cache reset without resolution. Issue logged for engineering.
2026-08-26 23:48:12,CM-73000-A,AGENT_SAM,Billing_Support_US,477,240,50.3,61,Mobile_App_Connection_Failure,-24,70,No Risk,78,1,Customer states mobile application cannot establish server connection following v2.1.0 update. Agent attempted legacy cache reset without resolution. Issue logged for engineering.
2026-08-26 23:53:52,CM-45755-C,AGENT_AVERY,Tech_Support_US,339,260,76.7,91,Mobile_App_Connection_Failure,-23,46,No Risk,50,0,Customer frustrated by repeated connection drops in mobile client v2.1.0 during active workflow. Agent noted widespread app version regression and collected diagnostic logs.
