Timestamp,Contact_ID,Agent_ID,Queue_Name,Call_Duration (s),Silence_Duration (s),Silence_Pct,Max_Agitation_Score,Primary_Category,Customer_Sentiment,Agent_Quality,Compliance_Risk,Empathy_Score,FCR_Flag,Call_Summary_Transcript
2026-08-20 00:20:06,CM-96200-C,AGENT_RILEY,Billing_Support_US,224,17,7.8,41,Billing_Inquiry,56,95,No Risk,82,1,Discussion regarding prorated subscription charges following plan upgrade. Agent explained billing cycle cutoff dates clearly.
2026-08-20 00:43:13,CM-22208-C,AGENT_RILEY,Customer_Care_Global,373,74,19.9,23,Billing_Inquiry,60,94,Medium Risk,82,0,Caller requested invoice copy and updated credit card details on enterprise billing profile. Verified billing contacts and confirmed change.
2026-08-20 00:48:51,CM-96774-B,AGENT_MORGAN,Billing_Support_US,196,33,16.7,33,Order_Tracking,21,97,No Risk,90,1,Inquiry regarding shipment customs delay. Agent contacted logistics partner and provided updated tracking manifest.
2026-08-20 00:58:09,CM-41398-A,AGENT_SAM,Tech_Support_US,393,76,19.3,17,Billing_Inquiry,53,93,No Risk,94,0,Discussion regarding prorated subscription charges following plan upgrade. Agent explained billing cycle cutoff dates clearly.
2026-08-20 01:32:27,CM-21939-A,AGENT_RILEY,Enterprise_Escalations,316,18,5.8,24,Subscription_Renewal,43,100,No Risk,90,1,Inquiry on multi-seat volume discount tiers for next fiscal renewal period. Agent summarized discount matrix.
2026-08-20 01:37:54,CM-50873-C,AGENT_MORGAN,Tech_Support_US,200,30,14.8,16,Billing_Inquiry,52,96,No Risk,69,1,Caller requested invoice copy and updated credit card details on enterprise billing profile. Verified billing contacts and confirmed change.
2026-08-20 01:39:29,CM-60764-C,AGENT_TAYLOR,Billing_Support_US,372,37,10.0,31,Billing_Inquiry,38,97,No Risk,79,1,Discussion regarding prorated subscription charges following plan upgrade. Agent explained billing cycle cutoff dates clearly.
2026-08-20 02:04:19,CM-85757-C,AGENT_JORDAN,Enterprise_Escalations,338,39,11.5,30,Billing_Inquiry,36,100,No Risk,81,1,Caller requested invoice copy and updated credit card details on enterprise billing profile. Verified billing contacts and confirmed change.
2026-08-20 02:16:01,CM-87798-C,AGENT_CHRIS,Billing_Support_US,169,18,10.4,42,Subscription_Renewal,32,97,No Risk,79,1,Customer confirmed continuation of annual maintenance agreement and updated purchase order authorization number.
2026-08-20 02:21:31,CM-84177-C,AGENT_ALEX,Enterprise_Escalations,217,45,20.7,24,Subscription_Renewal,46,97,No Risk,81,1,Inquiry on multi-seat volume discount tiers for next fiscal renewal period. Agent summarized discount matrix.
2026-08-20 02:25:39,CM-18729-B,AGENT_SAM,Customer_Care_Global,170,7,4.4,34,Billing_Inquiry,93,100,No Risk,85,1,Caller requested invoice copy and updated credit card details on enterprise billing profile. Verified billing contacts and confirmed change.
2026-08-20 02:27:20,CM-26353-B,AGENT_CHRIS,Tech_Support_US,218,9,4.2,27,Subscription_Renewal,12,99,No Risk,70,1,Inquiry on multi-seat volume discount tiers for next fiscal renewal period. Agent summarized discount matrix.
2026-08-20 02:27:54,CM-39329-B,AGENT_AVERY,Customer_Care_Global,274,34,12.5,32,Order_Tracking,58,97,No Risk,98,1,Customer confirmed receipt of initial shipment and verified serial numbers against enterprise invoice order.
2026-08-20 02:41:13,CM-92776-B,AGENT_CHRIS,Enterprise_Escalations,223,24,10.7,40,Order_Tracking,23,96,No Risk,78,0,Customer inquired regarding expedited courier delivery status for hardware order. Agent tracked consignment and confirmed arrival ETA.
2026-08-20 02:44:12,CM-23938-C,AGENT_CHRIS,Tech_Support_APAC,365,25,6.8,38,Account_Access,82,94,No Risk,74,1,User locked out after multi-factor authentication reset. Agent verified security answers and issued one-time password bypass token.
2026-08-20 02:59:53,CM-99630-A,AGENT_AVERY,Tech_Support_APAC,318,41,12.9,21,General_Product_Query,74,96,No Risk,68,1,General inquiry on API rate limits and webhook notification configurations. Agent referenced technical developer documentation.
2026-08-20 03:11:50,CM-50516-A,AGENT_CASEY,Tech_Support_US,143,13,8.8,12,Billing_Inquiry,20,93,No Risk,68,1,Caller requested invoice copy and updated credit card details on enterprise billing profile. Verified billing contacts and confirmed change.
2026-08-20 03:15:56,CM-45944-A,AGENT_SAM,Billing_Support_US,217,40,18.6,16,Subscription_Renewal,30,99,No Risk,92,1,Inquiry on multi-seat volume discount tiers for next fiscal renewal period. Agent summarized discount matrix.
2026-08-20 03:20:38,CM-99166-C,AGENT_JORDAN,Enterprise_Escalations,121,23,19.4,17,Order_Tracking,53,97,No Risk,81,1,Customer confirmed receipt of initial shipment and verified serial numbers against enterprise invoice order.
2026-08-20 03:26:01,CM-89074-A,AGENT_PAT,Billing_Support_US,257,16,6.2,12,Billing_Inquiry,11,98,No Risk,74,1,Discussion regarding prorated subscription charges following plan upgrade. Agent explained billing cycle cutoff dates clearly.
2026-08-20 03:32:36,CM-24778-C,AGENT_SAM,Enterprise_Escalations,229,10,4.2,30,General_Product_Query,27,98,No Risk,77,0,Prospective customer requested feature comparison between Standard and Enterprise analytics tiers.
2026-08-20 03:58:31,CM-99710-A,AGENT_ALEX,Customer_Care_Global,162,38,23.5,37,Subscription_Renewal,11,96,No Risk,92,1,Enterprise contact reviewed upcoming annual contract renewal terms and license tiers. Agent forwarded formal quote sheet.
2026-08-20 04:08:21,CM-99795-B,AGENT_JORDAN,Customer_Care_Global,252,58,22.9,16,Account_Access,12,92,No Risk,75,1,Caller needed email address change on primary customer account. Two-step verification completed and credentials refreshed.
2026-08-20 04:11:03,CM-32577-C,AGENT_ALEX,Customer_Care_Global,374,49,13.1,14,Billing_Inquiry,31,99,No Risk,79,1,Customer queried line-item surcharge on recent monthly statement. Agent reviewed billing schedule and credited processing variance.
2026-08-20 04:26:37,CM-91650-C,AGENT_CASEY,Tech_Support_APAC,265,39,14.9,30,Account_Access,80,93,No Risk,80,0,User locked out after multi-factor authentication reset. Agent verified security answers and issued one-time password bypass token.
2026-08-20 04:28:32,CM-18993-A,AGENT_CASEY,Customer_Care_Global,219,49,22.3,32,General_Product_Query,54,92,Medium Risk,94,1,General inquiry on API rate limits and webhook notification configurations. Agent referenced technical developer documentation.
2026-08-20 04:32:30,CM-15928-B,AGENT_MORGAN,Tech_Support_APAC,236,10,4.1,31,Order_Tracking,40,91,Medium Risk,88,0,Inquiry regarding shipment customs delay. Agent contacted logistics partner and provided updated tracking manifest.
2026-08-20 04:33:25,CM-41544-A,AGENT_JORDAN,Tech_Support_APAC,344,16,4.7,13,General_Product_Query,86,96,No Risk,79,1,Prospective customer requested feature comparison between Standard and Enterprise analytics tiers.
2026-08-20 04:35:39,CM-69389-B,AGENT_AVERY,Tech_Support_US,312,60,19.1,36,Subscription_Renewal,83,97,No Risk,83,1,Inquiry on multi-seat volume discount tiers for next fiscal renewal period. Agent summarized discount matrix.
2026-08-20 04:42:57,CM-49576-B,AGENT_CASEY,Tech_Support_APAC,397,67,17.0,36,Subscription_Renewal,68,100,No Risk,92,1,Inquiry on multi-seat volume discount tiers for next fiscal renewal period. Agent summarized discount matrix.
2026-08-20 04:51:24,CM-53603-C,AGENT_CHRIS,Tech_Support_US,333,61,18.4,43,General_Product_Query,56,92,No Risk,68,1,Caller asked regarding desktop client system requirements and supported browser versions. Agent shared knowledge base link.
2026-08-20 05:05:49,CM-47316-A,AGENT_CHRIS,Billing_Support_US,195,46,23.6,37,Billing_Inquiry,82,97,No Risk,90,1,Discussion regarding prorated subscription charges following plan upgrade. Agent explained billing cycle cutoff dates clearly.
2026-08-20 05:15:43,CM-89559-A,AGENT_TAYLOR,Customer_Care_Global,259,38,14.7,20,Billing_Inquiry,60,95,No Risk,74,1,Caller requested invoice copy and updated credit card details on enterprise billing profile. Verified billing contacts and confirmed change.
2026-08-20 05:21:04,CM-55453-C,AGENT_CHRIS,Customer_Care_Global,318,28,8.7,27,Order_Tracking,74,100,No Risk,66,1,Customer confirmed receipt of initial shipment and verified serial numbers against enterprise invoice order.
2026-08-20 05:45:05,CM-61615-C,AGENT_CASEY,Enterprise_Escalations,183,10,5.3,44,Subscription_Renewal,84,100,No Risk,78,1,Inquiry on multi-seat volume discount tiers for next fiscal renewal period. Agent summarized discount matrix.
2026-08-20 05:51:24,CM-32195-A,AGENT_MORGAN,Customer_Care_Global,217,12,5.6,29,Subscription_Renewal,41,94,No Risk,73,1,Customer confirmed continuation of annual maintenance agreement and updated purchase order authorization number.
2026-08-20 06:03:37,CM-31146-B,AGENT_MORGAN,Billing_Support_US,359,46,12.8,24,Order_Tracking,74,98,No Risk,73,1,Inquiry regarding shipment customs delay. Agent contacted logistics partner and provided updated tracking manifest.
2026-08-20 06:03:58,CM-33267-B,AGENT_JORDAN,Tech_Support_US,176,28,15.9,10,Billing_Inquiry,70,95,No Risk,67,1,Customer queried line-item surcharge on recent monthly statement. Agent reviewed billing schedule and credited processing variance.
2026-08-20 06:15:25,CM-48209-A,AGENT_JORDAN,Tech_Support_APAC,287,59,20.7,31,Account_Access,76,97,No Risk,96,1,Caller needed email address change on primary customer account. Two-step verification completed and credentials refreshed.
2026-08-20 06:31:10,CM-34108-C,AGENT_SAM,Tech_Support_APAC,396,92,23.3,26,Subscription_Renewal,34,93,Medium Risk,80,1,Inquiry on multi-seat volume discount tiers for next fiscal renewal period. Agent summarized discount matrix.
2026-08-20 06:42:05,CM-26846-A,AGENT_MORGAN,Tech_Support_APAC,124,14,11.5,25,Account_Access,29,98,No Risk,65,0,Caller needed email address change on primary customer account. Two-step verification completed and credentials refreshed.
2026-08-20 06:46:33,CM-54558-B,AGENT_TAYLOR,Billing_Support_US,170,36,21.2,34,Billing_Inquiry,50,91,No Risk,75,1,Caller requested invoice copy and updated credit card details on enterprise billing profile. Verified billing contacts and confirmed change.
2026-08-20 06:49:43,CM-74174-B,AGENT_TAYLOR,Tech_Support_APAC,259,47,18.0,38,Account_Access,43,89,Medium Risk,94,1,Caller needed email address change on primary customer account. Two-step verification completed and credentials refreshed.
2026-08-20 06:57:51,CM-40539-C,AGENT_CHRIS,Tech_Support_APAC,173,7,4.0,34,Order_Tracking,94,100,No Risk,78,1,Customer confirmed receipt of initial shipment and verified serial numbers against enterprise invoice order.
2026-08-20 07:03:42,CM-40147-C,AGENT_MORGAN,Tech_Support_APAC,258,49,19.0,35,Order_Tracking,58,91,No Risk,70,1,Customer inquired regarding expedited courier delivery status for hardware order. Agent tracked consignment and confirmed arrival ETA.
2026-08-20 07:35:51,CM-57089-A,AGENT_RILEY,Tech_Support_US,362,76,20.9,33,General_Product_Query,70,92,No Risk,73,1,Caller asked regarding desktop client system requirements and supported browser versions. Agent shared knowledge base link.
2026-08-20 07:43:44,CM-83563-A,AGENT_CASEY,Billing_Support_US,336,44,13.0,10,Account_Access,45,94,No Risk,86,1,Customer requested administrative permission transfer for organization portal. Agent processed identity verification protocol successfully.
2026-08-20 07:50:23,CM-70505-C,AGENT_MORGAN,Billing_Support_US,275,57,20.6,36,Order_Tracking,18,96,No Risk,80,1,Inquiry regarding shipment customs delay. Agent contacted logistics partner and provided updated tracking manifest.
2026-08-20 07:57:02,CM-27997-B,AGENT_JORDAN,Billing_Support_US,221,29,12.9,34,Billing_Inquiry,36,97,No Risk,78,1,Caller requested invoice copy and updated credit card details on enterprise billing profile. Verified billing contacts and confirmed change.
2026-08-20 08:01:56,CM-88346-B,AGENT_PAT,Tech_Support_US,289,24,8.3,29,Subscription_Renewal,67,100,No Risk,79,1,Inquiry on multi-seat volume discount tiers for next fiscal renewal period. Agent summarized discount matrix.
2026-08-20 08:35:14,CM-60165-C,AGENT_PAT,Tech_Support_US,137,11,8.3,27,Order_Tracking,33,96,No Risk,80,0,Customer confirmed receipt of initial shipment and verified serial numbers against enterprise invoice order.
2026-08-20 08:50:42,CM-72456-A,AGENT_ALEX,Tech_Support_APAC,408,75,18.5,45,Billing_Inquiry,68,98,No Risk,95,1,Customer queried line-item surcharge on recent monthly statement. Agent reviewed billing schedule and credited processing variance.
2026-08-20 09:04:23,CM-17972-B,AGENT_PAT,Billing_Support_US,195,27,13.8,14,Billing_Inquiry,66,94,No Risk,69,1,Customer queried line-item surcharge on recent monthly statement. Agent reviewed billing schedule and credited processing variance.
2026-08-20 09:04:47,CM-54453-B,AGENT_CASEY,Tech_Support_US,281,45,16.1,17,General_Product_Query,33,94,No Risk,67,1,General inquiry on API rate limits and webhook notification configurations. Agent referenced technical developer documentation.
2026-08-20 09:05:09,CM-86269-C,AGENT_PAT,Enterprise_Escalations,361,80,22.1,26,Account_Access,80,93,No Risk,74,0,Customer requested administrative permission transfer for organization portal. Agent processed identity verification protocol successfully.
2026-08-20 09:08:58,CM-53309-A,AGENT_CASEY,Tech_Support_US,412,72,17.4,44,Order_Tracking,37,99,No Risk,95,0,Customer inquired regarding expedited courier delivery status for hardware order. Agent tracked consignment and confirmed arrival ETA.
2026-08-20 09:20:53,CM-84536-A,AGENT_SAM,Tech_Support_US,271,57,21.0,36,Billing_Inquiry,68,98,No Risk,75,1,Discussion regarding prorated subscription charges following plan upgrade. Agent explained billing cycle cutoff dates clearly.
2026-08-20 09:23:15,CM-63554-A,AGENT_SAM,Billing_Support_US,344,65,18.8,23,Account_Access,35,95,No Risk,96,0,Caller needed email address change on primary customer account. Two-step verification completed and credentials refreshed.
2026-08-20 09:23:16,CM-68947-B,AGENT_CHRIS,Tech_Support_APAC,299,64,21.3,25,Subscription_Renewal,25,97,No Risk,92,1,Enterprise contact reviewed upcoming annual contract renewal terms and license tiers. Agent forwarded formal quote sheet.
2026-08-20 09:29:43,CM-96122-C,AGENT_TAYLOR,Billing_Support_US,334,77,23.1,42,Billing_Inquiry,38,92,Medium Risk,72,1,Discussion regarding prorated subscription charges following plan upgrade. Agent explained billing cycle cutoff dates clearly.
2026-08-20 09:30:20,CM-97518-B,AGENT_PAT,Tech_Support_US,183,36,19.5,34,Account_Access,80,95,No Risk,87,0,Customer requested administrative permission transfer for organization portal. Agent processed identity verification protocol successfully.
2026-08-20 09:31:12,CM-27495-B,AGENT_CHRIS,Customer_Care_Global,418,24,5.8,29,General_Product_Query,31,98,No Risk,70,1,Caller asked regarding desktop client system requirements and supported browser versions. Agent shared knowledge base link.
2026-08-20 09:49:55,CM-45428-B,AGENT_AVERY,Billing_Support_US,373,76,20.5,13,Order_Tracking,20,93,No Risk,66,1,Inquiry regarding shipment customs delay. Agent contacted logistics partner and provided updated tracking manifest.
2026-08-20 09:51:34,CM-52253-C,AGENT_JORDAN,Customer_Care_Global,215,15,7.2,31,Billing_Inquiry,70,96,No Risk,87,0,Caller requested invoice copy and updated credit card details on enterprise billing profile. Verified billing contacts and confirmed change.
2026-08-20 10:00:12,CM-88496-B,AGENT_SAM,Enterprise_Escalations,269,26,9.5,40,Billing_Inquiry,83,100,No Risk,89,1,Customer queried line-item surcharge on recent monthly statement. Agent reviewed billing schedule and credited processing variance.
2026-08-20 10:11:45,CM-21090-A,AGENT_CASEY,Customer_Care_Global,247,58,23.3,37,Order_Tracking,31,94,Medium Risk,84,1,Customer inquired regarding expedited courier delivery status for hardware order. Agent tracked consignment and confirmed arrival ETA.
2026-08-20 10:22:47,CM-93164-C,AGENT_ALEX,Tech_Support_US,215,34,15.7,22,Account_Access,38,94,No Risk,96,1,Customer requested administrative permission transfer for organization portal. Agent processed identity verification protocol successfully.
2026-08-20 10:51:50,CM-32946-B,AGENT_TAYLOR,Tech_Support_APAC,410,81,19.8,28,Subscription_Renewal,33,93,No Risk,71,1,Customer confirmed continuation of annual maintenance agreement and updated purchase order authorization number.
2026-08-20 10:53:06,CM-85534-B,AGENT_JORDAN,Tech_Support_APAC,236,26,11.0,36,Order_Tracking,65,98,No Risk,65,1,Customer confirmed receipt of initial shipment and verified serial numbers against enterprise invoice order.
2026-08-20 10:54:40,CM-44800-C,AGENT_RILEY,Tech_Support_APAC,295,40,13.4,41,Account_Access,31,100,No Risk,88,1,Customer requested administrative permission transfer for organization portal. Agent processed identity verification protocol successfully.
2026-08-20 11:13:02,CM-78242-A,AGENT_RILEY,Billing_Support_US,140,30,21.6,43,Billing_Inquiry,41,97,No Risk,89,0,Discussion regarding prorated subscription charges following plan upgrade. Agent explained billing cycle cutoff dates clearly.
2026-08-20 11:28:08,CM-91922-B,AGENT_ALEX,Billing_Support_US,128,11,8.8,45,Account_Access,87,96,No Risk,98,1,User locked out after multi-factor authentication reset. Agent verified security answers and issued one-time password bypass token.
2026-08-20 11:29:29,CM-26688-C,AGENT_CHRIS,Tech_Support_APAC,258,55,21.4,23,Order_Tracking,39,97,No Risk,79,1,Customer inquired regarding expedited courier delivery status for hardware order. Agent tracked consignment and confirmed arrival ETA.
2026-08-20 11:37:24,CM-57628-B,AGENT_CASEY,Billing_Support_US,416,82,19.7,19,Subscription_Renewal,23,92,No Risk,72,1,Inquiry on multi-seat volume discount tiers for next fiscal renewal period. Agent summarized discount matrix.
2026-08-20 11:56:01,CM-60004-B,AGENT_JORDAN,Billing_Support_US,305,48,15.7,28,Subscription_Renewal,72,96,No Risk,80,1,Inquiry on multi-seat volume discount tiers for next fiscal renewal period. Agent summarized discount matrix.
2026-08-20 11:56:50,CM-22761-C,AGENT_CHRIS,Billing_Support_US,250,56,22.4,31,General_Product_Query,44,97,No Risk,90,1,General inquiry on API rate limits and webhook notification configurations. Agent referenced technical developer documentation.
2026-08-20 12:08:03,CM-60784-A,AGENT_MORGAN,Tech_Support_US,304,57,18.7,23,General_Product_Query,48,98,No Risk,94,1,Caller asked regarding desktop client system requirements and supported browser versions. Agent shared knowledge base link.
2026-08-20 12:17:15,CM-82034-C,AGENT_JORDAN,Customer_Care_Global,231,39,16.8,33,Subscription_Renewal,35,96,No Risk,72,0,Enterprise contact reviewed upcoming annual contract renewal terms and license tiers. Agent forwarded formal quote sheet.
2026-08-20 12:18:47,CM-18791-B,AGENT_TAYLOR,Tech_Support_APAC,388,51,13.2,35,Order_Tracking,72,100,No Risk,94,1,Customer confirmed receipt of initial shipment and verified serial numbers against enterprise invoice order.
2026-08-20 12:19:17,CM-67176-A,AGENT_RILEY,Tech_Support_APAC,178,28,15.5,35,Order_Tracking,83,100,No Risk,90,1,Customer inquired regarding expedited courier delivery status for hardware order. Agent tracked consignment and confirmed arrival ETA.
2026-08-20 12:47:30,CM-43166-B,AGENT_ALEX,Enterprise_Escalations,399,85,21.3,39,Billing_Inquiry,70,93,No Risk,71,1,Customer queried line-item surcharge on recent monthly statement. Agent reviewed billing schedule and credited processing variance.
2026-08-20 12:47:53,CM-18825-A,AGENT_PAT,Customer_Care_Global,411,58,14.0,44,General_Product_Query,23,100,No Risk,75,0,General inquiry on API rate limits and webhook notification configurations. Agent referenced technical developer documentation.
2026-08-20 12:49:16,CM-66062-B,AGENT_MORGAN,Tech_Support_US,336,60,18.0,43,Account_Access,21,97,No Risk,70,1,Caller needed email address change on primary customer account. Two-step verification completed and credentials refreshed.
2026-08-20 12:55:42,CM-67154-A,AGENT_CASEY,Enterprise_Escalations,183,21,11.3,31,Account_Access,18,96,No Risk,84,1,Caller needed email address change on primary customer account. Two-step verification completed and credentials refreshed.
2026-08-20 12:56:13,CM-39418-A,AGENT_PAT,Tech_Support_US,133,19,14.6,29,Subscription_Renewal,94,99,No Risk,86,1,Customer confirmed continuation of annual maintenance agreement and updated purchase order authorization number.
2026-08-20 13:01:48,CM-41077-A,AGENT_MORGAN,Tech_Support_US,303,64,21.1,18,Order_Tracking,37,97,No Risk,82,1,Customer inquired regarding expedited courier delivery status for hardware order. Agent tracked consignment and confirmed arrival ETA.
2026-08-20 13:10:57,CM-20917-B,AGENT_SAM,Customer_Care_Global,215,40,18.5,38,General_Product_Query,95,92,No Risk,78,1,Caller asked regarding desktop client system requirements and supported browser versions. Agent shared knowledge base link.
2026-08-20 13:15:22,CM-10702-B,AGENT_CASEY,Enterprise_Escalations,141,14,10.1,33,Subscription_Renewal,60,94,No Risk,76,0,Customer confirmed continuation of annual maintenance agreement and updated purchase order authorization number.
2026-08-20 13:15:26,CM-17146-C,AGENT_SAM,Tech_Support_US,214,13,6.1,28,Subscription_Renewal,11,100,No Risk,68,1,Customer confirmed continuation of annual maintenance agreement and updated purchase order authorization number.
2026-08-20 13:18:59,CM-49085-B,AGENT_RILEY,Enterprise_Escalations,303,44,14.5,18,General_Product_Query,65,100,No Risk,77,0,Caller asked regarding desktop client system requirements and supported browser versions. Agent shared knowledge base link.
2026-08-20 14:03:53,CM-83941-C,AGENT_CASEY,Enterprise_Escalations,211,44,20.9,28,General_Product_Query,64,97,No Risk,74,1,Caller asked regarding desktop client system requirements and supported browser versions. Agent shared knowledge base link.
2026-08-20 14:04:52,CM-71481-A,AGENT_TAYLOR,Tech_Support_US,176,36,20.7,27,General_Product_Query,83,96,No Risk,80,1,Caller asked regarding desktop client system requirements and supported browser versions. Agent shared knowledge base link.
2026-08-20 14:21:30,CM-34884-B,AGENT_RILEY,Billing_Support_US,147,29,19.5,39,Order_Tracking,46,96,No Risk,98,1,Customer inquired regarding expedited courier delivery status for hardware order. Agent tracked consignment and confirmed arrival ETA.
2026-08-20 14:26:28,CM-40496-A,AGENT_ALEX,Tech_Support_US,151,32,21.2,30,General_Product_Query,84,91,No Risk,81,1,General inquiry on API rate limits and webhook notification configurations. Agent referenced technical developer documentation.
2026-08-20 14:31:34,CM-94717-A,AGENT_JORDAN,Tech_Support_US,261,13,5.1,27,Billing_Inquiry,14,100,No Risk,79,1,Discussion regarding prorated subscription charges following plan upgrade. Agent explained billing cycle cutoff dates clearly.
2026-08-20 14:43:35,CM-57235-C,AGENT_MORGAN,Customer_Care_Global,135,28,20.5,35,Order_Tracking,74,95,No Risk,80,1,Inquiry regarding shipment customs delay. Agent contacted logistics partner and provided updated tracking manifest.
2026-08-20 14:47:46,CM-22097-C,AGENT_PAT,Customer_Care_Global,338,14,4.1,26,Billing_Inquiry,26,94,No Risk,65,1,Customer queried line-item surcharge on recent monthly statement. Agent reviewed billing schedule and credited processing variance.
2026-08-20 14:52:44,CM-51793-C,AGENT_JORDAN,Tech_Support_US,230,14,6.3,40,Subscription_Renewal,20,100,No Risk,96,1,Customer confirmed continuation of annual maintenance agreement and updated purchase order authorization number.
2026-08-20 14:54:42,CM-75095-C,AGENT_MORGAN,Enterprise_Escalations,288,28,9.8,25,General_Product_Query,24,98,No Risk,76,1,Prospective customer requested feature comparison between Standard and Enterprise analytics tiers.
2026-08-20 14:56:42,CM-64995-B,AGENT_SAM,Billing_Support_US,249,41,16.5,18,Order_Tracking,25,91,Medium Risk,65,1,Inquiry regarding shipment customs delay. Agent contacted logistics partner and provided updated tracking manifest.
2026-08-20 15:00:22,CM-94202-A,AGENT_MORGAN,Enterprise_Escalations,401,16,4.0,33,Billing_Inquiry,54,96,No Risk,81,0,Discussion regarding prorated subscription charges following plan upgrade. Agent explained billing cycle cutoff dates clearly.
2026-08-20 15:16:01,CM-88407-A,AGENT_ALEX,Billing_Support_US,134,30,22.6,25,Account_Access,57,96,No Risk,65,1,Customer requested administrative permission transfer for organization portal. Agent processed identity verification protocol successfully.
2026-08-20 15:20:30,CM-33507-A,AGENT_CASEY,Tech_Support_APAC,164,9,5.4,28,Subscription_Renewal,69,98,No Risk,94,1,Enterprise contact reviewed upcoming annual contract renewal terms and license tiers. Agent forwarded formal quote sheet.
2026-08-20 15:36:55,CM-57059-A,AGENT_RILEY,Tech_Support_US,371,75,20.3,42,Account_Access,81,99,No Risk,91,1,Caller needed email address change on primary customer account. Two-step verification completed and credentials refreshed.
2026-08-20 15:40:15,CM-11699-C,AGENT_SAM,Tech_Support_US,308,66,21.4,24,General_Product_Query,66,98,No Risk,77,1,Prospective customer requested feature comparison between Standard and Enterprise analytics tiers.
2026-08-20 15:49:38,CM-67129-A,AGENT_MORGAN,Enterprise_Escalations,303,23,7.6,18,Subscription_Renewal,57,97,No Risk,82,1,Enterprise contact reviewed upcoming annual contract renewal terms and license tiers. Agent forwarded formal quote sheet.
2026-08-20 15:57:13,CM-63453-C,AGENT_ALEX,Enterprise_Escalations,135,10,7.1,17,Subscription_Renewal,91,100,No Risk,93,1,Enterprise contact reviewed upcoming annual contract renewal terms and license tiers. Agent forwarded formal quote sheet.
2026-08-20 16:01:46,CM-89711-C,AGENT_MORGAN,Enterprise_Escalations,348,29,8.4,22,General_Product_Query,45,96,No Risk,70,1,Prospective customer requested feature comparison between Standard and Enterprise analytics tiers.
2026-08-20 16:03:49,CM-25307-B,AGENT_CASEY,Tech_Support_US,133,7,5.6,31,Billing_Inquiry,34,96,No Risk,68,0,Customer queried line-item surcharge on recent monthly statement. Agent reviewed billing schedule and credited processing variance.
2026-08-20 16:17:22,CM-74272-C,AGENT_CHRIS,Tech_Support_APAC,194,29,14.9,25,Order_Tracking,70,94,Medium Risk,88,0,Inquiry regarding shipment customs delay. Agent contacted logistics partner and provided updated tracking manifest.
2026-08-20 16:18:25,CM-90224-C,AGENT_SAM,Tech_Support_APAC,210,35,16.6,30,Order_Tracking,19,100,No Risk,98,1,Customer inquired regarding expedited courier delivery status for hardware order. Agent tracked consignment and confirmed arrival ETA.
2026-08-20 16:19:03,CM-78298-B,AGENT_AVERY,Customer_Care_Global,301,44,14.7,31,General_Product_Query,36,94,No Risk,69,0,Caller asked regarding desktop client system requirements and supported browser versions. Agent shared knowledge base link.
2026-08-20 16:26:25,CM-28367-C,AGENT_SAM,Tech_Support_US,386,40,10.4,30,General_Product_Query,86,95,No Risk,79,0,General inquiry on API rate limits and webhook notification configurations. Agent referenced technical developer documentation.
2026-08-20 16:50:17,CM-92786-C,AGENT_CASEY,Customer_Care_Global,296,36,12.0,29,Subscription_Renewal,80,99,No Risk,65,1,Customer confirmed continuation of annual maintenance agreement and updated purchase order authorization number.
2026-08-20 17:00:55,CM-60793-C,AGENT_JORDAN,Tech_Support_US,412,63,15.3,11,Billing_Inquiry,19,98,No Risk,89,0,Caller requested invoice copy and updated credit card details on enterprise billing profile. Verified billing contacts and confirmed change.
2026-08-20 17:04:31,CM-72970-C,AGENT_AVERY,Tech_Support_APAC,392,23,5.8,30,General_Product_Query,93,100,No Risk,98,1,General inquiry on API rate limits and webhook notification configurations. Agent referenced technical developer documentation.
2026-08-20 17:11:28,CM-72094-A,AGENT_MORGAN,Tech_Support_APAC,283,31,11.1,40,Order_Tracking,89,99,No Risk,96,1,Inquiry regarding shipment customs delay. Agent contacted logistics partner and provided updated tracking manifest.
2026-08-20 17:17:35,CM-66324-A,AGENT_AVERY,Billing_Support_US,330,68,20.5,32,Account_Access,47,93,No Risk,83,0,Customer requested administrative permission transfer for organization portal. Agent processed identity verification protocol successfully.
2026-08-20 17:33:02,CM-19046-B,AGENT_ALEX,Customer_Care_Global,349,27,7.6,36,Subscription_Renewal,27,95,No Risk,89,0,Customer confirmed continuation of annual maintenance agreement and updated purchase order authorization number.
2026-08-20 17:41:00,CM-45102-A,AGENT_JORDAN,Billing_Support_US,253,52,20.7,45,Order_Tracking,25,92,No Risk,81,1,Customer confirmed receipt of initial shipment and verified serial numbers against enterprise invoice order.
2026-08-20 17:45:18,CM-82970-C,AGENT_TAYLOR,Billing_Support_US,333,46,13.9,34,General_Product_Query,54,96,No Risk,91,1,Caller asked regarding desktop client system requirements and supported browser versions. Agent shared knowledge base link.
2026-08-20 17:54:28,CM-21866-A,AGENT_TAYLOR,Enterprise_Escalations,415,79,19.1,19,Billing_Inquiry,94,94,No Risk,93,1,Customer queried line-item surcharge on recent monthly statement. Agent reviewed billing schedule and credited processing variance.
2026-08-20 18:23:11,CM-12321-B,AGENT_CHRIS,Billing_Support_US,363,30,8.2,24,Account_Access,51,96,No Risk,82,0,Caller needed email address change on primary customer account. Two-step verification completed and credentials refreshed.
2026-08-20 18:24:00,CM-38910-A,AGENT_TAYLOR,Tech_Support_US,226,28,12.3,30,Billing_Inquiry,23,94,No Risk,90,1,Caller requested invoice copy and updated credit card details on enterprise billing profile. Verified billing contacts and confirmed change.
2026-08-20 18:43:08,CM-68904-A,AGENT_ALEX,Enterprise_Escalations,212,33,15.7,43,Order_Tracking,47,99,No Risk,85,1,Inquiry regarding shipment customs delay. Agent contacted logistics partner and provided updated tracking manifest.
2026-08-20 18:46:43,CM-35919-C,AGENT_RILEY,Tech_Support_US,206,46,22.1,17,Billing_Inquiry,52,95,No Risk,92,1,Discussion regarding prorated subscription charges following plan upgrade. Agent explained billing cycle cutoff dates clearly.
2026-08-20 18:56:27,CM-26716-A,AGENT_RILEY,Tech_Support_APAC,146,24,16.2,14,Order_Tracking,65,95,No Risk,83,1,Inquiry regarding shipment customs delay. Agent contacted logistics partner and provided updated tracking manifest.
2026-08-20 18:58:15,CM-63729-C,AGENT_CASEY,Tech_Support_APAC,239,44,18.4,33,General_Product_Query,51,90,No Risk,65,0,General inquiry on API rate limits and webhook notification configurations. Agent referenced technical developer documentation.
2026-08-20 19:02:13,CM-21239-A,AGENT_ALEX,Tech_Support_APAC,229,48,21.1,32,Order_Tracking,50,94,No Risk,84,1,Customer inquired regarding expedited courier delivery status for hardware order. Agent tracked consignment and confirmed arrival ETA.
2026-08-20 19:02:20,CM-72303-A,AGENT_CHRIS,Billing_Support_US,172,36,20.9,32,Subscription_Renewal,46,98,No Risk,90,1,Inquiry on multi-seat volume discount tiers for next fiscal renewal period. Agent summarized discount matrix.
2026-08-20 19:06:44,CM-50779-C,AGENT_CASEY,Billing_Support_US,222,44,19.6,11,Account_Access,77,90,No Risk,68,0,User locked out after multi-factor authentication reset. Agent verified security answers and issued one-time password bypass token.
2026-08-20 19:19:02,CM-51150-A,AGENT_PAT,Billing_Support_US,277,20,7.1,11,Subscription_Renewal,70,100,No Risk,80,1,Customer confirmed continuation of annual maintenance agreement and updated purchase order authorization number.
2026-08-20 19:25:18,CM-15737-A,AGENT_TAYLOR,Tech_Support_APAC,318,19,6.1,16,Account_Access,34,100,No Risk,96,1,Caller needed email address change on primary customer account. Two-step verification completed and credentials refreshed.
2026-08-20 19:27:40,CM-17762-B,AGENT_TAYLOR,Tech_Support_US,320,65,20.4,35,Subscription_Renewal,41,97,No Risk,77,1,Enterprise contact reviewed upcoming annual contract renewal terms and license tiers. Agent forwarded formal quote sheet.
2026-08-20 19:37:54,CM-41686-B,AGENT_AVERY,Customer_Care_Global,216,41,18.8,12,Subscription_Renewal,66,94,No Risk,78,1,Inquiry on multi-seat volume discount tiers for next fiscal renewal period. Agent summarized discount matrix.
2026-08-20 20:29:43,CM-64668-B,AGENT_CASEY,Tech_Support_APAC,150,25,16.9,11,General_Product_Query,78,99,No Risk,83,0,General inquiry on API rate limits and webhook notification configurations. Agent referenced technical developer documentation.
2026-08-20 20:30:01,CM-30479-C,AGENT_RILEY,Customer_Care_Global,161,26,16.3,18,Billing_Inquiry,17,97,No Risk,76,1,Customer queried line-item surcharge on recent monthly statement. Agent reviewed billing schedule and credited processing variance.
2026-08-20 20:30:32,CM-84887-C,AGENT_SAM,Billing_Support_US,256,56,21.9,10,Billing_Inquiry,29,93,No Risk,74,1,Discussion regarding prorated subscription charges following plan upgrade. Agent explained billing cycle cutoff dates clearly.
2026-08-20 20:32:37,CM-39662-B,AGENT_TAYLOR,Billing_Support_US,261,48,18.5,19,Billing_Inquiry,84,97,No Risk,85,1,Customer queried line-item surcharge on recent monthly statement. Agent reviewed billing schedule and credited processing variance.
2026-08-20 20:33:05,CM-92518-C,AGENT_SAM,Tech_Support_US,198,30,15.3,42,Order_Tracking,92,95,No Risk,85,1,Inquiry regarding shipment customs delay. Agent contacted logistics partner and provided updated tracking manifest.
2026-08-20 20:38:30,CM-84599-A,AGENT_TAYLOR,Enterprise_Escalations,131,8,6.0,24,Order_Tracking,73,100,No Risk,79,1,Inquiry regarding shipment customs delay. Agent contacted logistics partner and provided updated tracking manifest.
2026-08-20 20:46:49,CM-20369-A,AGENT_CHRIS,Tech_Support_US,347,36,10.3,27,Order_Tracking,47,98,No Risk,88,1,Customer confirmed receipt of initial shipment and verified serial numbers against enterprise invoice order.
2026-08-20 21:08:36,CM-84207-A,AGENT_MORGAN,Billing_Support_US,284,65,22.8,36,Order_Tracking,43,93,No Risk,90,1,Customer inquired regarding expedited courier delivery status for hardware order. Agent tracked consignment and confirmed arrival ETA.
2026-08-20 21:13:41,CM-51662-C,AGENT_MORGAN,Tech_Support_US,167,9,5.4,20,General_Product_Query,74,100,No Risk,87,1,Caller asked regarding desktop client system requirements and supported browser versions. Agent shared knowledge base link.
2026-08-20 21:16:01,CM-27351-C,AGENT_CASEY,Billing_Support_US,292,32,11.1,45,Subscription_Renewal,61,98,No Risk,86,1,Inquiry on multi-seat volume discount tiers for next fiscal renewal period. Agent summarized discount matrix.
2026-08-20 21:34:09,CM-69250-A,AGENT_RILEY,Tech_Support_APAC,200,35,17.4,45,Order_Tracking,18,95,No Risk,76,0,Inquiry regarding shipment customs delay. Agent contacted logistics partner and provided updated tracking manifest.
2026-08-20 21:48:21,CM-74441-B,AGENT_MORGAN,Customer_Care_Global,240,12,5.0,45,Order_Tracking,38,97,No Risk,70,1,Inquiry regarding shipment customs delay. Agent contacted logistics partner and provided updated tracking manifest.
2026-08-20 21:53:14,CM-74828-A,AGENT_MORGAN,Tech_Support_APAC,390,52,13.4,22,Account_Access,59,100,No Risk,97,1,Customer requested administrative permission transfer for organization portal. Agent processed identity verification protocol successfully.
2026-08-20 22:09:56,CM-46697-B,AGENT_ALEX,Customer_Care_Global,224,49,22.0,19,Billing_Inquiry,48,96,No Risk,72,0,Discussion regarding prorated subscription charges following plan upgrade. Agent explained billing cycle cutoff dates clearly.
2026-08-20 22:13:39,CM-37563-C,AGENT_PAT,Billing_Support_US,211,35,16.7,20,Order_Tracking,67,98,No Risk,67,1,Customer inquired regarding expedited courier delivery status for hardware order. Agent tracked consignment and confirmed arrival ETA.
2026-08-20 22:18:44,CM-29736-A,AGENT_SAM,Enterprise_Escalations,359,71,19.8,34,General_Product_Query,50,95,No Risk,66,1,Caller asked regarding desktop client system requirements and supported browser versions. Agent shared knowledge base link.
2026-08-20 22:23:15,CM-46418-B,AGENT_TAYLOR,Enterprise_Escalations,197,19,9.5,10,Order_Tracking,42,100,No Risk,93,1,Inquiry regarding shipment customs delay. Agent contacted logistics partner and provided updated tracking manifest.
2026-08-20 22:45:18,CM-88412-B,AGENT_CHRIS,Enterprise_Escalations,379,51,13.5,14,General_Product_Query,71,100,No Risk,75,1,Caller asked regarding desktop client system requirements and supported browser versions. Agent shared knowledge base link.
2026-08-20 22:53:43,CM-65680-C,AGENT_JORDAN,Tech_Support_APAC,382,74,19.5,12,Billing_Inquiry,65,91,No Risk,68,1,Caller requested invoice copy and updated credit card details on enterprise billing profile. Verified billing contacts and confirmed change.
2026-08-20 22:56:38,CM-84946-B,AGENT_ALEX,Tech_Support_US,272,45,16.7,21,Subscription_Renewal,55,98,No Risk,77,0,Inquiry on multi-seat volume discount tiers for next fiscal renewal period. Agent summarized discount matrix.
2026-08-20 22:58:10,CM-42847-A,AGENT_CASEY,Customer_Care_Global,417,69,16.5,44,Account_Access,88,97,No Risk,74,1,User locked out after multi-factor authentication reset. Agent verified security answers and issued one-time password bypass token.
2026-08-20 23:01:08,CM-55398-B,AGENT_SAM,Billing_Support_US,190,15,8.0,27,Account_Access,78,99,No Risk,71,1,Caller needed email address change on primary customer account. Two-step verification completed and credentials refreshed.
2026-08-20 23:10:10,CM-46234-C,AGENT_CASEY,Customer_Care_Global,236,30,12.8,27,Billing_Inquiry,43,99,No Risk,76,1,Customer queried line-item surcharge on recent monthly statement. Agent reviewed billing schedule and credited processing variance.
2026-08-20 23:28:52,CM-95686-C,AGENT_ALEX,Tech_Support_APAC,207,24,11.6,40,Subscription_Renewal,80,99,No Risk,70,1,Customer confirmed continuation of annual maintenance agreement and updated purchase order authorization number.
2026-08-20 23:42:01,CM-55656-B,AGENT_RILEY,Tech_Support_APAC,378,37,9.9,19,Subscription_Renewal,34,96,No Risk,67,0,Enterprise contact reviewed upcoming annual contract renewal terms and license tiers. Agent forwarded formal quote sheet.
2026-08-20 23:45:30,CM-54527-B,AGENT_JORDAN,Enterprise_Escalations,311,14,4.4,13,Order_Tracking,87,90,Medium Risk,71,1,Customer inquired regarding expedited courier delivery status for hardware order. Agent tracked consignment and confirmed arrival ETA.
2026-08-20 23:45:44,CM-45665-B,AGENT_PAT,Billing_Support_US,340,44,12.8,23,General_Product_Query,44,97,No Risk,72,1,General inquiry on API rate limits and webhook notification configurations. Agent referenced technical developer documentation.
2026-08-20 23:50:47,CM-78879-B,AGENT_CASEY,Customer_Care_Global,223,50,22.3,13,Billing_Inquiry,24,93,No Risk,74,0,Customer queried line-item surcharge on recent monthly statement. Agent reviewed billing schedule and credited processing variance.
2026-08-20 23:52:45,CM-64948-C,AGENT_AVERY,Enterprise_Escalations,255,26,10.3,23,General_Product_Query,43,99,No Risk,90,1,Caller asked regarding desktop client system requirements and supported browser versions. Agent shared knowledge base link.
2026-08-21 00:00:24,CM-58738-C,AGENT_TAYLOR,Tech_Support_APAC,120,20,16.5,37,Subscription_Renewal,39,92,No Risk,78,1,Customer confirmed continuation of annual maintenance agreement and updated purchase order authorization number.
2026-08-21 00:08:24,CM-23193-A,AGENT_JORDAN,Tech_Support_APAC,197,29,14.8,15,Account_Access,73,95,No Risk,68,1,User locked out after multi-factor authentication reset. Agent verified security answers and issued one-time password bypass token.
2026-08-21 00:09:54,CM-42163-C,AGENT_JORDAN,Billing_Support_US,351,67,19.0,40,Subscription_Renewal,40,94,No Risk,78,1,Inquiry on multi-seat volume discount tiers for next fiscal renewal period. Agent summarized discount matrix.
2026-08-21 00:11:48,CM-56492-C,AGENT_RILEY,Tech_Support_APAC,382,83,21.8,20,General_Product_Query,63,98,No Risk,82,1,Prospective customer requested feature comparison between Standard and Enterprise analytics tiers.
2026-08-21 00:26:03,CM-28524-B,AGENT_AVERY,Billing_Support_US,330,61,18.5,24,General_Product_Query,82,94,No Risk,84,1,Prospective customer requested feature comparison between Standard and Enterprise analytics tiers.
2026-08-21 00:32:21,CM-42527-C,AGENT_AVERY,Enterprise_Escalations,216,21,9.7,29,General_Product_Query,13,99,No Risk,90,1,General inquiry on API rate limits and webhook notification configurations. Agent referenced technical developer documentation.
2026-08-21 00:40:13,CM-83339-A,AGENT_AVERY,Enterprise_Escalations,194,34,17.7,18,Account_Access,31,94,No Risk,69,1,User locked out after multi-factor authentication reset. Agent verified security answers and issued one-time password bypass token.
2026-08-21 00:45:10,CM-24335-A,AGENT_CHRIS,Tech_Support_US,340,17,4.9,35,General_Product_Query,92,90,Medium Risk,71,1,Caller asked regarding desktop client system requirements and supported browser versions. Agent shared knowledge base link.
2026-08-21 00:46:51,CM-62235-C,AGENT_PAT,Tech_Support_US,407,55,13.6,41,Account_Access,35,96,No Risk,98,1,User locked out after multi-factor authentication reset. Agent verified security answers and issued one-time password bypass token.
2026-08-21 00:51:51,CM-22219-B,AGENT_JORDAN,Customer_Care_Global,330,50,15.1,45,Account_Access,85,100,No Risk,87,1,Caller needed email address change on primary customer account. Two-step verification completed and credentials refreshed.
2026-08-21 01:09:42,CM-89257-A,AGENT_PAT,Enterprise_Escalations,158,35,21.9,26,Account_Access,33,98,No Risk,94,1,Customer requested administrative permission transfer for organization portal. Agent processed identity verification protocol successfully.
2026-08-21 01:22:00,CM-49498-C,AGENT_CASEY,Billing_Support_US,228,50,21.9,40,Account_Access,24,96,No Risk,75,1,Caller needed email address change on primary customer account. Two-step verification completed and credentials refreshed.
2026-08-21 01:23:21,CM-75393-A,AGENT_RILEY,Customer_Care_Global,165,37,22.7,14,Account_Access,30,95,No Risk,69,1,User locked out after multi-factor authentication reset. Agent verified security answers and issued one-time password bypass token.
2026-08-21 01:32:42,CM-16426-A,AGENT_PAT,Tech_Support_US,416,72,17.4,45,Account_Access,88,93,No Risk,88,1,User locked out after multi-factor authentication reset. Agent verified security answers and issued one-time password bypass token.
2026-08-21 01:38:38,CM-26961-C,AGENT_PAT,Billing_Support_US,311,39,12.6,34,Subscription_Renewal,71,97,No Risk,65,1,Customer confirmed continuation of annual maintenance agreement and updated purchase order authorization number.
2026-08-21 01:50:20,CM-77673-C,AGENT_MORGAN,Tech_Support_APAC,254,13,5.3,23,Subscription_Renewal,81,100,No Risk,89,1,Inquiry on multi-seat volume discount tiers for next fiscal renewal period. Agent summarized discount matrix.
2026-08-21 02:06:04,CM-70774-C,AGENT_PAT,Customer_Care_Global,380,43,11.3,17,Subscription_Renewal,25,98,No Risk,79,1,Enterprise contact reviewed upcoming annual contract renewal terms and license tiers. Agent forwarded formal quote sheet.
2026-08-21 02:18:13,CM-62021-C,AGENT_TAYLOR,Tech_Support_US,388,60,15.4,17,Billing_Inquiry,74,99,No Risk,81,0,Caller requested invoice copy and updated credit card details on enterprise billing profile. Verified billing contacts and confirmed change.
2026-08-21 02:26:41,CM-76441-B,AGENT_RILEY,Customer_Care_Global,324,20,6.2,11,General_Product_Query,68,96,No Risk,71,1,General inquiry on API rate limits and webhook notification configurations. Agent referenced technical developer documentation.
2026-08-21 02:30:07,CM-74182-B,AGENT_CASEY,Enterprise_Escalations,382,63,16.6,27,General_Product_Query,42,99,No Risk,79,0,General inquiry on API rate limits and webhook notification configurations. Agent referenced technical developer documentation.
2026-08-21 02:40:34,CM-10503-B,AGENT_MORGAN,Tech_Support_US,221,40,18.3,30,Billing_Inquiry,59,98,No Risk,96,1,Discussion regarding prorated subscription charges following plan upgrade. Agent explained billing cycle cutoff dates clearly.
2026-08-21 02:55:01,CM-74210-B,AGENT_AVERY,Customer_Care_Global,207,40,19.4,38,Order_Tracking,76,93,No Risk,67,1,Customer confirmed receipt of initial shipment and verified serial numbers against enterprise invoice order.
2026-08-21 03:10:22,CM-40352-A,AGENT_TAYLOR,Tech_Support_US,187,27,14.3,43,General_Product_Query,87,96,No Risk,86,1,General inquiry on API rate limits and webhook notification configurations. Agent referenced technical developer documentation.
2026-08-21 03:35:35,CM-87576-B,AGENT_SAM,Tech_Support_APAC,274,55,20.0,37,General_Product_Query,70,96,No Risk,97,1,General inquiry on API rate limits and webhook notification configurations. Agent referenced technical developer documentation.
2026-08-21 03:44:10,CM-27771-B,AGENT_ALEX,Customer_Care_Global,246,44,18.0,25,Account_Access,26,93,No Risk,90,1,Customer requested administrative permission transfer for organization portal. Agent processed identity verification protocol successfully.
2026-08-21 03:50:25,CM-60350-A,AGENT_AVERY,Customer_Care_Global,218,32,14.6,27,Billing_Inquiry,69,93,No Risk,82,1,Discussion regarding prorated subscription charges following plan upgrade. Agent explained billing cycle cutoff dates clearly.
2026-08-21 03:57:19,CM-87941-C,AGENT_CASEY,Tech_Support_APAC,294,20,6.7,45,General_Product_Query,73,96,Medium Risk,72,1,Prospective customer requested feature comparison between Standard and Enterprise analytics tiers.
2026-08-21 04:03:33,CM-20029-C,AGENT_CASEY,Billing_Support_US,295,24,8.0,41,Subscription_Renewal,94,100,No Risk,66,1,Enterprise contact reviewed upcoming annual contract renewal terms and license tiers. Agent forwarded formal quote sheet.
2026-08-21 04:10:00,CM-21233-C,AGENT_CHRIS,Enterprise_Escalations,387,91,23.4,24,Subscription_Renewal,85,97,No Risk,91,0,Inquiry on multi-seat volume discount tiers for next fiscal renewal period. Agent summarized discount matrix.
2026-08-21 04:10:24,CM-13653-B,AGENT_PAT,Tech_Support_APAC,294,59,19.9,26,General_Product_Query,52,94,No Risk,68,1,General inquiry on API rate limits and webhook notification configurations. Agent referenced technical developer documentation.
2026-08-21 04:22:50,CM-96364-A,AGENT_ALEX,Customer_Care_Global,143,29,20.6,45,Order_Tracking,47,92,No Risk,75,1,Inquiry regarding shipment customs delay. Agent contacted logistics partner and provided updated tracking manifest.
2026-08-21 04:22:59,CM-14782-A,AGENT_MORGAN,Billing_Support_US,217,42,19.5,34,General_Product_Query,86,96,No Risk,65,1,General inquiry on API rate limits and webhook notification configurations. Agent referenced technical developer documentation.
2026-08-21 04:29:24,CM-16440-C,AGENT_PAT,Billing_Support_US,372,37,9.9,21,Account_Access,61,96,No Risk,98,1,Customer requested administrative permission transfer for organization portal. Agent processed identity verification protocol successfully.
2026-08-21 04:35:05,CM-44243-B,AGENT_AVERY,Customer_Care_Global,189,29,15.3,18,Account_Access,51,95,No Risk,91,1,Caller needed email address change on primary customer account. Two-step verification completed and credentials refreshed.
2026-08-21 04:39:49,CM-25543-A,AGENT_CHRIS,Tech_Support_APAC,260,21,8.0,31,General_Product_Query,35,98,No Risk,77,1,Prospective customer requested feature comparison between Standard and Enterprise analytics tiers.
2026-08-21 04:40:25,CM-93066-C,AGENT_JORDAN,Billing_Support_US,303,54,17.9,12,Account_Access,13,93,No Risk,88,1,Customer requested administrative permission transfer for organization portal. Agent processed identity verification protocol successfully.
2026-08-21 04:43:48,CM-19814-C,AGENT_AVERY,Customer_Care_Global,218,40,18.5,44,Order_Tracking,35,98,No Risk,91,1,Customer confirmed receipt of initial shipment and verified serial numbers against enterprise invoice order.
2026-08-21 04:47:15,CM-45626-C,AGENT_CASEY,Customer_Care_Global,245,11,4.4,16,Subscription_Renewal,82,100,No Risk,98,1,Enterprise contact reviewed upcoming annual contract renewal terms and license tiers. Agent forwarded formal quote sheet.
2026-08-21 04:54:05,CM-21484-A,AGENT_JORDAN,Tech_Support_APAC,398,90,22.6,41,General_Product_Query,23,93,No Risk,71,1,Prospective customer requested feature comparison between Standard and Enterprise analytics tiers.
2026-08-21 04:54:13,CM-37235-C,AGENT_MORGAN,Customer_Care_Global,350,25,7.1,45,Billing_Inquiry,32,95,No Risk,95,1,Caller requested invoice copy and updated credit card details on enterprise billing profile. Verified billing contacts and confirmed change.
2026-08-21 05:15:14,CM-62907-A,AGENT_SAM,Billing_Support_US,122,21,17.2,13,Billing_Inquiry,44,91,No Risk,71,1,Caller requested invoice copy and updated credit card details on enterprise billing profile. Verified billing contacts and confirmed change.
2026-08-21 05:30:10,CM-43540-C,AGENT_MORGAN,Billing_Support_US,268,25,9.3,16,Order_Tracking,16,96,No Risk,88,0,Customer confirmed receipt of initial shipment and verified serial numbers against enterprise invoice order.
2026-08-21 05:37:43,CM-32114-A,AGENT_CHRIS,Tech_Support_US,375,30,8.0,17,Order_Tracking,61,100,No Risk,82,1,Customer confirmed receipt of initial shipment and verified serial numbers against enterprise invoice order.
2026-08-21 05:48:02,CM-10963-C,AGENT_CHRIS,Enterprise_Escalations,261,42,16.2,16,General_Product_Query,48,94,No Risk,85,1,General inquiry on API rate limits and webhook notification configurations. Agent referenced technical developer documentation.
2026-08-21 05:50:02,CM-23526-B,AGENT_CHRIS,Customer_Care_Global,204,24,11.7,19,Account_Access,27,100,No Risk,93,1,Customer requested administrative permission transfer for organization portal. Agent processed identity verification protocol successfully.
2026-08-21 05:56:26,CM-56357-C,AGENT_PAT,Enterprise_Escalations,331,74,22.5,20,Account_Access,40,91,Medium Risk,66,1,User locked out after multi-factor authentication reset. Agent verified security answers and issued one-time password bypass token.
2026-08-21 05:59:38,CM-38369-B,AGENT_TAYLOR,Customer_Care_Global,261,16,6.0,34,General_Product_Query,76,97,No Risk,95,1,Caller asked regarding desktop client system requirements and supported browser versions. Agent shared knowledge base link.
2026-08-21 06:11:39,CM-86271-C,AGENT_CHRIS,Tech_Support_US,365,40,11.0,21,Billing_Inquiry,53,93,No Risk,76,1,Customer queried line-item surcharge on recent monthly statement. Agent reviewed billing schedule and credited processing variance.
2026-08-21 06:15:54,CM-99849-B,AGENT_CHRIS,Tech_Support_US,231,21,9.0,11,Order_Tracking,14,100,No Risk,72,1,Customer confirmed receipt of initial shipment and verified serial numbers against enterprise invoice order.
2026-08-21 06:30:12,CM-19725-B,AGENT_TAYLOR,Billing_Support_US,367,68,18.6,15,Account_Access,80,98,No Risk,66,0,Customer requested administrative permission transfer for organization portal. Agent processed identity verification protocol successfully.
2026-08-21 06:43:12,CM-67002-C,AGENT_ALEX,Tech_Support_US,183,40,22.1,24,Order_Tracking,45,95,No Risk,73,1,Customer confirmed receipt of initial shipment and verified serial numbers against enterprise invoice order.
2026-08-21 06:52:41,CM-18769-B,AGENT_RILEY,Enterprise_Escalations,126,9,6.8,41,Order_Tracking,76,95,No Risk,84,1,Customer confirmed receipt of initial shipment and verified serial numbers against enterprise invoice order.
2026-08-21 07:10:35,CM-82512-A,AGENT_SAM,Customer_Care_Global,378,31,8.2,23,General_Product_Query,53,100,No Risk,96,0,General inquiry on API rate limits and webhook notification configurations. Agent referenced technical developer documentation.
2026-08-21 07:23:26,CM-15929-A,AGENT_CHRIS,Billing_Support_US,213,35,16.6,28,Subscription_Renewal,65,94,No Risk,97,1,Enterprise contact reviewed upcoming annual contract renewal terms and license tiers. Agent forwarded formal quote sheet.
2026-08-21 07:32:22,CM-28582-B,AGENT_RILEY,Enterprise_Escalations,371,83,22.3,10,Account_Access,19,95,No Risk,76,1,User locked out after multi-factor authentication reset. Agent verified security answers and issued one-time password bypass token.
2026-08-21 08:15:55,CM-11803-B,AGENT_JORDAN,Customer_Care_Global,330,43,12.9,17,Account_Access,28,97,No Risk,89,1,Caller needed email address change on primary customer account. Two-step verification completed and credentials refreshed.
2026-08-21 08:22:36,CM-89168-B,AGENT_TAYLOR,Tech_Support_US,328,60,18.4,10,Subscription_Renewal,18,100,No Risk,98,1,Customer confirmed continuation of annual maintenance agreement and updated purchase order authorization number.
2026-08-21 08:25:39,CM-13278-C,AGENT_SAM,Tech_Support_US,135,9,6.8,44,Account_Access,23,95,No Risk,70,1,User locked out after multi-factor authentication reset. Agent verified security answers and issued one-time password bypass token.
2026-08-21 08:37:46,CM-29392-B,AGENT_TAYLOR,Tech_Support_US,187,43,23.0,28,General_Product_Query,12,95,No Risk,95,1,General inquiry on API rate limits and webhook notification configurations. Agent referenced technical developer documentation.
2026-08-21 08:43:45,CM-47653-B,AGENT_RILEY,Customer_Care_Global,178,31,17.2,21,Account_Access,24,95,No Risk,87,1,Caller needed email address change on primary customer account. Two-step verification completed and credentials refreshed.
2026-08-21 09:02:52,CM-70482-A,AGENT_TAYLOR,Billing_Support_US,244,35,14.2,36,Order_Tracking,44,95,No Risk,94,0,Customer confirmed receipt of initial shipment and verified serial numbers against enterprise invoice order.
2026-08-21 09:17:59,CM-46487-B,AGENT_ALEX,Enterprise_Escalations,314,72,23.0,23,Account_Access,28,96,No Risk,68,1,Customer requested administrative permission transfer for organization portal. Agent processed identity verification protocol successfully.
2026-08-21 09:21:36,CM-31465-B,AGENT_JORDAN,Enterprise_Escalations,158,36,22.6,34,Billing_Inquiry,83,96,No Risk,80,1,Customer queried line-item surcharge on recent monthly statement. Agent reviewed billing schedule and credited processing variance.
2026-08-21 09:24:13,CM-27888-B,AGENT_RILEY,Billing_Support_US,361,19,5.4,25,Subscription_Renewal,80,96,No Risk,82,1,Enterprise contact reviewed upcoming annual contract renewal terms and license tiers. Agent forwarded formal quote sheet.
2026-08-21 09:24:40,CM-18800-A,AGENT_TAYLOR,Enterprise_Escalations,378,54,14.4,23,Billing_Inquiry,41,94,No Risk,93,1,Caller requested invoice copy and updated credit card details on enterprise billing profile. Verified billing contacts and confirmed change.
2026-08-21 09:34:38,CM-30830-B,AGENT_JORDAN,Tech_Support_US,411,43,10.5,35,General_Product_Query,42,99,No Risk,81,1,Caller asked regarding desktop client system requirements and supported browser versions. Agent shared knowledge base link.
2026-08-21 09:35:50,CM-26617-A,AGENT_MORGAN,Enterprise_Escalations,238,36,15.2,18,Billing_Inquiry,60,99,No Risk,73,1,Customer queried line-item surcharge on recent monthly statement. Agent reviewed billing schedule and credited processing variance.
2026-08-21 09:37:03,CM-41594-B,AGENT_PAT,Customer_Care_Global,237,26,11.0,14,Billing_Inquiry,74,96,No Risk,93,1,Caller requested invoice copy and updated credit card details on enterprise billing profile. Verified billing contacts and confirmed change.
2026-08-21 09:41:49,CM-48138-A,AGENT_JORDAN,Tech_Support_APAC,280,53,18.8,17,Order_Tracking,34,98,No Risk,89,1,Customer confirmed receipt of initial shipment and verified serial numbers against enterprise invoice order.
2026-08-21 09:45:31,CM-22451-A,AGENT_ALEX,Tech_Support_US,295,31,10.6,27,Account_Access,66,96,No Risk,76,1,User locked out after multi-factor authentication reset. Agent verified security answers and issued one-time password bypass token.
2026-08-21 09:48:48,CM-23308-A,AGENT_TAYLOR,Tech_Support_US,130,20,15.3,41,General_Product_Query,66,96,No Risk,98,1,Prospective customer requested feature comparison between Standard and Enterprise analytics tiers.
2026-08-21 10:14:55,CM-67079-B,AGENT_SAM,Enterprise_Escalations,224,37,16.3,20,Order_Tracking,57,97,No Risk,88,1,Customer confirmed receipt of initial shipment and verified serial numbers against enterprise invoice order.
2026-08-21 10:17:16,CM-29356-A,AGENT_RILEY,Tech_Support_US,366,68,18.5,31,Account_Access,46,93,No Risk,92,1,Customer requested administrative permission transfer for organization portal. Agent processed identity verification protocol successfully.
2026-08-21 10:17:33,CM-47054-A,AGENT_JORDAN,Billing_Support_US,329,53,16.2,43,Account_Access,43,88,Medium Risk,83,1,User locked out after multi-factor authentication reset. Agent verified security answers and issued one-time password bypass token.
2026-08-21 10:19:02,CM-46609-C,AGENT_CASEY,Customer_Care_Global,401,96,23.9,26,Order_Tracking,33,92,No Risk,94,0,Customer confirmed receipt of initial shipment and verified serial numbers against enterprise invoice order.
2026-08-21 10:20:02,CM-36760-B,AGENT_SAM,Billing_Support_US,137,24,17.8,40,Account_Access,30,98,No Risk,76,1,Caller needed email address change on primary customer account. Two-step verification completed and credentials refreshed.
2026-08-21 10:23:14,CM-36920-B,AGENT_TAYLOR,Customer_Care_Global,190,36,19.2,16,Subscription_Renewal,73,94,No Risk,72,1,Enterprise contact reviewed upcoming annual contract renewal terms and license tiers. Agent forwarded formal quote sheet.
2026-08-21 10:26:07,CM-71000-B,AGENT_TAYLOR,Billing_Support_US,308,69,22.5,17,General_Product_Query,49,98,No Risk,79,0,Caller asked regarding desktop client system requirements and supported browser versions. Agent shared knowledge base link.
2026-08-21 10:36:22,CM-26864-A,AGENT_PAT,Customer_Care_Global,376,57,15.2,19,Order_Tracking,56,91,No Risk,67,1,Customer inquired regarding expedited courier delivery status for hardware order. Agent tracked consignment and confirmed arrival ETA.
2026-08-21 10:39:35,CM-69450-B,AGENT_ALEX,Billing_Support_US,127,11,8.7,43,Subscription_Renewal,61,97,No Risk,88,1,Enterprise contact reviewed upcoming annual contract renewal terms and license tiers. Agent forwarded formal quote sheet.
2026-08-21 10:42:01,CM-60283-B,AGENT_CHRIS,Billing_Support_US,275,36,13.2,21,Subscription_Renewal,14,96,No Risk,75,0,Customer confirmed continuation of annual maintenance agreement and updated purchase order authorization number.
2026-08-21 10:56:06,CM-68249-B,AGENT_RILEY,Customer_Care_Global,233,50,21.3,17,Billing_Inquiry,45,87,Medium Risk,69,1,Caller requested invoice copy and updated credit card details on enterprise billing profile. Verified billing contacts and confirmed change.
2026-08-21 10:56:52,CM-11013-B,AGENT_PAT,Tech_Support_US,301,35,11.6,42,Account_Access,39,99,No Risk,69,1,Customer requested administrative permission transfer for organization portal. Agent processed identity verification protocol successfully.
2026-08-21 11:20:57,CM-36342-A,AGENT_MORGAN,Billing_Support_US,186,21,11.2,33,Billing_Inquiry,83,95,No Risk,70,0,Customer queried line-item surcharge on recent monthly statement. Agent reviewed billing schedule and credited processing variance.
2026-08-21 11:22:58,CM-31783-A,AGENT_RILEY,Tech_Support_APAC,191,41,21.7,20,Billing_Inquiry,73,92,No Risk,91,1,Caller requested invoice copy and updated credit card details on enterprise billing profile. Verified billing contacts and confirmed change.
2026-08-21 11:28:48,CM-49311-B,AGENT_RILEY,Tech_Support_US,183,38,20.8,26,Account_Access,79,97,No Risk,92,1,User locked out after multi-factor authentication reset. Agent verified security answers and issued one-time password bypass token.
2026-08-21 11:31:56,CM-61664-B,AGENT_AVERY,Tech_Support_APAC,352,25,7.1,39,Order_Tracking,20,99,No Risk,82,1,Customer confirmed receipt of initial shipment and verified serial numbers against enterprise invoice order.
2026-08-21 11:58:12,CM-22711-B,AGENT_MORGAN,Tech_Support_US,325,50,15.4,20,Billing_Inquiry,32,99,No Risk,91,0,Caller requested invoice copy and updated credit card details on enterprise billing profile. Verified billing contacts and confirmed change.
2026-08-21 12:07:14,CM-19932-A,AGENT_TAYLOR,Customer_Care_Global,266,19,7.2,28,Account_Access,91,96,No Risk,78,1,Customer requested administrative permission transfer for organization portal. Agent processed identity verification protocol successfully.
2026-08-21 12:09:27,CM-16999-A,AGENT_CHRIS,Billing_Support_US,153,25,16.1,42,Billing_Inquiry,16,97,No Risk,83,1,Caller requested invoice copy and updated credit card details on enterprise billing profile. Verified billing contacts and confirmed change.
2026-08-21 12:18:23,CM-65079-B,AGENT_AVERY,Billing_Support_US,415,98,23.6,22,Billing_Inquiry,61,95,No Risk,76,1,Discussion regarding prorated subscription charges following plan upgrade. Agent explained billing cycle cutoff dates clearly.
2026-08-21 12:18:24,CM-22170-A,AGENT_CASEY,Enterprise_Escalations,303,19,6.4,17,General_Product_Query,36,96,No Risk,85,1,General inquiry on API rate limits and webhook notification configurations. Agent referenced technical developer documentation.
2026-08-21 12:18:54,CM-47363-A,AGENT_TAYLOR,Customer_Care_Global,350,77,22.1,37,Subscription_Renewal,28,94,No Risk,87,0,Enterprise contact reviewed upcoming annual contract renewal terms and license tiers. Agent forwarded formal quote sheet.
2026-08-21 12:26:51,CM-37769-B,AGENT_AVERY,Tech_Support_APAC,280,33,11.8,14,Account_Access,81,95,No Risk,90,1,Customer requested administrative permission transfer for organization portal. Agent processed identity verification protocol successfully.
2026-08-21 12:29:26,CM-80466-A,AGENT_PAT,Enterprise_Escalations,335,54,16.1,31,Account_Access,46,98,No Risk,97,1,User locked out after multi-factor authentication reset. Agent verified security answers and issued one-time password bypass token.
2026-08-21 12:34:07,CM-27600-A,AGENT_JORDAN,Tech_Support_APAC,190,35,18.4,37,Account_Access,72,95,Medium Risk,91,1,Customer requested administrative permission transfer for organization portal. Agent processed identity verification protocol successfully.
2026-08-21 12:34:31,CM-49926-C,AGENT_PAT,Billing_Support_US,396,83,20.9,23,Billing_Inquiry,74,95,No Risk,75,1,Customer queried line-item surcharge on recent monthly statement. Agent reviewed billing schedule and credited processing variance.
2026-08-21 12:40:40,CM-84000-A,AGENT_JORDAN,Enterprise_Escalations,121,19,15.7,31,Account_Access,39,100,No Risk,82,1,User locked out after multi-factor authentication reset. Agent verified security answers and issued one-time password bypass token.
2026-08-21 12:47:14,CM-55563-B,AGENT_RILEY,Billing_Support_US,381,90,23.7,42,General_Product_Query,20,97,No Risk,77,0,Caller asked regarding desktop client system requirements and supported browser versions. Agent shared knowledge base link.
2026-08-21 12:57:17,CM-14952-B,AGENT_ALEX,Enterprise_Escalations,248,43,17.2,37,Account_Access,79,94,Medium Risk,97,1,Customer requested administrative permission transfer for organization portal. Agent processed identity verification protocol successfully.
2026-08-21 13:13:17,CM-99694-B,AGENT_MORGAN,Enterprise_Escalations,175,17,9.9,45,Subscription_Renewal,16,98,No Risk,97,1,Customer confirmed continuation of annual maintenance agreement and updated purchase order authorization number.
2026-08-21 13:14:57,CM-85168-C,AGENT_TAYLOR,Tech_Support_US,212,10,4.8,19,General_Product_Query,83,100,No Risk,98,1,General inquiry on API rate limits and webhook notification configurations. Agent referenced technical developer documentation.
2026-08-21 13:17:58,CM-73404-B,AGENT_AVERY,Billing_Support_US,329,15,4.6,42,Account_Access,44,100,No Risk,68,0,Caller needed email address change on primary customer account. Two-step verification completed and credentials refreshed.
2026-08-21 13:34:09,CM-67780-B,AGENT_CASEY,Enterprise_Escalations,141,16,11.5,42,Order_Tracking,62,98,No Risk,68,0,Customer confirmed receipt of initial shipment and verified serial numbers against enterprise invoice order.
2026-08-21 13:36:50,CM-80313-B,AGENT_RILEY,Tech_Support_APAC,363,84,23.1,18,Subscription_Renewal,36,95,No Risk,75,1,Inquiry on multi-seat volume discount tiers for next fiscal renewal period. Agent summarized discount matrix.
2026-08-21 13:42:33,CM-45456-C,AGENT_ALEX,Tech_Support_APAC,236,33,13.9,32,Billing_Inquiry,38,91,No Risk,66,1,Customer queried line-item surcharge on recent monthly statement. Agent reviewed billing schedule and credited processing variance.
2026-08-21 14:38:30,CM-51182-B,AGENT_TAYLOR,Tech_Support_US,357,80,22.3,16,Order_Tracking,61,96,No Risk,65,0,Customer inquired regarding expedited courier delivery status for hardware order. Agent tracked consignment and confirmed arrival ETA.
2026-08-21 14:39:18,CM-56976-B,AGENT_MORGAN,Tech_Support_APAC,418,57,13.6,20,Billing_Inquiry,49,95,No Risk,66,0,Caller requested invoice copy and updated credit card details on enterprise billing profile. Verified billing contacts and confirmed change.
2026-08-21 14:43:19,CM-35492-B,AGENT_AVERY,Tech_Support_US,227,45,20.0,37,Subscription_Renewal,29,91,No Risk,65,1,Enterprise contact reviewed upcoming annual contract renewal terms and license tiers. Agent forwarded formal quote sheet.
2026-08-21 14:52:50,CM-12247-A,AGENT_RILEY,Billing_Support_US,257,61,23.7,42,Account_Access,80,93,No Risk,88,1,Caller needed email address change on primary customer account. Two-step verification completed and credentials refreshed.
2026-08-21 14:53:15,CM-44167-A,AGENT_AVERY,Customer_Care_Global,412,33,8.0,33,Order_Tracking,63,100,No Risk,79,0,Customer inquired regarding expedited courier delivery status for hardware order. Agent tracked consignment and confirmed arrival ETA.
2026-08-21 14:53:19,CM-93521-B,AGENT_JORDAN,Enterprise_Escalations,281,15,5.2,18,General_Product_Query,94,100,No Risk,90,1,Prospective customer requested feature comparison between Standard and Enterprise analytics tiers.
2026-08-21 14:53:32,CM-62413-B,AGENT_SAM,Billing_Support_US,420,50,11.9,32,General_Product_Query,19,99,No Risk,66,1,Caller asked regarding desktop client system requirements and supported browser versions. Agent shared knowledge base link.
2026-08-21 15:06:47,CM-19697-B,AGENT_PAT,Tech_Support_US,287,45,15.8,22,Account_Access,83,96,No Risk,81,1,Caller needed email address change on primary customer account. Two-step verification completed and credentials refreshed.
2026-08-21 15:27:59,CM-56843-A,AGENT_ALEX,Customer_Care_Global,159,20,12.4,13,Order_Tracking,55,100,No Risk,97,1,Customer inquired regarding expedited courier delivery status for hardware order. Agent tracked consignment and confirmed arrival ETA.
2026-08-21 15:42:01,CM-55073-B,AGENT_RILEY,Enterprise_Escalations,269,48,17.8,40,Billing_Inquiry,72,96,No Risk,79,1,Customer queried line-item surcharge on recent monthly statement. Agent reviewed billing schedule and credited processing variance.
2026-08-21 15:50:23,CM-92345-A,AGENT_ALEX,Customer_Care_Global,332,16,4.7,18,Subscription_Renewal,56,95,No Risk,76,1,Enterprise contact reviewed upcoming annual contract renewal terms and license tiers. Agent forwarded formal quote sheet.
2026-08-21 16:01:40,CM-78806-C,AGENT_AVERY,Tech_Support_APAC,415,26,6.3,31,Order_Tracking,43,100,No Risk,78,1,Customer confirmed receipt of initial shipment and verified serial numbers against enterprise invoice order.
2026-08-21 16:07:35,CM-86474-B,AGENT_JORDAN,Tech_Support_US,387,82,21.2,36,Order_Tracking,84,97,No Risk,98,1,Customer inquired regarding expedited courier delivery status for hardware order. Agent tracked consignment and confirmed arrival ETA.
2026-08-21 16:09:22,CM-81188-B,AGENT_ALEX,Customer_Care_Global,126,26,20.4,35,Order_Tracking,61,96,No Risk,95,1,Customer confirmed receipt of initial shipment and verified serial numbers against enterprise invoice order.
2026-08-21 16:17:31,CM-76784-B,AGENT_JORDAN,Tech_Support_APAC,359,25,7.1,37,Billing_Inquiry,30,100,No Risk,98,1,Caller requested invoice copy and updated credit card details on enterprise billing profile. Verified billing contacts and confirmed change.
2026-08-21 16:22:37,CM-63131-A,AGENT_CHRIS,Billing_Support_US,136,29,21.2,34,Billing_Inquiry,19,97,No Risk,83,1,Caller requested invoice copy and updated credit card details on enterprise billing profile. Verified billing contacts and confirmed change.
2026-08-21 16:34:03,CM-48668-A,AGENT_CHRIS,Enterprise_Escalations,269,28,10.4,43,General_Product_Query,69,98,No Risk,80,1,Caller asked regarding desktop client system requirements and supported browser versions. Agent shared knowledge base link.
2026-08-21 16:43:03,CM-25919-A,AGENT_ALEX,Tech_Support_US,163,13,8.0,33,Account_Access,61,94,No Risk,81,0,User locked out after multi-factor authentication reset. Agent verified security answers and issued one-time password bypass token.
2026-08-21 16:45:48,CM-20279-C,AGENT_CHRIS,Tech_Support_APAC,323,41,12.7,31,Billing_Inquiry,19,98,No Risk,85,1,Customer queried line-item surcharge on recent monthly statement. Agent reviewed billing schedule and credited processing variance.
2026-08-21 17:01:33,CM-61850-B,AGENT_CASEY,Tech_Support_APAC,248,31,12.6,13,Billing_Inquiry,46,96,No Risk,71,1,Caller requested invoice copy and updated credit card details on enterprise billing profile. Verified billing contacts and confirmed change.
2026-08-21 17:10:13,CM-97590-A,AGENT_PAT,Enterprise_Escalations,258,13,4.9,13,General_Product_Query,31,99,No Risk,68,1,General inquiry on API rate limits and webhook notification configurations. Agent referenced technical developer documentation.
2026-08-21 17:15:13,CM-56818-B,AGENT_ALEX,Tech_Support_US,313,59,18.8,33,General_Product_Query,65,98,No Risk,71,1,General inquiry on API rate limits and webhook notification configurations. Agent referenced technical developer documentation.
2026-08-21 17:15:51,CM-88479-A,AGENT_AVERY,Customer_Care_Global,259,46,17.6,29,Subscription_Renewal,90,92,No Risk,91,0,Inquiry on multi-seat volume discount tiers for next fiscal renewal period. Agent summarized discount matrix.
2026-08-21 17:17:18,CM-51322-C,AGENT_PAT,Enterprise_Escalations,137,23,16.6,30,Billing_Inquiry,92,97,No Risk,83,1,Caller requested invoice copy and updated credit card details on enterprise billing profile. Verified billing contacts and confirmed change.
2026-08-21 17:18:45,CM-47022-B,AGENT_TAYLOR,Tech_Support_APAC,131,18,13.9,23,Billing_Inquiry,56,97,No Risk,91,1,Customer queried line-item surcharge on recent monthly statement. Agent reviewed billing schedule and credited processing variance.
2026-08-21 17:32:53,CM-35785-B,AGENT_AVERY,Tech_Support_APAC,317,27,8.4,32,Order_Tracking,70,100,No Risk,92,1,Inquiry regarding shipment customs delay. Agent contacted logistics partner and provided updated tracking manifest.
2026-08-21 17:50:06,CM-21056-C,AGENT_TAYLOR,Tech_Support_US,307,51,16.6,20,Account_Access,51,95,No Risk,65,1,Customer requested administrative permission transfer for organization portal. Agent processed identity verification protocol successfully.
2026-08-21 18:16:43,CM-96013-C,AGENT_TAYLOR,Customer_Care_Global,135,20,15.1,21,Billing_Inquiry,25,100,No Risk,85,0,Caller requested invoice copy and updated credit card details on enterprise billing profile. Verified billing contacts and confirmed change.
2026-08-21 18:16:45,CM-95162-A,AGENT_PAT,Enterprise_Escalations,205,12,5.7,19,Account_Access,69,99,No Risk,74,1,Caller needed email address change on primary customer account. Two-step verification completed and credentials refreshed.
2026-08-21 18:17:55,CM-85938-C,AGENT_ALEX,Billing_Support_US,241,48,19.9,10,Billing_Inquiry,33,93,No Risk,75,1,Caller requested invoice copy and updated credit card details on enterprise billing profile. Verified billing contacts and confirmed change.
2026-08-21 18:20:46,CM-70036-B,AGENT_TAYLOR,Tech_Support_APAC,413,97,23.5,28,General_Product_Query,52,96,No Risk,74,1,Prospective customer requested feature comparison between Standard and Enterprise analytics tiers.
2026-08-21 18:30:28,CM-83608-B,AGENT_ALEX,Tech_Support_APAC,355,30,8.4,33,General_Product_Query,76,97,No Risk,87,1,Prospective customer requested feature comparison between Standard and Enterprise analytics tiers.
2026-08-21 18:41:49,CM-51976-A,AGENT_PAT,Billing_Support_US,166,34,20.3,37,Subscription_Renewal,24,89,Medium Risk,85,1,Enterprise contact reviewed upcoming annual contract renewal terms and license tiers. Agent forwarded formal quote sheet.
2026-08-21 18:46:35,CM-62944-B,AGENT_MORGAN,Enterprise_Escalations,327,65,19.8,38,General_Product_Query,93,91,No Risk,77,0,General inquiry on API rate limits and webhook notification configurations. Agent referenced technical developer documentation.
2026-08-21 18:51:59,CM-68974-C,AGENT_TAYLOR,Customer_Care_Global,324,29,8.9,24,Subscription_Renewal,12,98,No Risk,94,1,Inquiry on multi-seat volume discount tiers for next fiscal renewal period. Agent summarized discount matrix.
2026-08-21 18:55:25,CM-43330-A,AGENT_AVERY,Enterprise_Escalations,161,7,4.2,34,Account_Access,21,100,No Risk,98,1,User locked out after multi-factor authentication reset. Agent verified security answers and issued one-time password bypass token.
2026-08-21 18:56:09,CM-71541-B,AGENT_AVERY,Customer_Care_Global,149,17,11.4,43,Order_Tracking,11,99,No Risk,80,1,Customer confirmed receipt of initial shipment and verified serial numbers against enterprise invoice order.
2026-08-21 19:00:50,CM-47707-A,AGENT_CHRIS,Tech_Support_APAC,224,29,13.0,31,Order_Tracking,12,98,No Risk,98,1,Inquiry regarding shipment customs delay. Agent contacted logistics partner and provided updated tracking manifest.
2026-08-21 19:19:10,CM-40065-A,AGENT_TAYLOR,Billing_Support_US,166,16,9.5,19,Billing_Inquiry,34,96,No Risk,68,1,Caller requested invoice copy and updated credit card details on enterprise billing profile. Verified billing contacts and confirmed change.
2026-08-21 19:24:54,CM-81511-A,AGENT_CHRIS,Enterprise_Escalations,140,10,7.0,12,General_Product_Query,26,100,No Risk,87,0,Caller asked regarding desktop client system requirements and supported browser versions. Agent shared knowledge base link.
2026-08-21 19:27:45,CM-99816-B,AGENT_RILEY,Tech_Support_US,342,60,17.4,13,Account_Access,15,97,No Risk,81,1,Customer requested administrative permission transfer for organization portal. Agent processed identity verification protocol successfully.
2026-08-21 19:28:52,CM-62101-A,AGENT_MORGAN,Tech_Support_US,356,31,8.7,45,Subscription_Renewal,85,96,No Risk,86,1,Enterprise contact reviewed upcoming annual contract renewal terms and license tiers. Agent forwarded formal quote sheet.
2026-08-21 19:42:55,CM-33456-A,AGENT_CASEY,Billing_Support_US,310,32,10.4,30,Account_Access,63,98,No Risk,72,1,Caller needed email address change on primary customer account. Two-step verification completed and credentials refreshed.
2026-08-21 19:52:08,CM-14785-B,AGENT_AVERY,Enterprise_Escalations,399,85,21.4,23,Subscription_Renewal,44,100,No Risk,96,1,Customer confirmed continuation of annual maintenance agreement and updated purchase order authorization number.
2026-08-21 19:53:23,CM-11930-B,AGENT_MORGAN,Customer_Care_Global,289,29,10.2,33,Subscription_Renewal,73,93,No Risk,70,1,Enterprise contact reviewed upcoming annual contract renewal terms and license tiers. Agent forwarded formal quote sheet.
2026-08-21 20:05:27,CM-63963-C,AGENT_RILEY,Tech_Support_US,339,74,21.9,17,Billing_Inquiry,27,93,No Risk,85,1,Customer queried line-item surcharge on recent monthly statement. Agent reviewed billing schedule and credited processing variance.
2026-08-21 20:37:13,CM-33187-A,AGENT_JORDAN,Billing_Support_US,262,13,5.1,13,Billing_Inquiry,91,99,No Risk,77,0,Discussion regarding prorated subscription charges following plan upgrade. Agent explained billing cycle cutoff dates clearly.
2026-08-21 20:39:01,CM-38242-A,AGENT_PAT,Billing_Support_US,415,20,4.7,39,Billing_Inquiry,65,94,No Risk,67,0,Discussion regarding prorated subscription charges following plan upgrade. Agent explained billing cycle cutoff dates clearly.
2026-08-21 20:39:38,CM-59535-B,AGENT_RILEY,Customer_Care_Global,232,16,6.8,15,Account_Access,35,95,No Risk,67,1,User locked out after multi-factor authentication reset. Agent verified security answers and issued one-time password bypass token.
2026-08-21 20:40:25,CM-59074-C,AGENT_AVERY,Customer_Care_Global,218,16,7.4,37,Order_Tracking,83,100,No Risk,90,0,Customer inquired regarding expedited courier delivery status for hardware order. Agent tracked consignment and confirmed arrival ETA.
2026-08-21 20:53:41,CM-25807-B,AGENT_RILEY,Billing_Support_US,308,68,22.1,18,Order_Tracking,87,96,No Risk,97,1,Customer inquired regarding expedited courier delivery status for hardware order. Agent tracked consignment and confirmed arrival ETA.
2026-08-21 21:01:47,CM-52436-A,AGENT_MORGAN,Billing_Support_US,362,76,21.0,20,Account_Access,88,94,No Risk,91,1,Caller needed email address change on primary customer account. Two-step verification completed and credentials refreshed.
2026-08-21 21:49:11,CM-43438-A,AGENT_AVERY,Tech_Support_APAC,143,27,18.8,12,Account_Access,10,96,No Risk,95,1,Customer requested administrative permission transfer for organization portal. Agent processed identity verification protocol successfully.
2026-08-21 21:52:12,CM-64950-A,AGENT_TAYLOR,Enterprise_Escalations,203,38,18.8,21,Account_Access,95,92,No Risk,66,0,Customer requested administrative permission transfer for organization portal. Agent processed identity verification protocol successfully.
2026-08-21 22:00:13,CM-63334-C,AGENT_RILEY,Billing_Support_US,165,32,19.1,30,Account_Access,46,97,No Risk,79,1,Caller needed email address change on primary customer account. Two-step verification completed and credentials refreshed.
2026-08-21 22:00:57,CM-67840-B,AGENT_ALEX,Billing_Support_US,260,62,23.9,29,Account_Access,26,92,No Risk,70,0,Caller needed email address change on primary customer account. Two-step verification completed and credentials refreshed.
2026-08-21 22:04:16,CM-13956-A,AGENT_CHRIS,Tech_Support_US,191,17,8.9,36,Billing_Inquiry,11,100,No Risk,98,1,Discussion regarding prorated subscription charges following plan upgrade. Agent explained billing cycle cutoff dates clearly.
2026-08-21 22:21:29,CM-72216-B,AGENT_SAM,Tech_Support_US,159,31,19.3,41,Order_Tracking,76,94,No Risk,83,1,Customer inquired regarding expedited courier delivery status for hardware order. Agent tracked consignment and confirmed arrival ETA.
2026-08-21 22:41:40,CM-58274-A,AGENT_SAM,Tech_Support_US,380,17,4.5,23,General_Product_Query,87,98,No Risk,87,1,Caller asked regarding desktop client system requirements and supported browser versions. Agent shared knowledge base link.
2026-08-21 22:42:08,CM-78430-C,AGENT_CASEY,Tech_Support_US,341,81,23.8,32,Subscription_Renewal,90,96,No Risk,71,0,Inquiry on multi-seat volume discount tiers for next fiscal renewal period. Agent summarized discount matrix.
2026-08-21 22:48:14,CM-67250-B,AGENT_AVERY,Billing_Support_US,194,29,15.2,22,Billing_Inquiry,86,100,No Risk,85,1,Discussion regarding prorated subscription charges following plan upgrade. Agent explained billing cycle cutoff dates clearly.
2026-08-21 22:50:37,CM-53228-B,AGENT_RILEY,Customer_Care_Global,285,58,20.3,12,Subscription_Renewal,80,97,No Risk,72,1,Customer confirmed continuation of annual maintenance agreement and updated purchase order authorization number.
2026-08-21 22:52:32,CM-47567-C,AGENT_SAM,Tech_Support_US,351,62,17.8,23,Billing_Inquiry,47,98,No Risk,71,1,Discussion regarding prorated subscription charges following plan upgrade. Agent explained billing cycle cutoff dates clearly.
2026-08-21 22:53:11,CM-84110-C,AGENT_AVERY,Tech_Support_APAC,221,10,4.5,44,Order_Tracking,77,96,No Risk,77,0,Inquiry regarding shipment customs delay. Agent contacted logistics partner and provided updated tracking manifest.
2026-08-21 22:57:18,CM-35509-A,AGENT_AVERY,Tech_Support_US,326,15,4.6,17,Account_Access,73,98,No Risk,89,1,Customer requested administrative permission transfer for organization portal. Agent processed identity verification protocol successfully.
2026-08-21 23:27:12,CM-33295-B,AGENT_AVERY,Tech_Support_US,326,22,6.9,25,Billing_Inquiry,64,97,No Risk,71,1,Discussion regarding prorated subscription charges following plan upgrade. Agent explained billing cycle cutoff dates clearly.
2026-08-21 23:49:14,CM-62059-A,AGENT_TAYLOR,Enterprise_Escalations,318,71,22.3,28,Billing_Inquiry,89,96,No Risk,75,1,Customer queried line-item surcharge on recent monthly statement. Agent reviewed billing schedule and credited processing variance.
2026-08-21 23:50:52,CM-98871-A,AGENT_JORDAN,Enterprise_Escalations,382,15,4.0,24,Account_Access,24,99,No Risk,85,1,User locked out after multi-factor authentication reset. Agent verified security answers and issued one-time password bypass token.
2026-08-22 00:00:46,CM-43130-A,AGENT_CASEY,Tech_Support_APAC,219,10,4.5,39,Subscription_Renewal,91,95,No Risk,90,1,Enterprise contact reviewed upcoming annual contract renewal terms and license tiers. Agent forwarded formal quote sheet.
2026-08-22 00:03:32,CM-89602-B,AGENT_TAYLOR,Tech_Support_APAC,396,42,10.6,36,Billing_Inquiry,34,95,No Risk,81,1,Discussion regarding prorated subscription charges following plan upgrade. Agent explained billing cycle cutoff dates clearly.
2026-08-22 00:08:04,CM-74445-B,AGENT_CASEY,Enterprise_Escalations,120,24,19.9,25,Order_Tracking,95,90,No Risk,66,1,Customer confirmed receipt of initial shipment and verified serial numbers against enterprise invoice order.
2026-08-22 00:17:58,CM-65950-B,AGENT_SAM,Enterprise_Escalations,165,28,17.2,29,General_Product_Query,58,95,No Risk,71,1,Prospective customer requested feature comparison between Standard and Enterprise analytics tiers.
2026-08-22 00:19:42,CM-50319-C,AGENT_AVERY,Customer_Care_Global,372,24,6.5,35,Subscription_Renewal,48,100,No Risk,93,1,Enterprise contact reviewed upcoming annual contract renewal terms and license tiers. Agent forwarded formal quote sheet.
2026-08-22 00:33:53,CM-91823-B,AGENT_AVERY,Billing_Support_US,240,57,23.9,28,Subscription_Renewal,12,92,No Risk,89,1,Inquiry on multi-seat volume discount tiers for next fiscal renewal period. Agent summarized discount matrix.
2026-08-22 01:21:55,CM-98345-A,AGENT_CHRIS,Tech_Support_US,322,76,23.5,27,Billing_Inquiry,21,93,No Risk,90,1,Discussion regarding prorated subscription charges following plan upgrade. Agent explained billing cycle cutoff dates clearly.
2026-08-22 01:27:06,CM-12583-C,AGENT_CHRIS,Tech_Support_APAC,360,62,17.2,42,Subscription_Renewal,64,94,No Risk,66,1,Customer confirmed continuation of annual maintenance agreement and updated purchase order authorization number.
2026-08-22 01:29:50,CM-85775-C,AGENT_MORGAN,Tech_Support_APAC,262,55,21.1,23,Subscription_Renewal,72,93,No Risk,65,0,Inquiry on multi-seat volume discount tiers for next fiscal renewal period. Agent summarized discount matrix.
2026-08-22 01:30:43,CM-96194-C,AGENT_TAYLOR,Customer_Care_Global,291,39,13.4,45,Billing_Inquiry,43,94,No Risk,70,1,Customer queried line-item surcharge on recent monthly statement. Agent reviewed billing schedule and credited processing variance.
2026-08-22 01:33:06,CM-84349-A,AGENT_ALEX,Enterprise_Escalations,217,42,19.5,41,Subscription_Renewal,68,97,No Risk,82,1,Customer confirmed continuation of annual maintenance agreement and updated purchase order authorization number.
2026-08-22 01:38:07,CM-55116-C,AGENT_TAYLOR,Enterprise_Escalations,206,21,10.3,34,General_Product_Query,57,96,No Risk,98,1,General inquiry on API rate limits and webhook notification configurations. Agent referenced technical developer documentation.
2026-08-22 02:03:42,CM-91018-B,AGENT_CHRIS,Tech_Support_APAC,322,67,20.9,37,Subscription_Renewal,41,94,No Risk,84,1,Inquiry on multi-seat volume discount tiers for next fiscal renewal period. Agent summarized discount matrix.
2026-08-22 02:07:06,CM-30572-A,AGENT_ALEX,Tech_Support_US,350,72,20.5,18,Account_Access,35,92,No Risk,79,1,Caller needed email address change on primary customer account. Two-step verification completed and credentials refreshed.
2026-08-22 02:15:41,CM-15130-A,AGENT_RILEY,Billing_Support_US,329,48,14.5,33,General_Product_Query,30,97,No Risk,86,1,Prospective customer requested feature comparison between Standard and Enterprise analytics tiers.
2026-08-22 02:38:14,CM-59369-C,AGENT_PAT,Customer_Care_Global,234,40,17.1,43,General_Product_Query,19,96,No Risk,98,0,General inquiry on API rate limits and webhook notification configurations. Agent referenced technical developer documentation.
2026-08-22 02:40:50,CM-60342-B,AGENT_JORDAN,Tech_Support_APAC,135,12,9.0,14,General_Product_Query,14,94,No Risk,76,1,General inquiry on API rate limits and webhook notification configurations. Agent referenced technical developer documentation.
2026-08-22 02:47:02,CM-60915-B,AGENT_TAYLOR,Customer_Care_Global,397,50,12.6,19,Billing_Inquiry,48,94,No Risk,79,1,Caller requested invoice copy and updated credit card details on enterprise billing profile. Verified billing contacts and confirmed change.
2026-08-22 03:00:33,CM-64401-A,AGENT_TAYLOR,Enterprise_Escalations,142,19,13.2,21,Subscription_Renewal,94,95,No Risk,80,1,Enterprise contact reviewed upcoming annual contract renewal terms and license tiers. Agent forwarded formal quote sheet.
2026-08-22 03:01:40,CM-71669-C,AGENT_RILEY,Customer_Care_Global,329,79,23.9,41,Account_Access,65,92,Medium Risk,86,1,Customer requested administrative permission transfer for organization portal. Agent processed identity verification protocol successfully.
2026-08-22 03:09:38,CM-25655-A,AGENT_TAYLOR,Tech_Support_APAC,252,35,13.9,43,Account_Access,54,93,No Risk,75,0,Customer requested administrative permission transfer for organization portal. Agent processed identity verification protocol successfully.
2026-08-22 03:37:05,CM-81239-C,AGENT_CHRIS,Billing_Support_US,398,43,10.8,38,Billing_Inquiry,83,95,Medium Risk,92,1,Caller requested invoice copy and updated credit card details on enterprise billing profile. Verified billing contacts and confirmed change.
2026-08-22 03:39:33,CM-84000-A,AGENT_TAYLOR,Enterprise_Escalations,270,18,6.8,12,Account_Access,70,98,No Risk,88,1,Caller needed email address change on primary customer account. Two-step verification completed and credentials refreshed.
2026-08-22 03:53:34,CM-40822-B,AGENT_CHRIS,Customer_Care_Global,190,39,20.5,35,General_Product_Query,88,93,No Risk,96,1,Caller asked regarding desktop client system requirements and supported browser versions. Agent shared knowledge base link.
2026-08-22 04:06:55,CM-30017-C,AGENT_TAYLOR,Tech_Support_US,378,40,10.5,27,Billing_Inquiry,31,93,No Risk,68,1,Caller requested invoice copy and updated credit card details on enterprise billing profile. Verified billing contacts and confirmed change.
2026-08-22 04:08:13,CM-52182-C,AGENT_CHRIS,Enterprise_Escalations,418,76,18.3,40,Subscription_Renewal,73,92,No Risk,67,1,Enterprise contact reviewed upcoming annual contract renewal terms and license tiers. Agent forwarded formal quote sheet.
2026-08-22 04:10:47,CM-84233-C,AGENT_TAYLOR,Billing_Support_US,141,7,4.8,24,Order_Tracking,72,100,No Risk,78,1,Customer confirmed receipt of initial shipment and verified serial numbers against enterprise invoice order.
2026-08-22 04:31:57,CM-20592-B,AGENT_CHRIS,Tech_Support_US,206,34,16.7,38,Order_Tracking,10,98,No Risk,75,1,Inquiry regarding shipment customs delay. Agent contacted logistics partner and provided updated tracking manifest.
2026-08-22 04:37:20,CM-88525-C,AGENT_TAYLOR,Tech_Support_APAC,202,26,12.9,17,General_Product_Query,50,94,No Risk,70,1,Prospective customer requested feature comparison between Standard and Enterprise analytics tiers.
2026-08-22 04:58:39,CM-91685-C,AGENT_CASEY,Customer_Care_Global,313,58,18.5,39,Account_Access,53,93,No Risk,89,1,User locked out after multi-factor authentication reset. Agent verified security answers and issued one-time password bypass token.
2026-08-22 05:00:02,CM-26912-B,AGENT_CASEY,Tech_Support_APAC,235,34,14.4,20,Billing_Inquiry,48,100,No Risk,87,0,Discussion regarding prorated subscription charges following plan upgrade. Agent explained billing cycle cutoff dates clearly.
2026-08-22 05:03:49,CM-73908-A,AGENT_CHRIS,Enterprise_Escalations,168,23,13.9,14,Subscription_Renewal,32,98,No Risk,93,1,Customer confirmed continuation of annual maintenance agreement and updated purchase order authorization number.
2026-08-22 05:22:28,CM-22387-C,AGENT_TAYLOR,Enterprise_Escalations,169,36,21.4,27,Order_Tracking,48,91,No Risk,87,1,Customer inquired regarding expedited courier delivery status for hardware order. Agent tracked consignment and confirmed arrival ETA.
2026-08-22 05:33:31,CM-80507-B,AGENT_MORGAN,Tech_Support_US,333,71,21.2,39,Order_Tracking,28,95,No Risk,98,1,Customer inquired regarding expedited courier delivery status for hardware order. Agent tracked consignment and confirmed arrival ETA.
2026-08-22 05:44:18,CM-36890-C,AGENT_ALEX,Customer_Care_Global,182,13,7.0,44,Order_Tracking,67,96,Medium Risk,66,1,Inquiry regarding shipment customs delay. Agent contacted logistics partner and provided updated tracking manifest.
2026-08-22 05:49:45,CM-28571-C,AGENT_MORGAN,Tech_Support_US,171,32,18.8,22,General_Product_Query,79,98,No Risk,96,1,General inquiry on API rate limits and webhook notification configurations. Agent referenced technical developer documentation.
2026-08-22 05:51:02,CM-58630-B,AGENT_CHRIS,Tech_Support_US,408,20,4.9,39,Subscription_Renewal,66,99,No Risk,68,0,Enterprise contact reviewed upcoming annual contract renewal terms and license tiers. Agent forwarded formal quote sheet.
2026-08-22 06:02:01,CM-86299-B,AGENT_JORDAN,Enterprise_Escalations,125,11,8.6,29,Billing_Inquiry,28,98,No Risk,88,1,Customer queried line-item surcharge on recent monthly statement. Agent reviewed billing schedule and credited processing variance.
2026-08-22 06:11:25,CM-75410-C,AGENT_PAT,Enterprise_Escalations,371,34,9.2,38,Billing_Inquiry,43,94,No Risk,77,1,Customer queried line-item surcharge on recent monthly statement. Agent reviewed billing schedule and credited processing variance.
2026-08-22 06:42:51,CM-66202-C,AGENT_PAT,Tech_Support_US,185,24,13.0,11,Subscription_Renewal,81,93,No Risk,84,1,Inquiry on multi-seat volume discount tiers for next fiscal renewal period. Agent summarized discount matrix.
2026-08-22 06:49:37,CM-74517-C,AGENT_SAM,Tech_Support_US,364,17,4.8,24,Subscription_Renewal,17,100,No Risk,65,1,Customer confirmed continuation of annual maintenance agreement and updated purchase order authorization number.
2026-08-22 06:55:31,CM-63967-C,AGENT_PAT,Billing_Support_US,160,12,7.3,34,Account_Access,92,97,No Risk,92,1,Caller needed email address change on primary customer account. Two-step verification completed and credentials refreshed.
2026-08-22 07:23:42,CM-10955-C,AGENT_PAT,Enterprise_Escalations,349,31,8.9,43,Order_Tracking,94,100,No Risk,75,1,Customer confirmed receipt of initial shipment and verified serial numbers against enterprise invoice order.
2026-08-22 07:27:51,CM-73016-A,AGENT_RILEY,Enterprise_Escalations,280,14,5.1,11,Order_Tracking,90,96,No Risk,89,0,Customer confirmed receipt of initial shipment and verified serial numbers against enterprise invoice order.
2026-08-22 07:31:09,CM-88561-C,AGENT_TAYLOR,Tech_Support_APAC,121,24,19.5,31,Order_Tracking,63,94,No Risk,83,1,Customer confirmed receipt of initial shipment and verified serial numbers against enterprise invoice order.
2026-08-22 07:39:46,CM-47501-B,AGENT_ALEX,Customer_Care_Global,317,21,6.5,37,Order_Tracking,57,98,No Risk,86,1,Customer inquired regarding expedited courier delivery status for hardware order. Agent tracked consignment and confirmed arrival ETA.
2026-08-22 07:47:32,CM-46943-A,AGENT_CASEY,Tech_Support_APAC,345,78,22.5,40,Billing_Inquiry,74,96,No Risk,71,1,Customer queried line-item surcharge on recent monthly statement. Agent reviewed billing schedule and credited processing variance.
2026-08-22 07:53:25,CM-43993-B,AGENT_RILEY,Enterprise_Escalations,261,56,21.4,15,Billing_Inquiry,31,90,No Risk,69,1,Caller requested invoice copy and updated credit card details on enterprise billing profile. Verified billing contacts and confirmed change.
2026-08-22 07:53:58,CM-13631-A,AGENT_SAM,Billing_Support_US,201,31,15.2,37,Subscription_Renewal,65,92,No Risk,82,1,Enterprise contact reviewed upcoming annual contract renewal terms and license tiers. Agent forwarded formal quote sheet.
2026-08-22 07:59:46,CM-32273-B,AGENT_RILEY,Tech_Support_APAC,190,30,15.9,43,Order_Tracking,88,96,No Risk,69,1,Inquiry regarding shipment customs delay. Agent contacted logistics partner and provided updated tracking manifest.
2026-08-22 08:00:03,CM-42311-B,AGENT_CASEY,Customer_Care_Global,370,84,22.8,28,Account_Access,48,94,No Risk,85,1,Customer requested administrative permission transfer for organization portal. Agent processed identity verification protocol successfully.
2026-08-22 08:00:36,CM-21274-C,AGENT_ALEX,Tech_Support_APAC,399,19,4.7,10,Account_Access,27,95,No Risk,69,1,Customer requested administrative permission transfer for organization portal. Agent processed identity verification protocol successfully.
2026-08-22 08:04:23,CM-51984-C,AGENT_JORDAN,Tech_Support_APAC,229,54,23.4,44,Account_Access,78,93,No Risk,92,1,User locked out after multi-factor authentication reset. Agent verified security answers and issued one-time password bypass token.
2026-08-22 08:22:37,CM-10207-A,AGENT_ALEX,Billing_Support_US,406,76,18.7,36,Billing_Inquiry,36,96,No Risk,78,1,Customer queried line-item surcharge on recent monthly statement. Agent reviewed billing schedule and credited processing variance.
2026-08-22 08:36:19,CM-54025-C,AGENT_RILEY,Tech_Support_APAC,400,22,5.4,43,Subscription_Renewal,41,96,No Risk,85,1,Enterprise contact reviewed upcoming annual contract renewal terms and license tiers. Agent forwarded formal quote sheet.
2026-08-22 08:37:26,CM-92750-C,AGENT_CHRIS,Tech_Support_APAC,209,17,8.0,21,Billing_Inquiry,46,96,No Risk,86,1,Discussion regarding prorated subscription charges following plan upgrade. Agent explained billing cycle cutoff dates clearly.
2026-08-22 08:45:55,CM-10735-C,AGENT_SAM,Customer_Care_Global,137,30,22.2,42,Billing_Inquiry,42,95,No Risk,82,1,Discussion regarding prorated subscription charges following plan upgrade. Agent explained billing cycle cutoff dates clearly.
2026-08-22 08:50:11,CM-10873-B,AGENT_ALEX,Customer_Care_Global,352,34,9.6,37,Account_Access,83,99,No Risk,83,1,User locked out after multi-factor authentication reset. Agent verified security answers and issued one-time password bypass token.
2026-08-22 09:05:07,CM-12817-A,AGENT_SAM,Tech_Support_APAC,293,60,20.6,34,Billing_Inquiry,27,94,No Risk,78,0,Caller requested invoice copy and updated credit card details on enterprise billing profile. Verified billing contacts and confirmed change.
2026-08-22 09:08:23,CM-80016-C,AGENT_PAT,Tech_Support_APAC,338,46,13.6,34,General_Product_Query,59,95,No Risk,73,1,Caller asked regarding desktop client system requirements and supported browser versions. Agent shared knowledge base link.
2026-08-22 09:08:41,CM-53236-A,AGENT_PAT,Enterprise_Escalations,371,52,14.0,31,Account_Access,93,99,No Risk,94,0,User locked out after multi-factor authentication reset. Agent verified security answers and issued one-time password bypass token.
2026-08-22 09:27:34,CM-32740-C,AGENT_TAYLOR,Tech_Support_APAC,416,96,23.0,41,Account_Access,90,99,No Risk,93,1,Caller needed email address change on primary customer account. Two-step verification completed and credentials refreshed.
2026-08-22 09:28:29,CM-68926-C,AGENT_PAT,Billing_Support_US,152,28,18.1,27,Billing_Inquiry,36,92,No Risk,71,1,Discussion regarding prorated subscription charges following plan upgrade. Agent explained billing cycle cutoff dates clearly.
2026-08-22 09:36:58,CM-29750-B,AGENT_CHRIS,Billing_Support_US,391,84,21.4,41,Account_Access,26,90,No Risk,67,0,Caller needed email address change on primary customer account. Two-step verification completed and credentials refreshed.
2026-08-22 09:42:07,CM-33581-B,AGENT_ALEX,Tech_Support_US,137,17,12.4,40,Billing_Inquiry,80,99,No Risk,92,1,Customer queried line-item surcharge on recent monthly statement. Agent reviewed billing schedule and credited processing variance.
2026-08-22 09:48:25,CM-24505-A,AGENT_SAM,Tech_Support_APAC,365,43,11.9,12,Account_Access,52,96,No Risk,82,1,User locked out after multi-factor authentication reset. Agent verified security answers and issued one-time password bypass token.
2026-08-22 09:59:45,CM-15500-A,AGENT_RILEY,Tech_Support_US,123,19,15.4,33,Billing_Inquiry,12,93,No Risk,85,1,Caller requested invoice copy and updated credit card details on enterprise billing profile. Verified billing contacts and confirmed change.
2026-08-22 10:11:30,CM-52300-A,AGENT_SAM,Tech_Support_APAC,243,20,8.1,39,Billing_Inquiry,69,97,No Risk,76,1,Caller requested invoice copy and updated credit card details on enterprise billing profile. Verified billing contacts and confirmed change.
2026-08-22 10:22:21,CM-32553-B,AGENT_SAM,Tech_Support_APAC,404,35,8.7,37,Account_Access,36,98,No Risk,88,1,User locked out after multi-factor authentication reset. Agent verified security answers and issued one-time password bypass token.
2026-08-22 10:26:56,CM-89993-B,AGENT_TAYLOR,Billing_Support_US,346,24,6.9,23,Billing_Inquiry,65,94,No Risk,81,1,Customer queried line-item surcharge on recent monthly statement. Agent reviewed billing schedule and credited processing variance.
2026-08-22 10:31:32,CM-47035-B,AGENT_TAYLOR,Billing_Support_US,371,37,9.9,37,Account_Access,90,93,No Risk,66,1,Customer requested administrative permission transfer for organization portal. Agent processed identity verification protocol successfully.
2026-08-22 10:39:44,CM-45633-B,AGENT_JORDAN,Customer_Care_Global,341,40,11.6,38,Subscription_Renewal,70,93,No Risk,74,1,Customer confirmed continuation of annual maintenance agreement and updated purchase order authorization number.
2026-08-22 10:40:50,CM-27103-B,AGENT_TAYLOR,Customer_Care_Global,306,13,4.4,19,Billing_Inquiry,85,99,No Risk,69,0,Caller requested invoice copy and updated credit card details on enterprise billing profile. Verified billing contacts and confirmed change.
2026-08-22 10:49:01,CM-69596-A,AGENT_SAM,Customer_Care_Global,305,56,18.4,15,Account_Access,25,96,No Risk,70,1,Caller needed email address change on primary customer account. Two-step verification completed and credentials refreshed.
2026-08-22 10:56:17,CM-78512-C,AGENT_PAT,Tech_Support_US,180,11,5.9,12,General_Product_Query,70,99,No Risk,70,1,General inquiry on API rate limits and webhook notification configurations. Agent referenced technical developer documentation.
2026-08-22 11:03:36,CM-42728-C,AGENT_CHRIS,Tech_Support_US,397,25,6.4,41,Billing_Inquiry,20,96,No Risk,67,1,Caller requested invoice copy and updated credit card details on enterprise billing profile. Verified billing contacts and confirmed change.
2026-08-22 11:07:41,CM-69255-A,AGENT_PAT,Tech_Support_US,401,50,12.5,20,Order_Tracking,58,98,No Risk,70,1,Customer inquired regarding expedited courier delivery status for hardware order. Agent tracked consignment and confirmed arrival ETA.
2026-08-22 11:29:21,CM-28882-B,AGENT_ALEX,Tech_Support_APAC,200,11,5.6,19,Subscription_Renewal,69,96,No Risk,93,1,Customer confirmed continuation of annual maintenance agreement and updated purchase order authorization number.
2026-08-22 11:31:40,CM-40973-C,AGENT_JORDAN,Billing_Support_US,275,28,10.2,25,Subscription_Renewal,35,97,No Risk,83,1,Inquiry on multi-seat volume discount tiers for next fiscal renewal period. Agent summarized discount matrix.
2026-08-22 11:34:07,CM-61987-A,AGENT_CASEY,Customer_Care_Global,374,43,11.6,32,Order_Tracking,78,100,No Risk,94,1,Customer inquired regarding expedited courier delivery status for hardware order. Agent tracked consignment and confirmed arrival ETA.
2026-08-22 11:37:15,CM-70725-A,AGENT_PAT,Tech_Support_APAC,358,82,23.0,16,Account_Access,91,98,No Risk,89,1,Caller needed email address change on primary customer account. Two-step verification completed and credentials refreshed.
2026-08-22 11:41:55,CM-71221-B,AGENT_CASEY,Tech_Support_APAC,229,40,17.6,38,Billing_Inquiry,80,92,No Risk,78,1,Caller requested invoice copy and updated credit card details on enterprise billing profile. Verified billing contacts and confirmed change.
2026-08-22 11:43:45,CM-77667-A,AGENT_CASEY,Billing_Support_US,123,10,8.5,19,Account_Access,91,100,No Risk,96,1,Caller needed email address change on primary customer account. Two-step verification completed and credentials refreshed.
2026-08-22 11:44:53,CM-98252-B,AGENT_PAT,Enterprise_Escalations,225,23,10.4,42,Order_Tracking,73,99,No Risk,88,0,Customer inquired regarding expedited courier delivery status for hardware order. Agent tracked consignment and confirmed arrival ETA.
2026-08-22 12:10:56,CM-37124-A,AGENT_AVERY,Customer_Care_Global,268,26,9.6,20,General_Product_Query,78,100,No Risk,82,1,Prospective customer requested feature comparison between Standard and Enterprise analytics tiers.
2026-08-22 12:16:45,CM-32391-C,AGENT_SAM,Tech_Support_APAC,255,53,20.9,35,Subscription_Renewal,49,94,No Risk,70,0,Inquiry on multi-seat volume discount tiers for next fiscal renewal period. Agent summarized discount matrix.
2026-08-22 12:22:02,CM-68785-A,AGENT_JORDAN,Customer_Care_Global,235,21,8.8,45,Account_Access,92,95,No Risk,95,1,User locked out after multi-factor authentication reset. Agent verified security answers and issued one-time password bypass token.
2026-08-22 12:39:13,CM-87459-B,AGENT_PAT,Enterprise_Escalations,413,62,14.9,21,Order_Tracking,40,98,No Risk,96,1,Customer inquired regarding expedited courier delivery status for hardware order. Agent tracked consignment and confirmed arrival ETA.
2026-08-22 12:42:53,CM-49817-B,AGENT_AVERY,Enterprise_Escalations,375,63,16.7,12,Subscription_Renewal,85,92,No Risk,85,0,Customer confirmed continuation of annual maintenance agreement and updated purchase order authorization number.
2026-08-22 13:04:29,CM-42707-C,AGENT_JORDAN,Customer_Care_Global,205,40,19.7,13,Order_Tracking,10,99,No Risk,91,1,Inquiry regarding shipment customs delay. Agent contacted logistics partner and provided updated tracking manifest.
2026-08-22 13:07:18,CM-37400-C,AGENT_ALEX,Tech_Support_APAC,267,50,18.6,43,General_Product_Query,90,95,Medium Risk,92,1,Prospective customer requested feature comparison between Standard and Enterprise analytics tiers.
2026-08-22 13:21:54,CM-66431-C,AGENT_SAM,Enterprise_Escalations,369,38,10.3,28,General_Product_Query,54,100,No Risk,93,1,Caller asked regarding desktop client system requirements and supported browser versions. Agent shared knowledge base link.
2026-08-22 13:22:38,CM-43844-A,AGENT_RILEY,Customer_Care_Global,285,64,22.4,21,Billing_Inquiry,76,94,No Risk,88,1,Discussion regarding prorated subscription charges following plan upgrade. Agent explained billing cycle cutoff dates clearly.
2026-08-22 13:23:09,CM-59732-C,AGENT_JORDAN,Customer_Care_Global,361,59,16.3,21,Order_Tracking,43,94,No Risk,86,1,Inquiry regarding shipment customs delay. Agent contacted logistics partner and provided updated tracking manifest.
2026-08-22 13:51:53,CM-86486-A,AGENT_CASEY,Enterprise_Escalations,288,35,12.3,25,Account_Access,19,97,No Risk,66,1,Customer requested administrative permission transfer for organization portal. Agent processed identity verification protocol successfully.
2026-08-22 14:14:42,CM-61348-B,AGENT_AVERY,Customer_Care_Global,389,84,21.7,29,Account_Access,19,95,No Risk,83,1,User locked out after multi-factor authentication reset. Agent verified security answers and issued one-time password bypass token.
2026-08-22 14:16:04,CM-23878-B,AGENT_CHRIS,Tech_Support_US,153,18,12.0,10,Billing_Inquiry,50,98,No Risk,82,1,Discussion regarding prorated subscription charges following plan upgrade. Agent explained billing cycle cutoff dates clearly.
2026-08-22 14:18:09,CM-31773-C,AGENT_SAM,Tech_Support_US,342,52,15.2,26,Subscription_Renewal,72,93,No Risk,87,1,Enterprise contact reviewed upcoming annual contract renewal terms and license tiers. Agent forwarded formal quote sheet.
2026-08-22 14:25:29,CM-39012-C,AGENT_MORGAN,Tech_Support_US,124,21,17.0,11,Order_Tracking,75,98,No Risk,95,0,Customer inquired regarding expedited courier delivery status for hardware order. Agent tracked consignment and confirmed arrival ETA.
2026-08-22 14:57:12,CM-37385-B,AGENT_MORGAN,Enterprise_Escalations,172,27,15.7,35,Order_Tracking,25,97,No Risk,70,1,Customer inquired regarding expedited courier delivery status for hardware order. Agent tracked consignment and confirmed arrival ETA.
2026-08-22 15:00:13,CM-57826-A,AGENT_MORGAN,Tech_Support_APAC,167,11,6.8,18,Order_Tracking,20,99,No Risk,87,1,Customer confirmed receipt of initial shipment and verified serial numbers against enterprise invoice order.
2026-08-22 15:04:22,CM-13584-B,AGENT_AVERY,Billing_Support_US,267,53,19.7,16,Subscription_Renewal,17,97,No Risk,94,0,Customer confirmed continuation of annual maintenance agreement and updated purchase order authorization number.
2026-08-22 15:06:37,CM-14514-C,AGENT_CASEY,Tech_Support_US,172,31,17.9,43,Subscription_Renewal,91,95,No Risk,89,1,Inquiry on multi-seat volume discount tiers for next fiscal renewal period. Agent summarized discount matrix.
2026-08-22 16:10:39,CM-48844-C,AGENT_SAM,Enterprise_Escalations,195,14,7.4,44,Billing_Inquiry,15,96,No Risk,82,1,Customer queried line-item surcharge on recent monthly statement. Agent reviewed billing schedule and credited processing variance.
2026-08-22 16:24:50,CM-40704-B,AGENT_CHRIS,Tech_Support_APAC,322,45,13.9,23,Order_Tracking,87,96,No Risk,72,0,Inquiry regarding shipment customs delay. Agent contacted logistics partner and provided updated tracking manifest.
2026-08-22 16:27:40,CM-85039-A,AGENT_CASEY,Tech_Support_US,130,30,23.0,31,Billing_Inquiry,88,97,No Risk,89,1,Customer queried line-item surcharge on recent monthly statement. Agent reviewed billing schedule and credited processing variance.
2026-08-22 16:37:14,CM-12191-A,AGENT_CHRIS,Enterprise_Escalations,305,60,19.6,43,General_Product_Query,82,99,No Risk,79,1,Prospective customer requested feature comparison between Standard and Enterprise analytics tiers.
2026-08-22 16:39:45,CM-76935-C,AGENT_CASEY,Enterprise_Escalations,376,67,17.8,38,General_Product_Query,38,99,No Risk,74,1,General inquiry on API rate limits and webhook notification configurations. Agent referenced technical developer documentation.
2026-08-22 16:42:12,CM-23970-B,AGENT_ALEX,Enterprise_Escalations,265,27,10.3,24,Subscription_Renewal,47,98,No Risk,74,1,Inquiry on multi-seat volume discount tiers for next fiscal renewal period. Agent summarized discount matrix.
2026-08-22 16:55:27,CM-68886-B,AGENT_SAM,Tech_Support_APAC,237,41,17.4,26,Account_Access,84,98,No Risk,67,1,User locked out after multi-factor authentication reset. Agent verified security answers and issued one-time password bypass token.
2026-08-22 17:22:52,CM-38701-A,AGENT_MORGAN,Billing_Support_US,367,25,6.9,25,Account_Access,47,95,Medium Risk,93,0,Customer requested administrative permission transfer for organization portal. Agent processed identity verification protocol successfully.
2026-08-22 17:24:56,CM-17322-C,AGENT_TAYLOR,Tech_Support_APAC,417,48,11.5,37,Account_Access,13,99,No Risk,69,1,Customer requested administrative permission transfer for organization portal. Agent processed identity verification protocol successfully.
2026-08-22 17:42:20,CM-29884-B,AGENT_PAT,Tech_Support_US,338,63,18.6,24,Billing_Inquiry,76,94,No Risk,84,1,Discussion regarding prorated subscription charges following plan upgrade. Agent explained billing cycle cutoff dates clearly.
2026-08-22 17:42:54,CM-98647-C,AGENT_PAT,Enterprise_Escalations,308,18,5.8,10,Order_Tracking,60,97,No Risk,81,1,Customer confirmed receipt of initial shipment and verified serial numbers against enterprise invoice order.
2026-08-22 17:45:32,CM-45867-A,AGENT_JORDAN,Billing_Support_US,276,32,11.6,17,Account_Access,23,98,No Risk,96,1,User locked out after multi-factor authentication reset. Agent verified security answers and issued one-time password bypass token.
2026-08-22 17:46:54,CM-40323-B,AGENT_CASEY,Billing_Support_US,207,43,20.8,18,Order_Tracking,85,95,No Risk,75,1,Customer inquired regarding expedited courier delivery status for hardware order. Agent tracked consignment and confirmed arrival ETA.
2026-08-22 17:50:09,CM-55214-C,AGENT_ALEX,Tech_Support_US,250,24,9.7,29,Order_Tracking,64,98,No Risk,77,1,Customer inquired regarding expedited courier delivery status for hardware order. Agent tracked consignment and confirmed arrival ETA.
2026-08-22 17:52:58,CM-78084-C,AGENT_RILEY,Tech_Support_APAC,237,42,17.9,37,Billing_Inquiry,25,98,No Risk,89,1,Customer queried line-item surcharge on recent monthly statement. Agent reviewed billing schedule and credited processing variance.
2026-08-22 18:17:31,CM-39219-A,AGENT_MORGAN,Billing_Support_US,394,38,9.6,27,Order_Tracking,18,95,No Risk,86,1,Customer inquired regarding expedited courier delivery status for hardware order. Agent tracked consignment and confirmed arrival ETA.
2026-08-22 18:18:23,CM-43901-B,AGENT_PAT,Billing_Support_US,152,19,12.7,34,Subscription_Renewal,12,98,No Risk,67,1,Inquiry on multi-seat volume discount tiers for next fiscal renewal period. Agent summarized discount matrix.
2026-08-22 18:21:31,CM-55657-C,AGENT_CASEY,Tech_Support_US,343,32,9.4,39,Subscription_Renewal,16,93,No Risk,69,1,Enterprise contact reviewed upcoming annual contract renewal terms and license tiers. Agent forwarded formal quote sheet.
2026-08-22 18:33:12,CM-64239-B,AGENT_RILEY,Billing_Support_US,198,37,18.6,37,Subscription_Renewal,50,93,No Risk,95,1,Enterprise contact reviewed upcoming annual contract renewal terms and license tiers. Agent forwarded formal quote sheet.
2026-08-22 18:34:43,CM-21792-C,AGENT_TAYLOR,Tech_Support_APAC,351,63,17.9,26,General_Product_Query,16,92,No Risk,74,0,General inquiry on API rate limits and webhook notification configurations. Agent referenced technical developer documentation.
2026-08-22 18:37:56,CM-50001-C,AGENT_JORDAN,Customer_Care_Global,167,32,19.4,15,Subscription_Renewal,21,91,No Risk,75,1,Inquiry on multi-seat volume discount tiers for next fiscal renewal period. Agent summarized discount matrix.
2026-08-22 18:47:49,CM-85454-B,AGENT_ALEX,Billing_Support_US,169,38,22.7,45,Order_Tracking,67,91,No Risk,66,1,Customer confirmed receipt of initial shipment and verified serial numbers against enterprise invoice order.
2026-08-22 18:56:13,CM-84297-B,AGENT_MORGAN,Enterprise_Escalations,318,32,10.2,21,Billing_Inquiry,37,100,No Risk,85,1,Caller requested invoice copy and updated credit card details on enterprise billing profile. Verified billing contacts and confirmed change.
2026-08-22 19:13:54,CM-92361-A,AGENT_ALEX,Tech_Support_APAC,287,59,20.6,11,Billing_Inquiry,73,91,Medium Risk,74,1,Caller requested invoice copy and updated credit card details on enterprise billing profile. Verified billing contacts and confirmed change.
2026-08-22 19:24:35,CM-18908-C,AGENT_TAYLOR,Tech_Support_APAC,367,52,14.1,13,Account_Access,57,94,No Risk,96,1,User locked out after multi-factor authentication reset. Agent verified security answers and issued one-time password bypass token.
2026-08-22 19:26:05,CM-16432-B,AGENT_SAM,Enterprise_Escalations,399,89,22.3,45,General_Product_Query,20,96,No Risk,84,0,Prospective customer requested feature comparison between Standard and Enterprise analytics tiers.
2026-08-22 19:31:32,CM-38369-A,AGENT_AVERY,Tech_Support_US,190,14,7.3,30,Account_Access,10,99,No Risk,97,0,Customer requested administrative permission transfer for organization portal. Agent processed identity verification protocol successfully.
2026-08-22 19:41:55,CM-75984-C,AGENT_ALEX,Tech_Support_US,244,40,16.3,29,Billing_Inquiry,25,92,No Risk,70,1,Customer queried line-item surcharge on recent monthly statement. Agent reviewed billing schedule and credited processing variance.
2026-08-22 19:46:07,CM-30005-A,AGENT_CASEY,Customer_Care_Global,372,44,11.8,35,Order_Tracking,91,97,No Risk,66,1,Customer confirmed receipt of initial shipment and verified serial numbers against enterprise invoice order.
2026-08-22 19:52:39,CM-48155-C,AGENT_CASEY,Tech_Support_APAC,330,17,5.1,10,Subscription_Renewal,76,100,No Risk,90,0,Enterprise contact reviewed upcoming annual contract renewal terms and license tiers. Agent forwarded formal quote sheet.
2026-08-22 20:01:47,CM-63841-A,AGENT_CHRIS,Billing_Support_US,377,44,11.7,19,Subscription_Renewal,94,100,No Risk,86,1,Enterprise contact reviewed upcoming annual contract renewal terms and license tiers. Agent forwarded formal quote sheet.
2026-08-22 20:06:36,CM-55919-B,AGENT_SAM,Enterprise_Escalations,218,40,18.3,25,Account_Access,76,93,No Risk,88,1,Customer requested administrative permission transfer for organization portal. Agent processed identity verification protocol successfully.
2026-08-22 20:18:45,CM-23113-B,AGENT_AVERY,Tech_Support_APAC,419,44,10.4,31,Account_Access,67,97,No Risk,74,1,Caller needed email address change on primary customer account. Two-step verification completed and credentials refreshed.
2026-08-22 20:21:46,CM-51963-C,AGENT_CHRIS,Tech_Support_APAC,379,39,10.4,44,Account_Access,41,97,No Risk,95,1,Caller needed email address change on primary customer account. Two-step verification completed and credentials refreshed.
2026-08-22 20:23:04,CM-72638-B,AGENT_JORDAN,Tech_Support_APAC,123,11,9.3,12,Billing_Inquiry,10,98,No Risk,89,1,Discussion regarding prorated subscription charges following plan upgrade. Agent explained billing cycle cutoff dates clearly.
2026-08-22 20:35:24,CM-90960-B,AGENT_MORGAN,Customer_Care_Global,285,50,17.7,15,General_Product_Query,68,94,No Risk,90,1,Prospective customer requested feature comparison between Standard and Enterprise analytics tiers.
2026-08-22 20:39:50,CM-52183-B,AGENT_RILEY,Enterprise_Escalations,185,39,21.2,16,General_Product_Query,20,94,No Risk,65,1,Caller asked regarding desktop client system requirements and supported browser versions. Agent shared knowledge base link.
2026-08-22 20:40:56,CM-64129-A,AGENT_SAM,Enterprise_Escalations,415,99,23.8,13,Account_Access,57,91,No Risk,89,0,Caller needed email address change on primary customer account. Two-step verification completed and credentials refreshed.
2026-08-22 20:51:01,CM-31798-B,AGENT_RILEY,Billing_Support_US,255,54,21.3,20,Account_Access,17,95,No Risk,94,0,Customer requested administrative permission transfer for organization portal. Agent processed identity verification protocol successfully.
2026-08-22 20:57:23,CM-19556-C,AGENT_AVERY,Billing_Support_US,137,23,16.5,17,Billing_Inquiry,84,100,No Risk,89,1,Caller requested invoice copy and updated credit card details on enterprise billing profile. Verified billing contacts and confirmed change.
2026-08-22 20:57:30,CM-75762-B,AGENT_PAT,Enterprise_Escalations,366,41,11.3,40,General_Product_Query,14,98,No Risk,70,1,Caller asked regarding desktop client system requirements and supported browser versions. Agent shared knowledge base link.
2026-08-22 21:11:08,CM-68222-C,AGENT_SAM,Billing_Support_US,412,61,14.7,40,Account_Access,49,99,No Risk,93,1,Customer requested administrative permission transfer for organization portal. Agent processed identity verification protocol successfully.
2026-08-22 21:11:27,CM-22571-A,AGENT_PAT,Enterprise_Escalations,270,56,20.8,13,General_Product_Query,29,93,No Risk,95,1,Caller asked regarding desktop client system requirements and supported browser versions. Agent shared knowledge base link.
2026-08-22 21:20:41,CM-88619-A,AGENT_CHRIS,Customer_Care_Global,229,43,18.7,37,General_Product_Query,40,95,No Risk,82,1,General inquiry on API rate limits and webhook notification configurations. Agent referenced technical developer documentation.
2026-08-22 21:33:05,CM-52034-C,AGENT_JORDAN,Enterprise_Escalations,329,26,7.8,45,Subscription_Renewal,73,95,No Risk,85,1,Enterprise contact reviewed upcoming annual contract renewal terms and license tiers. Agent forwarded formal quote sheet.
2026-08-22 21:37:09,CM-73012-C,AGENT_CHRIS,Billing_Support_US,404,48,12.0,33,Account_Access,10,94,No Risk,72,1,User locked out after multi-factor authentication reset. Agent verified security answers and issued one-time password bypass token.
2026-08-22 21:41:45,CM-41779-A,AGENT_CASEY,Tech_Support_US,190,10,5.0,31,Account_Access,62,100,No Risk,65,1,Caller needed email address change on primary customer account. Two-step verification completed and credentials refreshed.
2026-08-22 21:42:47,CM-74865-B,AGENT_JORDAN,Tech_Support_US,304,51,16.8,43,Subscription_Renewal,19,95,No Risk,85,1,Enterprise contact reviewed upcoming annual contract renewal terms and license tiers. Agent forwarded formal quote sheet.
2026-08-22 22:11:14,CM-35156-C,AGENT_CASEY,Customer_Care_Global,409,38,9.3,15,Order_Tracking,60,95,No Risk,80,1,Customer confirmed receipt of initial shipment and verified serial numbers against enterprise invoice order.
2026-08-22 22:25:42,CM-98065-C,AGENT_MORGAN,Enterprise_Escalations,154,27,17.6,30,Order_Tracking,33,91,No Risk,65,1,Inquiry regarding shipment customs delay. Agent contacted logistics partner and provided updated tracking manifest.
2026-08-22 22:28:10,CM-28818-B,AGENT_PAT,Tech_Support_APAC,388,43,11.1,36,General_Product_Query,83,100,No Risk,88,1,Caller asked regarding desktop client system requirements and supported browser versions. Agent shared knowledge base link.
2026-08-22 23:07:48,CM-79054-B,AGENT_CHRIS,Enterprise_Escalations,263,16,6.1,36,General_Product_Query,54,100,No Risk,70,1,Caller asked regarding desktop client system requirements and supported browser versions. Agent shared knowledge base link.
2026-08-22 23:09:10,CM-58434-B,AGENT_TAYLOR,Billing_Support_US,273,49,18.1,43,General_Product_Query,88,93,No Risk,71,1,Caller asked regarding desktop client system requirements and supported browser versions. Agent shared knowledge base link.
2026-08-22 23:39:17,CM-38437-C,AGENT_MORGAN,Enterprise_Escalations,329,76,23.0,33,Account_Access,94,93,No Risk,88,1,Caller needed email address change on primary customer account. Two-step verification completed and credentials refreshed.
2026-08-22 23:50:35,CM-42483-B,AGENT_PAT,Enterprise_Escalations,333,73,21.8,19,Account_Access,85,97,No Risk,67,0,User locked out after multi-factor authentication reset. Agent verified security answers and issued one-time password bypass token.
2026-08-23 00:01:35,CM-36130-A,AGENT_AVERY,Tech_Support_US,251,16,6.5,17,Account_Access,95,99,No Risk,88,1,User locked out after multi-factor authentication reset. Agent verified security answers and issued one-time password bypass token.
2026-08-23 00:05:20,CM-20161-B,AGENT_JORDAN,Enterprise_Escalations,290,51,17.7,14,Billing_Inquiry,62,99,No Risk,82,1,Customer queried line-item surcharge on recent monthly statement. Agent reviewed billing schedule and credited processing variance.
2026-08-23 00:14:56,CM-10895-B,AGENT_PAT,Tech_Support_US,253,48,19.1,29,Subscription_Renewal,52,94,No Risk,88,1,Inquiry on multi-seat volume discount tiers for next fiscal renewal period. Agent summarized discount matrix.
2026-08-23 00:17:56,CM-56627-B,AGENT_CASEY,Tech_Support_APAC,404,37,9.2,11,Order_Tracking,32,93,Medium Risk,80,0,Customer inquired regarding expedited courier delivery status for hardware order. Agent tracked consignment and confirmed arrival ETA.
2026-08-23 00:26:44,CM-30669-B,AGENT_JORDAN,Enterprise_Escalations,394,89,22.6,13,Order_Tracking,90,94,No Risk,71,1,Customer inquired regarding expedited courier delivery status for hardware order. Agent tracked consignment and confirmed arrival ETA.
2026-08-23 00:27:00,CM-70862-A,AGENT_JORDAN,Enterprise_Escalations,244,28,11.3,36,General_Product_Query,61,96,No Risk,75,1,Prospective customer requested feature comparison between Standard and Enterprise analytics tiers.
2026-08-23 00:27:44,CM-27360-C,AGENT_ALEX,Tech_Support_US,177,33,18.9,35,Account_Access,19,92,No Risk,65,1,Caller needed email address change on primary customer account. Two-step verification completed and credentials refreshed.
2026-08-23 00:47:42,CM-17455-A,AGENT_ALEX,Tech_Support_US,245,19,7.6,30,Subscription_Renewal,15,99,No Risk,83,1,Enterprise contact reviewed upcoming annual contract renewal terms and license tiers. Agent forwarded formal quote sheet.
2026-08-23 00:50:46,CM-69878-B,AGENT_MORGAN,Billing_Support_US,271,17,6.1,32,Subscription_Renewal,58,96,No Risk,66,0,Inquiry on multi-seat volume discount tiers for next fiscal renewal period. Agent summarized discount matrix.
2026-08-23 01:00:47,CM-34199-C,AGENT_SAM,Customer_Care_Global,187,33,17.4,43,Subscription_Renewal,76,95,No Risk,85,0,Customer confirmed continuation of annual maintenance agreement and updated purchase order authorization number.
2026-08-23 01:13:12,CM-61173-C,AGENT_CHRIS,Tech_Support_APAC,376,88,23.4,44,Account_Access,19,96,No Risk,84,0,Customer requested administrative permission transfer for organization portal. Agent processed identity verification protocol successfully.
2026-08-23 01:41:42,CM-15672-A,AGENT_SAM,Tech_Support_APAC,299,59,19.6,23,Billing_Inquiry,87,91,No Risk,66,1,Customer queried line-item surcharge on recent monthly statement. Agent reviewed billing schedule and credited processing variance.
2026-08-23 01:58:34,CM-70236-B,AGENT_ALEX,Billing_Support_US,420,74,17.6,14,Order_Tracking,30,100,No Risk,84,1,Customer confirmed receipt of initial shipment and verified serial numbers against enterprise invoice order.
2026-08-23 02:16:22,CM-36651-B,AGENT_JORDAN,Billing_Support_US,140,8,5.8,13,Order_Tracking,34,100,No Risk,69,1,Customer inquired regarding expedited courier delivery status for hardware order. Agent tracked consignment and confirmed arrival ETA.
2026-08-23 02:16:43,CM-10739-B,AGENT_RILEY,Tech_Support_US,274,19,7.1,13,Billing_Inquiry,51,100,No Risk,96,1,Discussion regarding prorated subscription charges following plan upgrade. Agent explained billing cycle cutoff dates clearly.
2026-08-23 02:26:08,CM-21747-A,AGENT_SAM,Billing_Support_US,319,17,5.2,21,Account_Access,51,95,No Risk,71,1,Customer requested administrative permission transfer for organization portal. Agent processed identity verification protocol successfully.
2026-08-23 02:30:14,CM-80088-C,AGENT_ALEX,Enterprise_Escalations,347,60,17.2,11,Billing_Inquiry,93,97,No Risk,89,1,Customer queried line-item surcharge on recent monthly statement. Agent reviewed billing schedule and credited processing variance.
2026-08-23 02:32:51,CM-16433-B,AGENT_MORGAN,Enterprise_Escalations,359,15,4.3,41,Billing_Inquiry,36,98,No Risk,68,0,Caller requested invoice copy and updated credit card details on enterprise billing profile. Verified billing contacts and confirmed change.
2026-08-23 02:38:47,CM-53841-A,AGENT_CHRIS,Customer_Care_Global,382,24,6.4,38,Subscription_Renewal,46,96,No Risk,90,1,Enterprise contact reviewed upcoming annual contract renewal terms and license tiers. Agent forwarded formal quote sheet.
2026-08-23 02:41:54,CM-11533-C,AGENT_PAT,Tech_Support_APAC,180,30,16.9,23,Order_Tracking,67,97,No Risk,70,0,Inquiry regarding shipment customs delay. Agent contacted logistics partner and provided updated tracking manifest.
2026-08-23 02:53:01,CM-64470-A,AGENT_PAT,Tech_Support_US,155,17,11.2,29,Account_Access,46,95,Medium Risk,69,1,User locked out after multi-factor authentication reset. Agent verified security answers and issued one-time password bypass token.
2026-08-23 03:10:20,CM-85634-C,AGENT_CASEY,Customer_Care_Global,245,36,14.5,43,Order_Tracking,95,96,No Risk,79,1,Customer inquired regarding expedited courier delivery status for hardware order. Agent tracked consignment and confirmed arrival ETA.
2026-08-23 03:15:02,CM-54608-B,AGENT_AVERY,Customer_Care_Global,404,17,4.2,15,General_Product_Query,34,98,No Risk,80,1,Prospective customer requested feature comparison between Standard and Enterprise analytics tiers.
2026-08-23 03:26:48,CM-43470-C,AGENT_ALEX,Tech_Support_US,390,66,16.8,35,Billing_Inquiry,64,94,No Risk,68,1,Discussion regarding prorated subscription charges following plan upgrade. Agent explained billing cycle cutoff dates clearly.
2026-08-23 03:31:54,CM-98265-A,AGENT_PAT,Enterprise_Escalations,327,13,4.1,10,Billing_Inquiry,24,100,No Risk,96,1,Caller requested invoice copy and updated credit card details on enterprise billing profile. Verified billing contacts and confirmed change.
2026-08-23 03:37:53,CM-78864-C,AGENT_AVERY,Customer_Care_Global,212,35,16.3,43,Account_Access,73,94,No Risk,79,1,Caller needed email address change on primary customer account. Two-step verification completed and credentials refreshed.
2026-08-23 03:43:31,CM-30629-C,AGENT_CASEY,Tech_Support_APAC,203,33,16.1,12,Subscription_Renewal,46,96,No Risk,95,1,Customer confirmed continuation of annual maintenance agreement and updated purchase order authorization number.
2026-08-23 04:03:01,CM-78082-B,AGENT_TAYLOR,Enterprise_Escalations,238,26,10.8,38,General_Product_Query,72,100,No Risk,80,1,Caller asked regarding desktop client system requirements and supported browser versions. Agent shared knowledge base link.
2026-08-23 04:03:11,CM-32942-B,AGENT_CASEY,Tech_Support_APAC,251,14,5.4,31,General_Product_Query,47,98,No Risk,81,1,Prospective customer requested feature comparison between Standard and Enterprise analytics tiers.
2026-08-23 04:05:03,CM-33405-C,AGENT_SAM,Tech_Support_APAC,179,28,15.9,30,Billing_Inquiry,54,94,No Risk,89,0,Discussion regarding prorated subscription charges following plan upgrade. Agent explained billing cycle cutoff dates clearly.
2026-08-23 04:05:43,CM-40958-B,AGENT_TAYLOR,Enterprise_Escalations,373,41,10.9,19,Billing_Inquiry,20,96,No Risk,91,0,Caller requested invoice copy and updated credit card details on enterprise billing profile. Verified billing contacts and confirmed change.
2026-08-23 04:11:52,CM-98472-B,AGENT_PAT,Billing_Support_US,293,37,12.5,13,Subscription_Renewal,43,95,No Risk,67,1,Customer confirmed continuation of annual maintenance agreement and updated purchase order authorization number.
2026-08-23 04:12:00,CM-95848-B,AGENT_ALEX,Enterprise_Escalations,168,31,18.5,31,General_Product_Query,38,98,No Risk,92,1,Prospective customer requested feature comparison between Standard and Enterprise analytics tiers.
2026-08-23 04:33:43,CM-71863-B,AGENT_CHRIS,Tech_Support_US,321,34,10.7,30,Order_Tracking,55,100,No Risk,91,1,Customer inquired regarding expedited courier delivery status for hardware order. Agent tracked consignment and confirmed arrival ETA.
2026-08-23 05:20:28,CM-95929-C,AGENT_AVERY,Tech_Support_US,314,49,15.7,43,Billing_Inquiry,31,93,No Risk,74,1,Discussion regarding prorated subscription charges following plan upgrade. Agent explained billing cycle cutoff dates clearly.
2026-08-23 05:24:33,CM-82348-B,AGENT_JORDAN,Tech_Support_US,244,54,22.1,43,Billing_Inquiry,26,93,No Risk,95,1,Caller requested invoice copy and updated credit card details on enterprise billing profile. Verified billing contacts and confirmed change.
2026-08-23 05:25:49,CM-73691-B,AGENT_CHRIS,Enterprise_Escalations,324,35,10.7,30,Subscription_Renewal,53,94,No Risk,89,0,Inquiry on multi-seat volume discount tiers for next fiscal renewal period. Agent summarized discount matrix.
2026-08-23 05:33:10,CM-66369-B,AGENT_AVERY,Tech_Support_APAC,132,23,17.4,33,Billing_Inquiry,64,100,No Risk,84,1,Customer queried line-item surcharge on recent monthly statement. Agent reviewed billing schedule and credited processing variance.
2026-08-23 05:52:25,CM-76003-C,AGENT_PAT,Customer_Care_Global,182,10,5.3,38,Billing_Inquiry,54,100,No Risk,95,1,Discussion regarding prorated subscription charges following plan upgrade. Agent explained billing cycle cutoff dates clearly.
2026-08-23 05:54:08,CM-92245-C,AGENT_JORDAN,Tech_Support_APAC,192,12,6.1,16,Billing_Inquiry,47,93,No Risk,65,0,Customer queried line-item surcharge on recent monthly statement. Agent reviewed billing schedule and credited processing variance.
2026-08-23 06:10:33,CM-52245-A,AGENT_JORDAN,Customer_Care_Global,286,25,8.9,34,Subscription_Renewal,69,95,No Risk,76,1,Customer confirmed continuation of annual maintenance agreement and updated purchase order authorization number.
2026-08-23 06:16:10,CM-92288-B,AGENT_PAT,Billing_Support_US,308,51,16.7,35,Billing_Inquiry,21,95,No Risk,94,1,Caller requested invoice copy and updated credit card details on enterprise billing profile. Verified billing contacts and confirmed change.
2026-08-23 06:16:59,CM-25473-A,AGENT_CHRIS,Billing_Support_US,148,21,14.5,14,Order_Tracking,43,95,No Risk,96,1,Customer confirmed receipt of initial shipment and verified serial numbers against enterprise invoice order.
2026-08-23 06:41:38,CM-95181-A,AGENT_CHRIS,Enterprise_Escalations,182,37,20.4,40,Billing_Inquiry,82,98,No Risk,97,0,Discussion regarding prorated subscription charges following plan upgrade. Agent explained billing cycle cutoff dates clearly.
2026-08-23 06:55:11,CM-78562-B,AGENT_PAT,Tech_Support_US,165,27,16.2,21,Account_Access,14,96,No Risk,84,1,Customer requested administrative permission transfer for organization portal. Agent processed identity verification protocol successfully.
2026-08-23 07:11:11,CM-47313-C,AGENT_CASEY,Customer_Care_Global,353,28,7.8,21,Subscription_Renewal,18,100,No Risk,93,1,Customer confirmed continuation of annual maintenance agreement and updated purchase order authorization number.
2026-08-23 07:12:31,CM-86833-A,AGENT_PAT,Enterprise_Escalations,245,37,15.3,34,General_Product_Query,22,99,No Risk,85,1,Caller asked regarding desktop client system requirements and supported browser versions. Agent shared knowledge base link.
2026-08-23 07:16:50,CM-53011-C,AGENT_SAM,Billing_Support_US,195,10,5.0,29,Subscription_Renewal,85,100,No Risk,79,1,Enterprise contact reviewed upcoming annual contract renewal terms and license tiers. Agent forwarded formal quote sheet.
2026-08-23 07:25:25,CM-10662-B,AGENT_MORGAN,Tech_Support_APAC,282,48,17.1,27,Subscription_Renewal,45,93,No Risk,71,1,Enterprise contact reviewed upcoming annual contract renewal terms and license tiers. Agent forwarded formal quote sheet.
2026-08-23 07:30:32,CM-94388-B,AGENT_CHRIS,Billing_Support_US,175,40,23.0,42,General_Product_Query,72,94,No Risk,72,1,General inquiry on API rate limits and webhook notification configurations. Agent referenced technical developer documentation.
2026-08-23 07:39:01,CM-47721-A,AGENT_AVERY,Enterprise_Escalations,268,59,21.9,32,Subscription_Renewal,60,93,Medium Risk,67,1,Customer confirmed continuation of annual maintenance agreement and updated purchase order authorization number.
2026-08-23 07:40:40,CM-69761-B,AGENT_MORGAN,Enterprise_Escalations,146,14,9.7,18,Subscription_Renewal,85,97,No Risk,85,1,Inquiry on multi-seat volume discount tiers for next fiscal renewal period. Agent summarized discount matrix.
2026-08-23 07:54:13,CM-35146-C,AGENT_ALEX,Enterprise_Escalations,146,13,9.1,39,General_Product_Query,81,100,No Risk,85,1,General inquiry on API rate limits and webhook notification configurations. Agent referenced technical developer documentation.
2026-08-23 08:07:06,CM-68118-C,AGENT_MORGAN,Tech_Support_US,343,40,11.8,25,Account_Access,34,92,No Risk,68,0,Customer requested administrative permission transfer for organization portal. Agent processed identity verification protocol successfully.
2026-08-23 08:13:32,CM-53457-C,AGENT_TAYLOR,Billing_Support_US,149,31,20.6,31,General_Product_Query,17,93,No Risk,83,1,Caller asked regarding desktop client system requirements and supported browser versions. Agent shared knowledge base link.
2026-08-23 08:22:42,CM-82569-C,AGENT_CASEY,Enterprise_Escalations,307,22,7.1,39,General_Product_Query,14,96,No Risk,80,1,Caller asked regarding desktop client system requirements and supported browser versions. Agent shared knowledge base link.
2026-08-23 08:43:57,CM-47249-B,AGENT_MORGAN,Tech_Support_US,241,40,16.4,27,Account_Access,83,96,No Risk,74,1,User locked out after multi-factor authentication reset. Agent verified security answers and issued one-time password bypass token.
2026-08-23 08:47:08,CM-24085-C,AGENT_CASEY,Customer_Care_Global,150,30,19.7,23,Account_Access,64,93,No Risk,65,1,User locked out after multi-factor authentication reset. Agent verified security answers and issued one-time password bypass token.
2026-08-23 08:47:29,CM-85989-B,AGENT_CHRIS,Tech_Support_US,416,82,19.6,25,General_Product_Query,88,92,No Risk,65,1,Prospective customer requested feature comparison between Standard and Enterprise analytics tiers.
2026-08-23 08:54:25,CM-96333-C,AGENT_TAYLOR,Tech_Support_APAC,152,30,19.6,15,Subscription_Renewal,17,97,No Risk,91,1,Customer confirmed continuation of annual maintenance agreement and updated purchase order authorization number.
2026-08-23 08:55:34,CM-65455-A,AGENT_SAM,Enterprise_Escalations,215,15,6.9,17,Billing_Inquiry,23,98,No Risk,82,0,Customer queried line-item surcharge on recent monthly statement. Agent reviewed billing schedule and credited processing variance.
2026-08-23 09:03:39,CM-20914-B,AGENT_JORDAN,Customer_Care_Global,164,19,11.8,44,Account_Access,34,93,No Risk,69,1,User locked out after multi-factor authentication reset. Agent verified security answers and issued one-time password bypass token.
2026-08-23 09:08:19,CM-85248-A,AGENT_PAT,Enterprise_Escalations,256,42,16.3,45,General_Product_Query,92,93,No Risk,66,0,Caller asked regarding desktop client system requirements and supported browser versions. Agent shared knowledge base link.
2026-08-23 09:23:53,CM-66618-A,AGENT_AVERY,Enterprise_Escalations,259,56,21.7,26,Order_Tracking,53,94,Medium Risk,80,1,Customer confirmed receipt of initial shipment and verified serial numbers against enterprise invoice order.
2026-08-23 09:45:01,CM-54556-B,AGENT_JORDAN,Enterprise_Escalations,265,15,5.5,29,Order_Tracking,49,100,No Risk,85,1,Customer inquired regarding expedited courier delivery status for hardware order. Agent tracked consignment and confirmed arrival ETA.
2026-08-23 09:47:44,CM-46905-C,AGENT_RILEY,Tech_Support_US,120,5,4.5,22,Order_Tracking,44,100,No Risk,67,1,Customer confirmed receipt of initial shipment and verified serial numbers against enterprise invoice order.
2026-08-23 10:01:47,CM-43347-A,AGENT_SAM,Customer_Care_Global,411,62,15.0,17,General_Product_Query,10,93,No Risk,66,1,Caller asked regarding desktop client system requirements and supported browser versions. Agent shared knowledge base link.
2026-08-23 10:05:03,CM-56833-A,AGENT_AVERY,Customer_Care_Global,391,44,11.2,12,Billing_Inquiry,20,95,No Risk,86,1,Discussion regarding prorated subscription charges following plan upgrade. Agent explained billing cycle cutoff dates clearly.
2026-08-23 10:46:19,CM-68085-C,AGENT_TAYLOR,Tech_Support_US,286,59,20.8,12,General_Product_Query,13,100,No Risk,95,0,General inquiry on API rate limits and webhook notification configurations. Agent referenced technical developer documentation.
2026-08-23 10:49:56,CM-69759-A,AGENT_AVERY,Tech_Support_US,282,27,9.7,19,General_Product_Query,32,95,No Risk,73,1,General inquiry on API rate limits and webhook notification configurations. Agent referenced technical developer documentation.
2026-08-23 10:50:39,CM-79888-C,AGENT_MORGAN,Billing_Support_US,351,84,23.9,33,Billing_Inquiry,60,98,No Risk,79,1,Discussion regarding prorated subscription charges following plan upgrade. Agent explained billing cycle cutoff dates clearly.
2026-08-23 11:01:22,CM-12337-C,AGENT_AVERY,Tech_Support_APAC,140,14,9.7,12,Subscription_Renewal,61,94,No Risk,86,0,Inquiry on multi-seat volume discount tiers for next fiscal renewal period. Agent summarized discount matrix.
2026-08-23 11:15:36,CM-82634-B,AGENT_ALEX,Billing_Support_US,392,89,22.6,40,General_Product_Query,27,90,No Risk,72,1,General inquiry on API rate limits and webhook notification configurations. Agent referenced technical developer documentation.
2026-08-23 11:23:09,CM-68911-A,AGENT_TAYLOR,Billing_Support_US,170,7,4.1,39,Order_Tracking,52,100,No Risk,89,1,Customer confirmed receipt of initial shipment and verified serial numbers against enterprise invoice order.
2026-08-23 11:26:24,CM-88311-A,AGENT_TAYLOR,Billing_Support_US,381,16,4.2,43,Subscription_Renewal,94,98,No Risk,98,1,Inquiry on multi-seat volume discount tiers for next fiscal renewal period. Agent summarized discount matrix.
2026-08-23 11:37:01,CM-33331-B,AGENT_TAYLOR,Enterprise_Escalations,271,33,12.3,27,Order_Tracking,34,96,No Risk,81,1,Customer confirmed receipt of initial shipment and verified serial numbers against enterprise invoice order.
2026-08-23 11:53:40,CM-67424-C,AGENT_RILEY,Tech_Support_APAC,127,30,23.5,25,Billing_Inquiry,87,93,No Risk,91,1,Customer queried line-item surcharge on recent monthly statement. Agent reviewed billing schedule and credited processing variance.
2026-08-23 11:54:56,CM-41147-B,AGENT_JORDAN,Tech_Support_APAC,375,46,12.4,39,Account_Access,89,96,No Risk,66,0,Caller needed email address change on primary customer account. Two-step verification completed and credentials refreshed.
2026-08-23 11:54:59,CM-47056-C,AGENT_RILEY,Tech_Support_APAC,196,44,22.5,22,Account_Access,90,91,No Risk,82,1,User locked out after multi-factor authentication reset. Agent verified security answers and issued one-time password bypass token.
2026-08-23 12:01:31,CM-44003-C,AGENT_JORDAN,Tech_Support_US,134,9,6.8,45,Order_Tracking,36,97,No Risk,67,1,Customer confirmed receipt of initial shipment and verified serial numbers against enterprise invoice order.
2026-08-23 12:20:57,CM-15279-C,AGENT_TAYLOR,Tech_Support_APAC,193,19,10.1,29,Order_Tracking,57,96,No Risk,74,1,Customer confirmed receipt of initial shipment and verified serial numbers against enterprise invoice order.
2026-08-23 12:24:18,CM-91762-C,AGENT_TAYLOR,Customer_Care_Global,183,18,9.8,10,Subscription_Renewal,47,95,No Risk,68,1,Customer confirmed continuation of annual maintenance agreement and updated purchase order authorization number.
2026-08-23 12:27:23,CM-94907-A,AGENT_TAYLOR,Enterprise_Escalations,174,41,23.4,22,Billing_Inquiry,94,91,No Risk,87,1,Caller requested invoice copy and updated credit card details on enterprise billing profile. Verified billing contacts and confirmed change.
2026-08-23 12:31:29,CM-80620-B,AGENT_ALEX,Customer_Care_Global,357,16,4.4,14,Order_Tracking,85,100,No Risk,79,0,Inquiry regarding shipment customs delay. Agent contacted logistics partner and provided updated tracking manifest.
2026-08-23 12:38:14,CM-99995-B,AGENT_TAYLOR,Tech_Support_US,407,60,14.8,30,General_Product_Query,91,98,No Risk,95,1,Prospective customer requested feature comparison between Standard and Enterprise analytics tiers.
2026-08-23 12:39:37,CM-39922-C,AGENT_CASEY,Tech_Support_US,371,72,19.5,29,Account_Access,22,94,No Risk,87,1,Caller needed email address change on primary customer account. Two-step verification completed and credentials refreshed.
2026-08-23 12:45:34,CM-27548-B,AGENT_CASEY,Enterprise_Escalations,204,24,11.9,10,Billing_Inquiry,74,98,No Risk,97,0,Customer queried line-item surcharge on recent monthly statement. Agent reviewed billing schedule and credited processing variance.
2026-08-23 12:49:24,CM-50194-C,AGENT_TAYLOR,Enterprise_Escalations,185,25,13.5,28,Order_Tracking,66,94,No Risk,74,1,Customer confirmed receipt of initial shipment and verified serial numbers against enterprise invoice order.
2026-08-23 12:52:55,CM-12864-A,AGENT_JORDAN,Customer_Care_Global,355,78,22.1,23,Order_Tracking,67,93,No Risk,88,1,Inquiry regarding shipment customs delay. Agent contacted logistics partner and provided updated tracking manifest.
2026-08-23 12:55:59,CM-83899-B,AGENT_AVERY,Tech_Support_US,245,28,11.4,22,Subscription_Renewal,73,100,No Risk,74,1,Enterprise contact reviewed upcoming annual contract renewal terms and license tiers. Agent forwarded formal quote sheet.
2026-08-23 13:23:39,CM-92397-C,AGENT_CHRIS,Enterprise_Escalations,239,43,18.1,24,Account_Access,15,93,No Risk,71,0,Customer requested administrative permission transfer for organization portal. Agent processed identity verification protocol successfully.
2026-08-23 13:41:03,CM-69355-A,AGENT_TAYLOR,Billing_Support_US,280,50,18.0,29,General_Product_Query,75,93,No Risk,78,1,Caller asked regarding desktop client system requirements and supported browser versions. Agent shared knowledge base link.
2026-08-23 13:41:07,CM-68827-A,AGENT_JORDAN,Tech_Support_US,255,48,18.7,34,Account_Access,25,95,No Risk,73,1,User locked out after multi-factor authentication reset. Agent verified security answers and issued one-time password bypass token.
2026-08-23 13:43:37,CM-71216-C,AGENT_RILEY,Billing_Support_US,263,60,22.9,26,General_Product_Query,34,96,No Risk,90,1,Caller asked regarding desktop client system requirements and supported browser versions. Agent shared knowledge base link.
2026-08-23 13:50:30,CM-81137-C,AGENT_RILEY,Tech_Support_US,403,31,7.7,30,General_Product_Query,54,98,No Risk,75,1,Caller asked regarding desktop client system requirements and supported browser versions. Agent shared knowledge base link.
2026-08-23 13:53:40,CM-52550-A,AGENT_ALEX,Customer_Care_Global,418,78,18.6,21,Account_Access,45,97,No Risk,71,1,Caller needed email address change on primary customer account. Two-step verification completed and credentials refreshed.
2026-08-23 13:56:20,CM-68262-C,AGENT_CHRIS,Tech_Support_US,329,16,4.8,31,General_Product_Query,75,98,No Risk,88,1,General inquiry on API rate limits and webhook notification configurations. Agent referenced technical developer documentation.
2026-08-23 14:09:12,CM-25869-A,AGENT_TAYLOR,Tech_Support_APAC,125,11,9.1,37,Billing_Inquiry,25,97,No Risk,84,1,Caller requested invoice copy and updated credit card details on enterprise billing profile. Verified billing contacts and confirmed change.
2026-08-23 14:15:29,CM-13084-C,AGENT_SAM,Tech_Support_US,177,20,11.1,38,Order_Tracking,12,94,No Risk,87,1,Customer confirmed receipt of initial shipment and verified serial numbers against enterprise invoice order.
2026-08-23 14:50:19,CM-89376-B,AGENT_AVERY,Enterprise_Escalations,399,66,16.6,15,General_Product_Query,92,100,No Risk,97,1,General inquiry on API rate limits and webhook notification configurations. Agent referenced technical developer documentation.
2026-08-23 15:01:45,CM-34688-A,AGENT_CASEY,Tech_Support_US,133,27,20.1,35,Billing_Inquiry,86,94,No Risk,96,1,Caller requested invoice copy and updated credit card details on enterprise billing profile. Verified billing contacts and confirmed change.
2026-08-23 15:10:33,CM-52312-B,AGENT_PAT,Tech_Support_APAC,260,54,20.9,28,Subscription_Renewal,18,95,No Risk,86,1,Inquiry on multi-seat volume discount tiers for next fiscal renewal period. Agent summarized discount matrix.
2026-08-23 15:22:49,CM-69929-B,AGENT_JORDAN,Tech_Support_APAC,255,42,16.4,16,Subscription_Renewal,82,98,No Risk,73,1,Customer confirmed continuation of annual maintenance agreement and updated purchase order authorization number.
2026-08-23 15:27:41,CM-67067-B,AGENT_CHRIS,Tech_Support_APAC,240,50,20.9,28,Account_Access,44,93,No Risk,90,1,User locked out after multi-factor authentication reset. Agent verified security answers and issued one-time password bypass token.
2026-08-23 15:28:09,CM-22046-C,AGENT_PAT,Enterprise_Escalations,415,78,18.7,40,Account_Access,51,96,No Risk,71,0,Caller needed email address change on primary customer account. Two-step verification completed and credentials refreshed.
2026-08-23 15:50:32,CM-99687-C,AGENT_JORDAN,Enterprise_Escalations,126,14,10.9,33,Billing_Inquiry,64,95,No Risk,91,1,Caller requested invoice copy and updated credit card details on enterprise billing profile. Verified billing contacts and confirmed change.
2026-08-23 15:56:44,CM-67068-A,AGENT_CHRIS,Billing_Support_US,137,17,12.5,29,Account_Access,46,94,No Risk,81,0,Customer requested administrative permission transfer for organization portal. Agent processed identity verification protocol successfully.
2026-08-23 16:00:31,CM-45920-B,AGENT_MORGAN,Tech_Support_APAC,233,55,23.4,40,Order_Tracking,83,93,No Risk,91,1,Customer confirmed receipt of initial shipment and verified serial numbers against enterprise invoice order.
2026-08-23 16:01:09,CM-95097-B,AGENT_JORDAN,Tech_Support_US,395,90,22.9,41,Billing_Inquiry,48,93,No Risk,73,1,Caller requested invoice copy and updated credit card details on enterprise billing profile. Verified billing contacts and confirmed change.
2026-08-23 16:21:23,CM-68065-C,AGENT_SAM,Tech_Support_US,256,16,6.1,11,Account_Access,33,96,No Risk,79,1,Caller needed email address change on primary customer account. Two-step verification completed and credentials refreshed.
2026-08-23 16:34:01,CM-83886-B,AGENT_ALEX,Billing_Support_US,266,20,7.4,28,General_Product_Query,16,96,No Risk,96,1,Caller asked regarding desktop client system requirements and supported browser versions. Agent shared knowledge base link.
2026-08-23 16:43:14,CM-76628-C,AGENT_MORGAN,Billing_Support_US,362,41,11.3,24,Order_Tracking,16,97,No Risk,88,1,Customer confirmed receipt of initial shipment and verified serial numbers against enterprise invoice order.
2026-08-23 16:50:11,CM-21219-B,AGENT_AVERY,Billing_Support_US,280,22,7.7,16,General_Product_Query,65,100,No Risk,97,1,Prospective customer requested feature comparison between Standard and Enterprise analytics tiers.
2026-08-23 16:53:07,CM-47156-A,AGENT_TAYLOR,Billing_Support_US,413,26,6.4,14,Billing_Inquiry,54,98,No Risk,84,1,Discussion regarding prorated subscription charges following plan upgrade. Agent explained billing cycle cutoff dates clearly.
2026-08-23 16:58:30,CM-73828-C,AGENT_JORDAN,Tech_Support_US,159,9,5.6,18,General_Product_Query,45,100,No Risk,69,1,Caller asked regarding desktop client system requirements and supported browser versions. Agent shared knowledge base link.
2026-08-23 16:59:49,CM-51120-C,AGENT_JORDAN,Tech_Support_APAC,283,25,9.0,18,Account_Access,93,100,No Risk,93,1,Customer requested administrative permission transfer for organization portal. Agent processed identity verification protocol successfully.
2026-08-23 17:15:31,CM-93009-A,AGENT_MORGAN,Customer_Care_Global,257,35,13.6,37,Subscription_Renewal,75,100,No Risk,88,1,Customer confirmed continuation of annual maintenance agreement and updated purchase order authorization number.
2026-08-23 17:26:42,CM-65112-B,AGENT_CHRIS,Customer_Care_Global,417,41,9.9,40,General_Product_Query,25,99,No Risk,69,1,General inquiry on API rate limits and webhook notification configurations. Agent referenced technical developer documentation.
2026-08-23 17:39:23,CM-94023-C,AGENT_JORDAN,Billing_Support_US,343,82,23.8,34,Billing_Inquiry,25,93,No Risk,81,1,Discussion regarding prorated subscription charges following plan upgrade. Agent explained billing cycle cutoff dates clearly.
2026-08-23 17:45:41,CM-12762-C,AGENT_AVERY,Tech_Support_APAC,305,54,17.8,25,Billing_Inquiry,95,98,No Risk,72,1,Discussion regarding prorated subscription charges following plan upgrade. Agent explained billing cycle cutoff dates clearly.
2026-08-23 17:53:15,CM-11111-B,AGENT_SAM,Billing_Support_US,169,13,7.9,32,General_Product_Query,60,97,Medium Risk,86,1,General inquiry on API rate limits and webhook notification configurations. Agent referenced technical developer documentation.
2026-08-23 17:57:30,CM-83537-C,AGENT_JORDAN,Enterprise_Escalations,411,32,7.8,44,Billing_Inquiry,89,100,No Risk,98,1,Customer queried line-item surcharge on recent monthly statement. Agent reviewed billing schedule and credited processing variance.
2026-08-23 17:57:49,CM-33627-A,AGENT_CHRIS,Billing_Support_US,171,15,8.5,19,Account_Access,27,100,No Risk,97,0,Caller needed email address change on primary customer account. Two-step verification completed and credentials refreshed.
2026-08-23 17:59:53,CM-54541-B,AGENT_ALEX,Tech_Support_US,135,21,15.3,14,Account_Access,61,95,No Risk,70,1,Caller needed email address change on primary customer account. Two-step verification completed and credentials refreshed.
2026-08-23 18:08:56,CM-83617-C,AGENT_MORGAN,Enterprise_Escalations,386,32,8.4,33,General_Product_Query,95,100,No Risk,73,0,Prospective customer requested feature comparison between Standard and Enterprise analytics tiers.
2026-08-23 18:17:19,CM-18559-B,AGENT_SAM,Tech_Support_US,285,48,17.0,40,Billing_Inquiry,59,97,No Risk,67,0,Customer queried line-item surcharge on recent monthly statement. Agent reviewed billing schedule and credited processing variance.
2026-08-23 18:23:07,CM-87003-A,AGENT_CASEY,Billing_Support_US,246,20,8.0,38,Order_Tracking,28,100,No Risk,98,1,Inquiry regarding shipment customs delay. Agent contacted logistics partner and provided updated tracking manifest.
2026-08-23 18:24:46,CM-70521-B,AGENT_ALEX,Tech_Support_APAC,356,73,20.6,15,Order_Tracking,19,97,No Risk,67,1,Inquiry regarding shipment customs delay. Agent contacted logistics partner and provided updated tracking manifest.
2026-08-23 18:28:20,CM-99660-C,AGENT_PAT,Enterprise_Escalations,185,30,16.0,28,Billing_Inquiry,77,100,No Risk,88,1,Discussion regarding prorated subscription charges following plan upgrade. Agent explained billing cycle cutoff dates clearly.
2026-08-23 18:30:37,CM-76719-B,AGENT_ALEX,Tech_Support_APAC,342,47,13.6,10,Account_Access,38,94,No Risk,90,0,Customer requested administrative permission transfer for organization portal. Agent processed identity verification protocol successfully.
2026-08-23 18:31:36,CM-18111-C,AGENT_CASEY,Tech_Support_US,184,43,23.6,33,Subscription_Renewal,50,96,No Risk,98,0,Inquiry on multi-seat volume discount tiers for next fiscal renewal period. Agent summarized discount matrix.
2026-08-23 18:45:20,CM-31712-A,AGENT_RILEY,Billing_Support_US,339,42,12.5,30,Subscription_Renewal,44,95,No Risk,77,1,Inquiry on multi-seat volume discount tiers for next fiscal renewal period. Agent summarized discount matrix.
2026-08-23 18:49:32,CM-69509-C,AGENT_TAYLOR,Enterprise_Escalations,382,85,22.3,33,Billing_Inquiry,38,92,No Risk,77,1,Caller requested invoice copy and updated credit card details on enterprise billing profile. Verified billing contacts and confirmed change.
2026-08-23 18:55:05,CM-93735-A,AGENT_CHRIS,Tech_Support_US,259,25,9.7,30,Account_Access,78,95,No Risk,74,1,User locked out after multi-factor authentication reset. Agent verified security answers and issued one-time password bypass token.
2026-08-23 19:00:37,CM-60997-B,AGENT_JORDAN,Enterprise_Escalations,379,65,17.2,40,Subscription_Renewal,79,93,No Risk,68,0,Customer confirmed continuation of annual maintenance agreement and updated purchase order authorization number.
2026-08-23 19:01:19,CM-90352-A,AGENT_CHRIS,Enterprise_Escalations,300,40,13.4,40,Billing_Inquiry,75,94,No Risk,83,1,Caller requested invoice copy and updated credit card details on enterprise billing profile. Verified billing contacts and confirmed change.
2026-08-23 19:05:05,CM-34881-A,AGENT_RILEY,Enterprise_Escalations,378,53,14.0,41,Subscription_Renewal,49,95,No Risk,94,0,Enterprise contact reviewed upcoming annual contract renewal terms and license tiers. Agent forwarded formal quote sheet.
2026-08-23 19:36:01,CM-12052-A,AGENT_AVERY,Tech_Support_US,319,72,22.6,20,Subscription_Renewal,48,97,No Risk,86,1,Customer confirmed continuation of annual maintenance agreement and updated purchase order authorization number.
2026-08-23 19:52:18,CM-74532-C,AGENT_SAM,Billing_Support_US,185,44,23.7,27,Account_Access,75,96,No Risk,68,1,Caller needed email address change on primary customer account. Two-step verification completed and credentials refreshed.
2026-08-23 19:53:45,CM-86473-B,AGENT_RILEY,Customer_Care_Global,203,20,9.8,45,Account_Access,22,98,No Risk,91,0,User locked out after multi-factor authentication reset. Agent verified security answers and issued one-time password bypass token.
2026-08-23 19:57:47,CM-64057-B,AGENT_CASEY,Enterprise_Escalations,295,53,18.0,25,Billing_Inquiry,43,98,No Risk,69,1,Discussion regarding prorated subscription charges following plan upgrade. Agent explained billing cycle cutoff dates clearly.
2026-08-23 20:08:19,CM-66139-A,AGENT_ALEX,Customer_Care_Global,289,57,19.7,37,Account_Access,92,96,No Risk,95,1,Customer requested administrative permission transfer for organization portal. Agent processed identity verification protocol successfully.
2026-08-23 20:11:30,CM-11859-A,AGENT_RILEY,Tech_Support_US,350,75,21.3,36,Subscription_Renewal,24,94,No Risk,73,1,Inquiry on multi-seat volume discount tiers for next fiscal renewal period. Agent summarized discount matrix.
2026-08-23 20:12:56,CM-49286-C,AGENT_SAM,Billing_Support_US,185,44,23.8,10,Order_Tracking,84,93,No Risk,83,1,Customer inquired regarding expedited courier delivery status for hardware order. Agent tracked consignment and confirmed arrival ETA.
2026-08-23 20:15:02,CM-38819-A,AGENT_PAT,Tech_Support_US,258,42,16.3,15,General_Product_Query,30,94,No Risk,96,1,Caller asked regarding desktop client system requirements and supported browser versions. Agent shared knowledge base link.
2026-08-23 20:15:25,CM-83184-C,AGENT_CHRIS,Billing_Support_US,140,6,4.4,32,Account_Access,58,99,No Risk,96,1,Caller needed email address change on primary customer account. Two-step verification completed and credentials refreshed.
2026-08-23 20:21:08,CM-42248-B,AGENT_CASEY,Billing_Support_US,190,9,4.8,13,Order_Tracking,23,100,No Risk,81,1,Inquiry regarding shipment customs delay. Agent contacted logistics partner and provided updated tracking manifest.
2026-08-23 20:33:39,CM-51958-A,AGENT_MORGAN,Tech_Support_APAC,287,40,14.0,36,Subscription_Renewal,45,98,No Risk,89,1,Enterprise contact reviewed upcoming annual contract renewal terms and license tiers. Agent forwarded formal quote sheet.
2026-08-23 20:41:14,CM-90134-A,AGENT_AVERY,Tech_Support_APAC,165,11,6.8,25,Subscription_Renewal,19,94,No Risk,86,1,Customer confirmed continuation of annual maintenance agreement and updated purchase order authorization number.
2026-08-23 21:07:19,CM-80798-A,AGENT_TAYLOR,Tech_Support_US,397,46,11.7,23,Account_Access,29,94,No Risk,94,1,Customer requested administrative permission transfer for organization portal. Agent processed identity verification protocol successfully.
2026-08-23 21:28:46,CM-59987-A,AGENT_PAT,Customer_Care_Global,380,70,18.5,43,General_Product_Query,13,93,No Risk,93,1,General inquiry on API rate limits and webhook notification configurations. Agent referenced technical developer documentation.
2026-08-23 21:29:41,CM-44670-A,AGENT_RILEY,Billing_Support_US,404,52,12.8,12,Billing_Inquiry,69,89,Medium Risk,78,1,Caller requested invoice copy and updated credit card details on enterprise billing profile. Verified billing contacts and confirmed change.
2026-08-23 21:39:41,CM-40493-C,AGENT_JORDAN,Billing_Support_US,158,25,16.0,23,Order_Tracking,77,99,No Risk,91,1,Customer confirmed receipt of initial shipment and verified serial numbers against enterprise invoice order.
2026-08-23 22:05:11,CM-39585-A,AGENT_PAT,Tech_Support_APAC,319,74,23.1,42,Billing_Inquiry,88,97,No Risk,71,0,Caller requested invoice copy and updated credit card details on enterprise billing profile. Verified billing contacts and confirmed change.
2026-08-23 22:11:53,CM-43729-A,AGENT_JORDAN,Customer_Care_Global,211,25,11.7,13,Billing_Inquiry,52,98,No Risk,93,1,Customer queried line-item surcharge on recent monthly statement. Agent reviewed billing schedule and credited processing variance.
2026-08-23 22:12:08,CM-86072-A,AGENT_SAM,Billing_Support_US,231,36,15.5,40,Account_Access,66,97,No Risk,77,1,Caller needed email address change on primary customer account. Two-step verification completed and credentials refreshed.
2026-08-23 22:25:10,CM-41380-C,AGENT_MORGAN,Customer_Care_Global,337,26,7.8,43,Order_Tracking,52,100,No Risk,77,1,Customer confirmed receipt of initial shipment and verified serial numbers against enterprise invoice order.
2026-08-23 22:26:06,CM-43807-B,AGENT_JORDAN,Tech_Support_APAC,317,28,8.8,25,Account_Access,86,93,No Risk,72,1,Customer requested administrative permission transfer for organization portal. Agent processed identity verification protocol successfully.
2026-08-23 22:28:30,CM-92689-C,AGENT_PAT,Tech_Support_US,419,31,7.5,40,Order_Tracking,50,99,No Risk,93,1,Inquiry regarding shipment customs delay. Agent contacted logistics partner and provided updated tracking manifest.
2026-08-23 22:28:44,CM-62853-B,AGENT_RILEY,Billing_Support_US,282,19,6.8,36,Account_Access,59,96,No Risk,89,0,Caller needed email address change on primary customer account. Two-step verification completed and credentials refreshed.
2026-08-23 22:31:15,CM-70057-C,AGENT_SAM,Tech_Support_US,208,32,15.2,30,Account_Access,80,96,No Risk,96,1,User locked out after multi-factor authentication reset. Agent verified security answers and issued one-time password bypass token.
2026-08-23 22:31:17,CM-11974-A,AGENT_SAM,Enterprise_Escalations,363,43,11.9,10,Billing_Inquiry,41,94,Medium Risk,74,1,Caller requested invoice copy and updated credit card details on enterprise billing profile. Verified billing contacts and confirmed change.
2026-08-23 22:32:57,CM-38974-A,AGENT_AVERY,Customer_Care_Global,319,65,20.5,36,General_Product_Query,85,92,No Risk,95,1,Prospective customer requested feature comparison between Standard and Enterprise analytics tiers.
2026-08-23 22:33:44,CM-58722-B,AGENT_PAT,Customer_Care_Global,250,22,8.8,23,General_Product_Query,79,98,No Risk,88,1,General inquiry on API rate limits and webhook notification configurations. Agent referenced technical developer documentation.
2026-08-23 22:54:59,CM-82895-C,AGENT_JORDAN,Customer_Care_Global,201,27,13.2,36,General_Product_Query,85,94,No Risk,95,1,General inquiry on API rate limits and webhook notification configurations. Agent referenced technical developer documentation.
2026-08-23 22:56:59,CM-35830-B,AGENT_JORDAN,Customer_Care_Global,420,61,14.6,30,Subscription_Renewal,91,94,No Risk,72,1,Customer confirmed continuation of annual maintenance agreement and updated purchase order authorization number.
2026-08-23 23:01:39,CM-51688-B,AGENT_SAM,Tech_Support_US,358,82,22.9,16,Billing_Inquiry,27,92,No Risk,85,1,Caller requested invoice copy and updated credit card details on enterprise billing profile. Verified billing contacts and confirmed change.
2026-08-23 23:08:05,CM-79778-B,AGENT_MORGAN,Enterprise_Escalations,277,61,21.9,19,Order_Tracking,83,90,No Risk,76,1,Customer inquired regarding expedited courier delivery status for hardware order. Agent tracked consignment and confirmed arrival ETA.
2026-08-23 23:35:36,CM-87045-A,AGENT_JORDAN,Tech_Support_APAC,380,60,15.9,22,Billing_Inquiry,18,95,No Risk,81,1,Caller requested invoice copy and updated credit card details on enterprise billing profile. Verified billing contacts and confirmed change.
2026-08-23 23:42:05,CM-98389-C,AGENT_PAT,Customer_Care_Global,267,57,21.4,14,Subscription_Renewal,14,91,No Risk,79,1,Inquiry on multi-seat volume discount tiers for next fiscal renewal period. Agent summarized discount matrix.
2026-08-23 23:43:23,CM-76491-B,AGENT_CASEY,Customer_Care_Global,377,35,9.3,25,Order_Tracking,78,97,No Risk,84,1,Customer confirmed receipt of initial shipment and verified serial numbers against enterprise invoice order.
2026-08-23 23:49:01,CM-22950-B,AGENT_PAT,Tech_Support_APAC,247,52,21.0,32,Subscription_Renewal,42,97,No Risk,82,1,Customer confirmed continuation of annual maintenance agreement and updated purchase order authorization number.
2026-08-23 23:57:09,CM-15747-C,AGENT_AVERY,Billing_Support_US,264,60,22.9,18,Order_Tracking,82,97,No Risk,85,1,Customer inquired regarding expedited courier delivery status for hardware order. Agent tracked consignment and confirmed arrival ETA.
2026-08-24 00:00:20,CM-96944-A,AGENT_MORGAN,Billing_Support_US,333,67,20.1,12,Billing_Inquiry,82,94,No Risk,70,1,Discussion regarding prorated subscription charges following plan upgrade. Agent explained billing cycle cutoff dates clearly.
2026-08-24 00:11:32,CM-84473-C,AGENT_AVERY,Enterprise_Escalations,317,68,21.3,23,General_Product_Query,58,91,No Risk,77,1,General inquiry on API rate limits and webhook notification configurations. Agent referenced technical developer documentation.
2026-08-24 00:25:42,CM-35477-A,AGENT_CHRIS,Enterprise_Escalations,408,74,18.2,25,Account_Access,88,95,No Risk,95,1,User locked out after multi-factor authentication reset. Agent verified security answers and issued one-time password bypass token.
2026-08-24 00:29:22,CM-84167-A,AGENT_CASEY,Tech_Support_APAC,263,22,8.2,40,Account_Access,82,100,No Risk,67,0,User locked out after multi-factor authentication reset. Agent verified security answers and issued one-time password bypass token.
2026-08-24 00:40:05,CM-53393-B,AGENT_SAM,Tech_Support_US,243,35,14.6,10,General_Product_Query,81,98,No Risk,80,1,Caller asked regarding desktop client system requirements and supported browser versions. Agent shared knowledge base link.
2026-08-24 00:45:21,CM-63964-C,AGENT_MORGAN,Customer_Care_Global,233,46,19.7,34,Account_Access,23,94,No Risk,77,0,Customer requested administrative permission transfer for organization portal. Agent processed identity verification protocol successfully.
2026-08-24 01:00:18,CM-72094-C,AGENT_RILEY,Tech_Support_US,321,70,21.9,30,General_Product_Query,27,94,No Risk,84,1,Prospective customer requested feature comparison between Standard and Enterprise analytics tiers.
2026-08-24 01:00:47,CM-32037-A,AGENT_CASEY,Tech_Support_APAC,195,28,14.2,32,General_Product_Query,54,93,No Risk,80,1,Caller asked regarding desktop client system requirements and supported browser versions. Agent shared knowledge base link.
2026-08-24 01:02:07,CM-30014-C,AGENT_MORGAN,Tech_Support_US,201,45,22.5,41,Billing_Inquiry,32,92,No Risk,66,1,Discussion regarding prorated subscription charges following plan upgrade. Agent explained billing cycle cutoff dates clearly.
2026-08-24 01:04:37,CM-56229-C,AGENT_JORDAN,Tech_Support_APAC,322,26,8.2,22,General_Product_Query,78,96,Medium Risk,79,0,General inquiry on API rate limits and webhook notification configurations. Agent referenced technical developer documentation.
2026-08-24 01:28:25,CM-18639-B,AGENT_JORDAN,Enterprise_Escalations,192,19,9.7,19,Subscription_Renewal,94,100,No Risk,87,1,Customer confirmed continuation of annual maintenance agreement and updated purchase order authorization number.
2026-08-24 01:35:39,CM-80126-B,AGENT_JORDAN,Tech_Support_US,252,37,14.6,15,Subscription_Renewal,59,98,No Risk,77,1,Inquiry on multi-seat volume discount tiers for next fiscal renewal period. Agent summarized discount matrix.
2026-08-24 01:37:50,CM-22240-A,AGENT_SAM,Tech_Support_US,157,11,6.9,25,Account_Access,15,98,Medium Risk,94,1,Customer requested administrative permission transfer for organization portal. Agent processed identity verification protocol successfully.
2026-08-24 01:40:26,CM-46190-B,AGENT_CASEY,Tech_Support_APAC,386,84,21.8,37,Order_Tracking,14,98,No Risk,85,1,Customer inquired regarding expedited courier delivery status for hardware order. Agent tracked consignment and confirmed arrival ETA.
2026-08-24 01:43:21,CM-18286-A,AGENT_SAM,Tech_Support_US,417,31,7.4,45,Subscription_Renewal,57,94,No Risk,67,1,Enterprise contact reviewed upcoming annual contract renewal terms and license tiers. Agent forwarded formal quote sheet.
2026-08-24 01:46:05,CM-90753-B,AGENT_PAT,Customer_Care_Global,234,14,6.1,41,Account_Access,15,99,No Risk,79,1,Customer requested administrative permission transfer for organization portal. Agent processed identity verification protocol successfully.
2026-08-24 01:48:59,CM-24860-A,AGENT_RILEY,Billing_Support_US,343,26,7.5,20,Order_Tracking,86,99,No Risk,83,1,Customer confirmed receipt of initial shipment and verified serial numbers against enterprise invoice order.
2026-08-24 02:02:24,CM-23396-A,AGENT_PAT,Tech_Support_APAC,394,82,20.9,26,Order_Tracking,87,91,No Risk,72,1,Inquiry regarding shipment customs delay. Agent contacted logistics partner and provided updated tracking manifest.
2026-08-24 02:09:31,CM-67379-B,AGENT_TAYLOR,Tech_Support_US,406,17,4.3,29,Order_Tracking,34,99,No Risk,83,1,Customer confirmed receipt of initial shipment and verified serial numbers against enterprise invoice order.
2026-08-24 02:11:27,CM-48669-C,AGENT_MORGAN,Tech_Support_US,168,35,21.1,37,General_Product_Query,61,94,No Risk,76,1,Caller asked regarding desktop client system requirements and supported browser versions. Agent shared knowledge base link.
2026-08-24 02:16:00,CM-33996-C,AGENT_RILEY,Customer_Care_Global,156,18,11.8,39,Account_Access,44,100,No Risk,81,1,User locked out after multi-factor authentication reset. Agent verified security answers and issued one-time password bypass token.
2026-08-24 02:20:19,CM-83874-A,AGENT_ALEX,Tech_Support_APAC,333,77,23.0,26,Billing_Inquiry,83,96,No Risk,66,1,Caller requested invoice copy and updated credit card details on enterprise billing profile. Verified billing contacts and confirmed change.
2026-08-24 02:22:20,CM-66442-A,AGENT_AVERY,Tech_Support_US,143,22,15.2,26,Billing_Inquiry,72,95,Medium Risk,82,1,Customer queried line-item surcharge on recent monthly statement. Agent reviewed billing schedule and credited processing variance.
2026-08-24 02:22:41,CM-81737-C,AGENT_TAYLOR,Enterprise_Escalations,355,70,19.8,12,Subscription_Renewal,16,97,No Risk,66,1,Enterprise contact reviewed upcoming annual contract renewal terms and license tiers. Agent forwarded formal quote sheet.
2026-08-24 02:23:53,CM-59454-B,AGENT_AVERY,Tech_Support_US,286,40,14.1,38,Account_Access,68,97,No Risk,70,1,Caller needed email address change on primary customer account. Two-step verification completed and credentials refreshed.
2026-08-24 02:25:52,CM-98142-B,AGENT_RILEY,Tech_Support_APAC,291,40,13.6,39,Account_Access,90,100,No Risk,94,1,Customer requested administrative permission transfer for organization portal. Agent processed identity verification protocol successfully.
2026-08-24 02:35:28,CM-87777-B,AGENT_TAYLOR,Billing_Support_US,208,10,4.7,35,Account_Access,40,100,No Risk,89,1,Caller needed email address change on primary customer account. Two-step verification completed and credentials refreshed.
2026-08-24 02:39:53,CM-80854-B,AGENT_ALEX,Tech_Support_US,320,43,13.4,16,Billing_Inquiry,16,97,No Risk,76,1,Discussion regarding prorated subscription charges following plan upgrade. Agent explained billing cycle cutoff dates clearly.
2026-08-24 02:58:01,CM-21142-B,AGENT_JORDAN,Tech_Support_US,220,36,16.5,19,Account_Access,60,98,No Risk,85,0,Customer requested administrative permission transfer for organization portal. Agent processed identity verification protocol successfully.
2026-08-24 03:12:20,CM-51896-B,AGENT_RILEY,Tech_Support_US,319,67,21.1,23,Subscription_Renewal,73,91,No Risk,81,1,Customer confirmed continuation of annual maintenance agreement and updated purchase order authorization number.
2026-08-24 03:23:53,CM-59882-A,AGENT_PAT,Customer_Care_Global,163,20,12.2,25,Order_Tracking,17,93,No Risk,69,1,Inquiry regarding shipment customs delay. Agent contacted logistics partner and provided updated tracking manifest.
2026-08-24 03:30:24,CM-37606-B,AGENT_AVERY,Customer_Care_Global,124,28,22.3,10,Billing_Inquiry,27,95,No Risk,76,1,Caller requested invoice copy and updated credit card details on enterprise billing profile. Verified billing contacts and confirmed change.
2026-08-24 03:43:26,CM-78035-B,AGENT_JORDAN,Customer_Care_Global,176,30,16.8,18,Subscription_Renewal,79,97,No Risk,72,0,Inquiry on multi-seat volume discount tiers for next fiscal renewal period. Agent summarized discount matrix.
2026-08-24 03:59:09,CM-90264-A,AGENT_PAT,Billing_Support_US,195,46,23.4,28,General_Product_Query,54,93,No Risk,94,1,Prospective customer requested feature comparison between Standard and Enterprise analytics tiers.
2026-08-24 04:02:17,CM-76368-C,AGENT_TAYLOR,Enterprise_Escalations,322,48,14.8,18,Order_Tracking,30,94,Medium Risk,70,1,Inquiry regarding shipment customs delay. Agent contacted logistics partner and provided updated tracking manifest.
2026-08-24 04:18:03,CM-62183-C,AGENT_TAYLOR,Tech_Support_APAC,293,38,12.9,16,Account_Access,30,95,No Risk,68,1,User locked out after multi-factor authentication reset. Agent verified security answers and issued one-time password bypass token.
2026-08-24 04:18:42,CM-28705-B,AGENT_MORGAN,Billing_Support_US,333,14,4.1,41,Order_Tracking,31,100,No Risk,98,1,Inquiry regarding shipment customs delay. Agent contacted logistics partner and provided updated tracking manifest.
2026-08-24 04:24:16,CM-23095-B,AGENT_CASEY,Billing_Support_US,169,38,22.3,34,Account_Access,95,94,No Risk,89,1,User locked out after multi-factor authentication reset. Agent verified security answers and issued one-time password bypass token.
2026-08-24 04:25:06,CM-41558-C,AGENT_ALEX,Customer_Care_Global,150,29,19.1,13,Order_Tracking,18,98,No Risk,92,1,Customer inquired regarding expedited courier delivery status for hardware order. Agent tracked consignment and confirmed arrival ETA.
2026-08-24 04:29:52,CM-73813-B,AGENT_AVERY,Tech_Support_APAC,263,57,21.6,20,General_Product_Query,66,92,No Risk,78,1,Caller asked regarding desktop client system requirements and supported browser versions. Agent shared knowledge base link.
2026-08-24 05:00:29,CM-73427-C,AGENT_AVERY,Enterprise_Escalations,131,9,7.2,17,Billing_Inquiry,42,100,No Risk,98,1,Discussion regarding prorated subscription charges following plan upgrade. Agent explained billing cycle cutoff dates clearly.
2026-08-24 05:09:35,CM-94815-B,AGENT_RILEY,Enterprise_Escalations,410,19,4.7,37,General_Product_Query,61,99,No Risk,76,1,Caller asked regarding desktop client system requirements and supported browser versions. Agent shared knowledge base link.
2026-08-24 05:25:45,CM-39957-B,AGENT_CHRIS,Customer_Care_Global,138,10,7.2,43,Subscription_Renewal,38,95,No Risk,89,1,Customer confirmed continuation of annual maintenance agreement and updated purchase order authorization number.
2026-08-24 05:34:02,CM-73469-C,AGENT_TAYLOR,Customer_Care_Global,302,65,21.5,41,Account_Access,95,93,No Risk,95,1,Customer requested administrative permission transfer for organization portal. Agent processed identity verification protocol successfully.
2026-08-24 06:08:39,CM-25429-B,AGENT_RILEY,Enterprise_Escalations,164,25,15.3,15,Billing_Inquiry,69,96,No Risk,76,1,Caller requested invoice copy and updated credit card details on enterprise billing profile. Verified billing contacts and confirmed change.
2026-08-24 06:18:12,CM-81568-B,AGENT_JORDAN,Billing_Support_US,137,23,17.0,20,General_Product_Query,38,94,No Risk,83,1,Caller asked regarding desktop client system requirements and supported browser versions. Agent shared knowledge base link.
2026-08-24 06:21:28,CM-92864-A,AGENT_AVERY,Enterprise_Escalations,182,9,4.9,14,Order_Tracking,78,98,No Risk,73,1,Customer confirmed receipt of initial shipment and verified serial numbers against enterprise invoice order.
2026-08-24 06:34:43,CM-32185-A,AGENT_CASEY,Billing_Support_US,158,35,22.3,13,Account_Access,79,93,No Risk,68,0,User locked out after multi-factor authentication reset. Agent verified security answers and issued one-time password bypass token.
2026-08-24 06:47:17,CM-16377-A,AGENT_SAM,Billing_Support_US,175,38,21.6,40,General_Product_Query,93,99,No Risk,92,1,Caller asked regarding desktop client system requirements and supported browser versions. Agent shared knowledge base link.
2026-08-24 06:48:05,CM-37276-B,AGENT_PAT,Billing_Support_US,324,61,18.7,34,Subscription_Renewal,66,95,No Risk,73,1,Inquiry on multi-seat volume discount tiers for next fiscal renewal period. Agent summarized discount matrix.
2026-08-24 06:54:58,CM-80836-C,AGENT_ALEX,Enterprise_Escalations,241,27,11.0,42,Account_Access,19,97,No Risk,78,1,Customer requested administrative permission transfer for organization portal. Agent processed identity verification protocol successfully.
2026-08-24 07:05:28,CM-89366-C,AGENT_PAT,Customer_Care_Global,138,31,22.7,42,General_Product_Query,31,95,No Risk,78,1,Caller asked regarding desktop client system requirements and supported browser versions. Agent shared knowledge base link.
2026-08-24 07:18:10,CM-54541-A,AGENT_PAT,Billing_Support_US,136,26,19.3,29,Subscription_Renewal,78,98,No Risk,73,1,Enterprise contact reviewed upcoming annual contract renewal terms and license tiers. Agent forwarded formal quote sheet.
2026-08-24 07:42:03,CM-53287-A,AGENT_ALEX,Billing_Support_US,263,49,18.5,11,Subscription_Renewal,27,95,No Risk,80,0,Customer confirmed continuation of annual maintenance agreement and updated purchase order authorization number.
2026-08-24 07:55:58,CM-39260-C,AGENT_AVERY,Tech_Support_US,413,42,10.1,18,Subscription_Renewal,47,94,No Risk,90,1,Inquiry on multi-seat volume discount tiers for next fiscal renewal period. Agent summarized discount matrix.
2026-08-24 07:56:56,CM-71785-A,AGENT_CASEY,Customer_Care_Global,190,16,8.6,11,Subscription_Renewal,81,100,No Risk,79,1,Customer confirmed continuation of annual maintenance agreement and updated purchase order authorization number.
2026-08-24 08:00:26,CM-54323-A,AGENT_PAT,Customer_Care_Global,322,44,13.8,13,Billing_Inquiry,79,98,No Risk,74,1,Discussion regarding prorated subscription charges following plan upgrade. Agent explained billing cycle cutoff dates clearly.
2026-08-24 08:11:15,CM-75907-A,AGENT_SAM,Customer_Care_Global,362,21,5.7,34,General_Product_Query,66,96,No Risk,75,1,Prospective customer requested feature comparison between Standard and Enterprise analytics tiers.
2026-08-24 08:12:02,CM-42154-A,AGENT_MORGAN,Customer_Care_Global,288,20,6.9,17,Order_Tracking,50,98,No Risk,78,1,Inquiry regarding shipment customs delay. Agent contacted logistics partner and provided updated tracking manifest.
2026-08-24 08:21:31,CM-37215-B,AGENT_SAM,Billing_Support_US,140,29,21.0,20,Order_Tracking,21,92,No Risk,78,1,Inquiry regarding shipment customs delay. Agent contacted logistics partner and provided updated tracking manifest.
2026-08-24 08:32:33,CM-53704-C,AGENT_SAM,Billing_Support_US,294,49,16.6,15,Billing_Inquiry,92,97,No Risk,70,0,Caller requested invoice copy and updated credit card details on enterprise billing profile. Verified billing contacts and confirmed change.
2026-08-24 08:35:56,CM-72873-C,AGENT_RILEY,Customer_Care_Global,232,32,14.0,27,General_Product_Query,59,92,No Risk,66,1,General inquiry on API rate limits and webhook notification configurations. Agent referenced technical developer documentation.
2026-08-24 09:04:11,CM-98316-C,AGENT_PAT,Customer_Care_Global,216,14,6.5,22,Billing_Inquiry,11,97,No Risk,66,1,Customer queried line-item surcharge on recent monthly statement. Agent reviewed billing schedule and credited processing variance.
2026-08-24 09:11:10,CM-63213-C,AGENT_JORDAN,Customer_Care_Global,411,65,15.8,25,Account_Access,81,98,No Risk,71,1,Caller needed email address change on primary customer account. Two-step verification completed and credentials refreshed.
2026-08-24 09:13:19,CM-60868-B,AGENT_RILEY,Tech_Support_APAC,260,61,23.6,16,Billing_Inquiry,51,95,No Risk,81,1,Discussion regarding prorated subscription charges following plan upgrade. Agent explained billing cycle cutoff dates clearly.
2026-08-24 09:29:41,CM-93307-B,AGENT_TAYLOR,Billing_Support_US,367,69,18.7,27,Account_Access,93,99,No Risk,94,0,Customer requested administrative permission transfer for organization portal. Agent processed identity verification protocol successfully.
2026-08-24 09:30:18,CM-88908-C,AGENT_JORDAN,Tech_Support_US,202,41,20.2,40,Subscription_Renewal,24,94,No Risk,91,1,Enterprise contact reviewed upcoming annual contract renewal terms and license tiers. Agent forwarded formal quote sheet.
2026-08-24 09:30:21,CM-85455-A,AGENT_TAYLOR,Billing_Support_US,211,37,17.6,13,Subscription_Renewal,31,98,No Risk,68,0,Enterprise contact reviewed upcoming annual contract renewal terms and license tiers. Agent forwarded formal quote sheet.
2026-08-24 09:43:32,CM-50306-A,AGENT_ALEX,Tech_Support_US,392,90,22.9,41,General_Product_Query,20,95,No Risk,73,0,Caller asked regarding desktop client system requirements and supported browser versions. Agent shared knowledge base link.
2026-08-24 09:49:43,CM-67146-A,AGENT_RILEY,Tech_Support_APAC,235,20,8.3,13,General_Product_Query,43,100,No Risk,70,1,Prospective customer requested feature comparison between Standard and Enterprise analytics tiers.
2026-08-24 10:15:54,CM-31319-B,AGENT_CHRIS,Tech_Support_US,245,44,18.0,14,Order_Tracking,92,94,No Risk,75,1,Inquiry regarding shipment customs delay. Agent contacted logistics partner and provided updated tracking manifest.
2026-08-24 10:30:50,CM-71089-C,AGENT_CHRIS,Billing_Support_US,125,20,16.3,34,Account_Access,34,94,No Risk,77,0,Customer requested administrative permission transfer for organization portal. Agent processed identity verification protocol successfully.
2026-08-24 10:31:14,CM-11828-B,AGENT_TAYLOR,Tech_Support_US,258,59,22.9,16,General_Product_Query,37,91,No Risk,86,1,Caller asked regarding desktop client system requirements and supported browser versions. Agent shared knowledge base link.
2026-08-24 10:32:25,CM-62855-B,AGENT_ALEX,Billing_Support_US,378,58,15.4,33,Billing_Inquiry,34,95,No Risk,93,1,Discussion regarding prorated subscription charges following plan upgrade. Agent explained billing cycle cutoff dates clearly.
2026-08-24 10:59:38,CM-81364-C,AGENT_CHRIS,Tech_Support_APAC,130,12,9.5,39,Subscription_Renewal,25,94,No Risk,68,1,Customer confirmed continuation of annual maintenance agreement and updated purchase order authorization number.
2026-08-24 11:02:33,CM-49117-A,AGENT_AVERY,Billing_Support_US,128,15,11.5,11,Subscription_Renewal,57,99,No Risk,78,1,Customer confirmed continuation of annual maintenance agreement and updated purchase order authorization number.
2026-08-24 11:06:10,CM-56109-A,AGENT_CHRIS,Billing_Support_US,394,35,8.8,10,Billing_Inquiry,21,99,No Risk,67,1,Customer queried line-item surcharge on recent monthly statement. Agent reviewed billing schedule and credited processing variance.
2026-08-24 11:10:41,CM-16673-C,AGENT_AVERY,Tech_Support_APAC,409,79,19.2,42,Subscription_Renewal,65,100,No Risk,97,1,Enterprise contact reviewed upcoming annual contract renewal terms and license tiers. Agent forwarded formal quote sheet.
2026-08-24 11:26:38,CM-80458-A,AGENT_ALEX,Customer_Care_Global,314,19,6.2,14,Billing_Inquiry,48,96,No Risk,82,1,Discussion regarding prorated subscription charges following plan upgrade. Agent explained billing cycle cutoff dates clearly.
2026-08-24 11:39:56,CM-58804-C,AGENT_TAYLOR,Enterprise_Escalations,217,47,21.6,17,General_Product_Query,18,93,No Risk,77,0,Prospective customer requested feature comparison between Standard and Enterprise analytics tiers.
2026-08-24 11:48:51,CM-42651-C,AGENT_AVERY,Billing_Support_US,339,26,7.7,39,Subscription_Renewal,55,100,No Risk,98,1,Inquiry on multi-seat volume discount tiers for next fiscal renewal period. Agent summarized discount matrix.
2026-08-24 12:11:58,CM-24201-C,AGENT_MORGAN,Billing_Support_US,332,241,72.7,75,Mobile_App_Connection_Failure,-19,78,High Risk,75,0,Customer frustrated by repeated connection drops in mobile client v2.1.0 during active workflow. Agent noted widespread app version regression and collected diagnostic logs.
2026-08-24 12:12:03,CM-94757-B,AGENT_MORGAN,Customer_Care_Global,577,205,35.6,56,Mobile_App_Connection_Failure,-48,86,No Risk,41,0,Customer states mobile application cannot establish server connection following v2.1.0 update. Agent attempted legacy cache reset without resolution. Issue logged for engineering.
2026-08-24 12:14:02,CM-41228-C,AGENT_SAM,Tech_Support_US,635,229,36.0,63,Mobile_App_Connection_Failure,-77,90,No Risk,47,0,Customer reports app sync failure and pairing timeout after installing v2.1.0. Agent unable to locate revised connectivity troubleshooting steps in internal KB; escalated to Tier 2.
2026-08-24 12:40:35,CM-26682-C,AGENT_CASEY,Enterprise_Escalations,385,74,19.1,18,Billing_Inquiry,60,93,No Risk,94,1,Customer queried line-item surcharge on recent monthly statement. Agent reviewed billing schedule and credited processing variance.
2026-08-24 12:44:16,CM-81886-B,AGENT_CASEY,Billing_Support_US,532,256,48.2,61,Mobile_App_Connection_Failure,-38,88,No Risk,44,0,Customer reports app sync failure and pairing timeout after installing v2.1.0. Agent unable to locate revised connectivity troubleshooting steps in internal KB; escalated to Tier 2.
2026-08-24 12:50:16,CM-48091-A,AGENT_TAYLOR,Billing_Support_US,131,14,10.8,28,Order_Tracking,33,95,No Risk,70,0,Inquiry regarding shipment customs delay. Agent contacted logistics partner and provided updated tracking manifest.
2026-08-24 12:50:34,CM-61219-B,AGENT_AVERY,Tech_Support_US,200,27,13.6,36,Account_Access,75,97,No Risk,80,1,Caller needed email address change on primary customer account. Two-step verification completed and credentials refreshed.
2026-08-24 12:54:01,CM-53450-B,AGENT_MORGAN,Enterprise_Escalations,368,17,4.7,43,Billing_Inquiry,12,96,No Risk,67,1,Customer queried line-item surcharge on recent monthly statement. Agent reviewed billing schedule and credited processing variance.
2026-08-24 13:00:15,CM-85148-B,AGENT_MORGAN,Billing_Support_US,609,388,63.7,72,Mobile_App_Connection_Failure,-67,77,High Risk,60,0,Customer reports app sync failure and pairing timeout after installing v2.1.0. Agent unable to locate revised connectivity troubleshooting steps in internal KB; escalated to Tier 2.
2026-08-24 13:00:35,CM-51674-C,AGENT_PAT,Tech_Support_US,147,23,15.7,28,General_Product_Query,78,99,No Risk,82,1,Caller asked regarding desktop client system requirements and supported browser versions. Agent shared knowledge base link.
2026-08-24 13:01:31,CM-49227-B,AGENT_PAT,Tech_Support_US,682,303,44.4,83,Mobile_App_Connection_Failure,-34,87,No Risk,62,0,Customer states mobile application cannot establish server connection following v2.1.0 update. Agent attempted legacy cache reset without resolution. Issue logged for engineering.
2026-08-24 13:33:21,CM-30677-A,AGENT_RILEY,Tech_Support_APAC,713,287,40.3,92,Mobile_App_Connection_Failure,-79,83,Medium Risk,65,0,Customer reports app sync failure and pairing timeout after installing v2.1.0. Agent unable to locate revised connectivity troubleshooting steps in internal KB; escalated to Tier 2.
2026-08-24 13:34:28,CM-65028-B,AGENT_CHRIS,Tech_Support_US,379,247,65.2,93,Mobile_App_Connection_Failure,-18,79,No Risk,45,1,Urgent call regarding mobile app v2.1.0 launch crash and connection loop. Agent verified account credentials but confirmed ongoing backend service patch required.
2026-08-24 13:49:11,CM-88447-C,AGENT_CASEY,Tech_Support_US,357,117,32.7,60,Mobile_App_Connection_Failure,-62,95,No Risk,65,1,Customer frustrated by repeated connection drops in mobile client v2.1.0 during active workflow. Agent noted widespread app version regression and collected diagnostic logs.
2026-08-24 13:49:57,CM-83815-B,AGENT_MORGAN,Customer_Care_Global,315,55,17.6,11,Subscription_Renewal,85,97,No Risk,79,1,Inquiry on multi-seat volume discount tiers for next fiscal renewal period. Agent summarized discount matrix.
2026-08-24 14:00:09,CM-32070-B,AGENT_MORGAN,Tech_Support_US,749,379,50.6,73,Mobile_App_Connection_Failure,-59,89,No Risk,65,0,Customer states mobile application cannot establish server connection following v2.1.0 update. Agent attempted legacy cache reset without resolution. Issue logged for engineering.
2026-08-24 14:02:29,CM-90863-C,AGENT_CHRIS,Customer_Care_Global,679,226,33.3,63,Mobile_App_Connection_Failure,-85,94,No Risk,72,0,Customer states mobile application cannot establish server connection following v2.1.0 update. Agent attempted legacy cache reset without resolution. Issue logged for engineering.
2026-08-24 14:07:53,CM-44141-C,AGENT_ALEX,Customer_Care_Global,356,137,38.6,95,Mobile_App_Connection_Failure,-88,79,High Risk,64,1,Urgent call regarding mobile app v2.1.0 launch crash and connection loop. Agent verified account credentials but confirmed ongoing backend service patch required.
2026-08-24 14:25:42,CM-46471-B,AGENT_SAM,Tech_Support_APAC,699,465,66.5,77,Mobile_App_Connection_Failure,-84,86,No Risk,76,0,Customer states mobile application cannot establish server connection following v2.1.0 update. Agent attempted legacy cache reset without resolution. Issue logged for engineering.
2026-08-24 14:34:15,CM-65586-A,AGENT_CASEY,Tech_Support_US,369,247,67.0,62,Mobile_App_Connection_Failure,-50,85,No Risk,66,0,Caller experiencing connection handshake error screen upon opening mobile app v2.1.0. Agent spent 6 minutes consulting internal incident ticket before offering workaround.
2026-08-24 14:38:45,CM-11865-C,AGENT_JORDAN,Customer_Care_Global,704,292,41.5,72,Mobile_App_Connection_Failure,-71,78,High Risk,42,1,Customer reports app sync failure and pairing timeout after installing v2.1.0. Agent unable to locate revised connectivity troubleshooting steps in internal KB; escalated to Tier 2.
2026-08-24 14:40:58,CM-93086-A,AGENT_PAT,Customer_Care_Global,352,127,36.2,83,Mobile_App_Connection_Failure,-51,82,Medium Risk,43,1,Customer states mobile application cannot establish server connection following v2.1.0 update. Agent attempted legacy cache reset without resolution. Issue logged for engineering.
2026-08-24 14:56:25,CM-35698-A,AGENT_TAYLOR,Billing_Support_US,369,46,12.4,43,Account_Access,27,97,No Risk,84,1,Customer requested administrative permission transfer for organization portal. Agent processed identity verification protocol successfully.
2026-08-24 14:57:34,CM-71972-B,AGENT_RILEY,Tech_Support_US,130,23,17.8,38,General_Product_Query,56,97,No Risk,96,1,Prospective customer requested feature comparison between Standard and Enterprise analytics tiers.
2026-08-24 15:05:47,CM-66019-A,AGENT_SAM,Enterprise_Escalations,532,305,57.4,71,Mobile_App_Connection_Failure,-68,81,Medium Risk,53,0,Customer frustrated by repeated connection drops in mobile client v2.1.0 during active workflow. Agent noted widespread app version regression and collected diagnostic logs.
2026-08-24 15:11:54,CM-47940-C,AGENT_RILEY,Tech_Support_APAC,133,28,20.7,41,Order_Tracking,48,92,No Risk,65,1,Customer inquired regarding expedited courier delivery status for hardware order. Agent tracked consignment and confirmed arrival ETA.
2026-08-24 15:13:42,CM-75916-C,AGENT_PAT,Tech_Support_US,403,27,6.8,13,General_Product_Query,42,100,No Risk,71,0,Prospective customer requested feature comparison between Standard and Enterprise analytics tiers.
2026-08-24 15:15:36,CM-95698-B,AGENT_AVERY,Enterprise_Escalations,713,373,52.3,72,Mobile_App_Connection_Failure,-49,86,No Risk,60,0,Customer reports app sync failure and pairing timeout after installing v2.1.0. Agent unable to locate revised connectivity troubleshooting steps in internal KB; escalated to Tier 2.
2026-08-24 15:17:13,CM-27065-B,AGENT_MORGAN,Enterprise_Escalations,374,261,69.9,81,Mobile_App_Connection_Failure,-66,84,No Risk,36,0,Caller experiencing connection handshake error screen upon opening mobile app v2.1.0. Agent spent 6 minutes consulting internal incident ticket before offering workaround.
2026-08-24 15:22:24,CM-13239-A,AGENT_RILEY,Tech_Support_US,629,223,35.5,73,Mobile_App_Connection_Failure,-80,84,High Risk,40,0,Caller experiencing connection handshake error screen upon opening mobile app v2.1.0. Agent spent 6 minutes consulting internal incident ticket before offering workaround.
2026-08-24 15:23:02,CM-52688-C,AGENT_CASEY,Tech_Support_US,365,51,14.1,16,General_Product_Query,45,100,No Risk,95,1,Caller asked regarding desktop client system requirements and supported browser versions. Agent shared knowledge base link.
2026-08-24 15:24:26,CM-17094-B,AGENT_CASEY,Tech_Support_APAC,325,188,58.0,87,Mobile_App_Connection_Failure,-49,82,High Risk,78,0,Customer frustrated by repeated connection drops in mobile client v2.1.0 during active workflow. Agent noted widespread app version regression and collected diagnostic logs.
2026-08-24 15:26:11,CM-15518-C,AGENT_JORDAN,Enterprise_Escalations,335,52,15.5,25,Billing_Inquiry,25,99,No Risk,90,1,Discussion regarding prorated subscription charges following plan upgrade. Agent explained billing cycle cutoff dates clearly.
2026-08-24 15:42:04,CM-65481-C,AGENT_AVERY,Customer_Care_Global,481,277,57.6,76,Mobile_App_Connection_Failure,-84,88,No Risk,73,0,Urgent call regarding mobile app v2.1.0 launch crash and connection loop. Agent verified account credentials but confirmed ongoing backend service patch required.
2026-08-24 15:54:50,CM-43725-C,AGENT_MORGAN,Tech_Support_APAC,384,39,10.1,10,General_Product_Query,84,99,No Risk,90,1,General inquiry on API rate limits and webhook notification configurations. Agent referenced technical developer documentation.
2026-08-24 16:08:40,CM-56217-B,AGENT_RILEY,Billing_Support_US,581,446,76.8,63,Mobile_App_Connection_Failure,-48,82,No Risk,66,0,Urgent call regarding mobile app v2.1.0 launch crash and connection loop. Agent verified account credentials but confirmed ongoing backend service patch required.
2026-08-24 16:12:33,CM-23582-C,AGENT_SAM,Enterprise_Escalations,379,136,35.8,83,Mobile_App_Connection_Failure,-62,87,No Risk,77,0,Caller experiencing connection handshake error screen upon opening mobile app v2.1.0. Agent spent 6 minutes consulting internal incident ticket before offering workaround.
2026-08-24 16:38:07,CM-68479-A,AGENT_MORGAN,Tech_Support_APAC,314,57,18.2,19,Subscription_Renewal,66,96,No Risk,66,1,Inquiry on multi-seat volume discount tiers for next fiscal renewal period. Agent summarized discount matrix.
2026-08-24 16:39:14,CM-68939-C,AGENT_MORGAN,Billing_Support_US,750,359,47.9,85,Mobile_App_Connection_Failure,-32,84,No Risk,58,0,Customer reports app sync failure and pairing timeout after installing v2.1.0. Agent unable to locate revised connectivity troubleshooting steps in internal KB; escalated to Tier 2.
2026-08-24 17:02:21,CM-72447-B,AGENT_AVERY,Enterprise_Escalations,518,346,66.8,94,Mobile_App_Connection_Failure,-43,82,No Risk,40,0,Customer states mobile application cannot establish server connection following v2.1.0 update. Agent attempted legacy cache reset without resolution. Issue logged for engineering.
2026-08-24 17:08:10,CM-56504-A,AGENT_TAYLOR,Tech_Support_US,480,332,69.1,92,Mobile_App_Connection_Failure,-45,81,No Risk,71,1,Urgent call regarding mobile app v2.1.0 launch crash and connection loop. Agent verified account credentials but confirmed ongoing backend service patch required.
2026-08-24 17:36:50,CM-73837-A,AGENT_SAM,Enterprise_Escalations,489,170,34.7,95,Mobile_App_Connection_Failure,-83,83,Medium Risk,63,0,Caller experiencing connection handshake error screen upon opening mobile app v2.1.0. Agent spent 6 minutes consulting internal incident ticket before offering workaround.
2026-08-24 17:41:00,CM-52260-C,AGENT_JORDAN,Billing_Support_US,641,404,63.1,86,Mobile_App_Connection_Failure,-47,77,High Risk,56,1,Customer reports app sync failure and pairing timeout after installing v2.1.0. Agent unable to locate revised connectivity troubleshooting steps in internal KB; escalated to Tier 2.
2026-08-24 17:42:13,CM-64638-C,AGENT_CHRIS,Billing_Support_US,222,36,16.4,15,Account_Access,46,95,No Risk,75,1,Caller needed email address change on primary customer account. Two-step verification completed and credentials refreshed.
2026-08-24 17:48:31,CM-86865-C,AGENT_JORDAN,Customer_Care_Global,148,8,5.2,37,Account_Access,21,100,No Risk,84,1,Caller needed email address change on primary customer account. Two-step verification completed and credentials refreshed.
2026-08-24 17:53:05,CM-81529-B,AGENT_TAYLOR,Customer_Care_Global,141,33,23.1,45,Order_Tracking,11,94,No Risk,65,1,Customer confirmed receipt of initial shipment and verified serial numbers against enterprise invoice order.
2026-08-24 17:56:31,CM-60570-C,AGENT_JORDAN,Billing_Support_US,499,257,51.5,73,Mobile_App_Connection_Failure,-87,79,Medium Risk,35,0,Urgent call regarding mobile app v2.1.0 launch crash and connection loop. Agent verified account credentials but confirmed ongoing backend service patch required.
2026-08-24 17:58:59,CM-85319-A,AGENT_CASEY,Billing_Support_US,652,330,50.6,89,Mobile_App_Connection_Failure,-82,88,No Risk,65,0,Customer states mobile application cannot establish server connection following v2.1.0 update. Agent attempted legacy cache reset without resolution. Issue logged for engineering.
2026-08-24 18:08:13,CM-35507-B,AGENT_JORDAN,Enterprise_Escalations,288,68,23.6,14,Account_Access,64,96,No Risk,84,1,User locked out after multi-factor authentication reset. Agent verified security answers and issued one-time password bypass token.
2026-08-24 18:09:57,CM-26901-C,AGENT_JORDAN,Customer_Care_Global,516,318,61.6,63,Mobile_App_Connection_Failure,-48,81,No Risk,67,0,Caller experiencing connection handshake error screen upon opening mobile app v2.1.0. Agent spent 6 minutes consulting internal incident ticket before offering workaround.
2026-08-24 18:10:54,CM-92223-B,AGENT_CASEY,Tech_Support_US,198,12,5.9,37,Account_Access,13,99,No Risk,66,1,Caller needed email address change on primary customer account. Two-step verification completed and credentials refreshed.
2026-08-24 18:14:44,CM-30750-B,AGENT_CASEY,Customer_Care_Global,381,207,54.4,82,Mobile_App_Connection_Failure,-27,81,Medium Risk,66,1,Customer states mobile application cannot establish server connection following v2.1.0 update. Agent attempted legacy cache reset without resolution. Issue logged for engineering.
2026-08-24 18:18:04,CM-19356-C,AGENT_RILEY,Tech_Support_US,665,470,70.7,55,Mobile_App_Connection_Failure,-42,84,No Risk,50,1,Customer frustrated by repeated connection drops in mobile client v2.1.0 during active workflow. Agent noted widespread app version regression and collected diagnostic logs.
2026-08-24 18:25:11,CM-28524-B,AGENT_JORDAN,Enterprise_Escalations,402,89,22.1,36,Order_Tracking,89,93,No Risk,75,1,Customer confirmed receipt of initial shipment and verified serial numbers against enterprise invoice order.
2026-08-24 18:59:19,CM-44562-C,AGENT_RILEY,Billing_Support_US,354,66,18.6,20,Subscription_Renewal,63,95,No Risk,73,1,Inquiry on multi-seat volume discount tiers for next fiscal renewal period. Agent summarized discount matrix.
2026-08-24 19:01:29,CM-36493-A,AGENT_CASEY,Billing_Support_US,417,233,55.8,85,Mobile_App_Connection_Failure,-86,77,Medium Risk,37,0,Customer frustrated by repeated connection drops in mobile client v2.1.0 during active workflow. Agent noted widespread app version regression and collected diagnostic logs.
2026-08-24 19:13:32,CM-86810-A,AGENT_CHRIS,Customer_Care_Global,389,299,76.9,95,Mobile_App_Connection_Failure,-35,80,Medium Risk,80,0,Urgent call regarding mobile app v2.1.0 launch crash and connection loop. Agent verified account credentials but confirmed ongoing backend service patch required.
2026-08-24 19:15:13,CM-53544-C,AGENT_PAT,Customer_Care_Global,655,339,51.8,74,Mobile_App_Connection_Failure,-73,80,Medium Risk,47,0,Customer frustrated by repeated connection drops in mobile client v2.1.0 during active workflow. Agent noted widespread app version regression and collected diagnostic logs.
2026-08-24 19:17:15,CM-10996-B,AGENT_MORGAN,Enterprise_Escalations,302,219,72.5,74,Mobile_App_Connection_Failure,-57,74,Medium Risk,61,0,Customer states mobile application cannot establish server connection following v2.1.0 update. Agent attempted legacy cache reset without resolution. Issue logged for engineering.
2026-08-24 19:24:21,CM-42588-A,AGENT_JORDAN,Enterprise_Escalations,534,349,65.4,82,Mobile_App_Connection_Failure,-27,79,Medium Risk,79,0,Urgent call regarding mobile app v2.1.0 launch crash and connection loop. Agent verified account credentials but confirmed ongoing backend service patch required.
2026-08-24 19:28:32,CM-75799-B,AGENT_MORGAN,Billing_Support_US,194,16,8.5,16,Order_Tracking,50,95,No Risk,73,1,Customer inquired regarding expedited courier delivery status for hardware order. Agent tracked consignment and confirmed arrival ETA.
2026-08-24 19:39:39,CM-10025-C,AGENT_ALEX,Customer_Care_Global,409,228,55.8,55,Mobile_App_Connection_Failure,-52,87,No Risk,55,1,Customer states mobile application cannot establish server connection following v2.1.0 update. Agent attempted legacy cache reset without resolution. Issue logged for engineering.
2026-08-24 19:44:10,CM-40423-B,AGENT_CHRIS,Billing_Support_US,386,238,61.6,64,Mobile_App_Connection_Failure,-48,84,No Risk,48,0,Customer frustrated by repeated connection drops in mobile client v2.1.0 during active workflow. Agent noted widespread app version regression and collected diagnostic logs.
2026-08-24 19:55:03,CM-91064-C,AGENT_JORDAN,Tech_Support_US,572,370,64.7,71,Mobile_App_Connection_Failure,-39,80,No Risk,57,1,Customer frustrated by repeated connection drops in mobile client v2.1.0 during active workflow. Agent noted widespread app version regression and collected diagnostic logs.
2026-08-24 19:59:19,CM-99435-C,AGENT_JORDAN,Billing_Support_US,283,50,17.7,35,Order_Tracking,22,95,No Risk,73,1,Customer confirmed receipt of initial shipment and verified serial numbers against enterprise invoice order.
2026-08-24 19:59:44,CM-51830-B,AGENT_RILEY,Enterprise_Escalations,399,46,11.5,33,Order_Tracking,60,99,No Risk,76,1,Customer confirmed receipt of initial shipment and verified serial numbers against enterprise invoice order.
2026-08-24 20:31:57,CM-91143-C,AGENT_SAM,Tech_Support_US,424,262,61.7,81,Mobile_App_Connection_Failure,-51,79,Medium Risk,61,0,Customer reports app sync failure and pairing timeout after installing v2.1.0. Agent unable to locate revised connectivity troubleshooting steps in internal KB; escalated to Tier 2.
2026-08-24 20:45:20,CM-89589-B,AGENT_MORGAN,Tech_Support_US,668,389,58.3,55,Mobile_App_Connection_Failure,-15,84,No Risk,68,0,Caller experiencing connection handshake error screen upon opening mobile app v2.1.0. Agent spent 6 minutes consulting internal incident ticket before offering workaround.
2026-08-24 20:45:45,CM-48862-B,AGENT_CASEY,Billing_Support_US,279,29,10.4,10,Subscription_Renewal,48,98,No Risk,78,1,Inquiry on multi-seat volume discount tiers for next fiscal renewal period. Agent summarized discount matrix.
2026-08-24 20:50:39,CM-49344-A,AGENT_MORGAN,Enterprise_Escalations,383,198,51.6,91,Mobile_App_Connection_Failure,-56,86,Medium Risk,67,0,Customer reports app sync failure and pairing timeout after installing v2.1.0. Agent unable to locate revised connectivity troubleshooting steps in internal KB; escalated to Tier 2.
2026-08-24 21:13:29,CM-37834-A,AGENT_MORGAN,Enterprise_Escalations,534,361,67.6,69,Mobile_App_Connection_Failure,-82,84,No Risk,59,0,Caller experiencing connection handshake error screen upon opening mobile app v2.1.0. Agent spent 6 minutes consulting internal incident ticket before offering workaround.
2026-08-24 21:16:50,CM-72503-C,AGENT_TAYLOR,Customer_Care_Global,676,376,55.6,63,Mobile_App_Connection_Failure,-71,88,No Risk,52,0,Customer states mobile application cannot establish server connection following v2.1.0 update. Agent attempted legacy cache reset without resolution. Issue logged for engineering.
2026-08-24 21:29:46,CM-12506-A,AGENT_MORGAN,Tech_Support_US,633,209,33.0,65,Mobile_App_Connection_Failure,-26,92,No Risk,37,0,Customer frustrated by repeated connection drops in mobile client v2.1.0 during active workflow. Agent noted widespread app version regression and collected diagnostic logs.
2026-08-24 21:34:22,CM-91960-B,AGENT_SAM,Enterprise_Escalations,746,507,68.0,56,Mobile_App_Connection_Failure,-48,78,No Risk,44,0,Customer frustrated by repeated connection drops in mobile client v2.1.0 during active workflow. Agent noted widespread app version regression and collected diagnostic logs.
2026-08-24 21:36:27,CM-18856-A,AGENT_ALEX,Tech_Support_US,695,435,62.6,85,Mobile_App_Connection_Failure,-27,82,Medium Risk,50,1,Customer states mobile application cannot establish server connection following v2.1.0 update. Agent attempted legacy cache reset without resolution. Issue logged for engineering.
2026-08-24 21:41:49,CM-17249-B,AGENT_CHRIS,Tech_Support_US,311,14,4.4,23,Order_Tracking,35,97,No Risk,66,1,Inquiry regarding shipment customs delay. Agent contacted logistics partner and provided updated tracking manifest.
2026-08-24 21:50:11,CM-61368-B,AGENT_JORDAN,Tech_Support_US,267,37,13.9,23,Order_Tracking,31,93,No Risk,65,1,Customer inquired regarding expedited courier delivery status for hardware order. Agent tracked consignment and confirmed arrival ETA.
2026-08-24 22:15:56,CM-60012-B,AGENT_CASEY,Tech_Support_US,333,23,6.8,34,Subscription_Renewal,81,100,No Risk,74,1,Customer confirmed continuation of annual maintenance agreement and updated purchase order authorization number.
2026-08-24 22:19:02,CM-57619-C,AGENT_TAYLOR,Tech_Support_APAC,698,418,59.9,57,Mobile_App_Connection_Failure,-34,85,No Risk,76,0,Caller experiencing connection handshake error screen upon opening mobile app v2.1.0. Agent spent 6 minutes consulting internal incident ticket before offering workaround.
2026-08-24 22:20:24,CM-14440-B,AGENT_JORDAN,Billing_Support_US,657,335,51.0,82,Mobile_App_Connection_Failure,-48,82,No Risk,51,1,Urgent call regarding mobile app v2.1.0 launch crash and connection loop. Agent verified account credentials but confirmed ongoing backend service patch required.
2026-08-24 22:22:23,CM-38963-A,AGENT_RILEY,Enterprise_Escalations,643,257,40.0,72,Mobile_App_Connection_Failure,-62,89,No Risk,54,0,Customer frustrated by repeated connection drops in mobile client v2.1.0 during active workflow. Agent noted widespread app version regression and collected diagnostic logs.
2026-08-24 22:30:40,CM-45918-A,AGENT_CASEY,Billing_Support_US,515,287,55.8,69,Mobile_App_Connection_Failure,-85,85,No Risk,69,0,Customer frustrated by repeated connection drops in mobile client v2.1.0 during active workflow. Agent noted widespread app version regression and collected diagnostic logs.
2026-08-24 22:33:53,CM-34957-A,AGENT_JORDAN,Billing_Support_US,473,241,50.9,61,Mobile_App_Connection_Failure,-84,83,No Risk,41,0,Customer reports app sync failure and pairing timeout after installing v2.1.0. Agent unable to locate revised connectivity troubleshooting steps in internal KB; escalated to Tier 2.
2026-08-24 22:36:17,CM-82423-C,AGENT_CASEY,Tech_Support_APAC,512,207,40.5,56,Mobile_App_Connection_Failure,-87,84,No Risk,42,0,Urgent call regarding mobile app v2.1.0 launch crash and connection loop. Agent verified account credentials but confirmed ongoing backend service patch required.
2026-08-24 22:37:10,CM-15616-B,AGENT_ALEX,Customer_Care_Global,655,491,75.0,82,Mobile_App_Connection_Failure,-36,74,High Risk,41,0,Customer states mobile application cannot establish server connection following v2.1.0 update. Agent attempted legacy cache reset without resolution. Issue logged for engineering.
2026-08-24 22:47:16,CM-57229-B,AGENT_JORDAN,Enterprise_Escalations,741,284,38.3,84,Mobile_App_Connection_Failure,-45,90,Medium Risk,78,1,Customer reports app sync failure and pairing timeout after installing v2.1.0. Agent unable to locate revised connectivity troubleshooting steps in internal KB; escalated to Tier 2.
2026-08-24 22:57:11,CM-52753-B,AGENT_SAM,Enterprise_Escalations,726,372,51.3,66,Mobile_App_Connection_Failure,-42,83,No Risk,35,0,Caller experiencing connection handshake error screen upon opening mobile app v2.1.0. Agent spent 6 minutes consulting internal incident ticket before offering workaround.
2026-08-24 23:11:28,CM-24019-B,AGENT_AVERY,Tech_Support_US,397,297,74.8,68,Mobile_App_Connection_Failure,-40,80,No Risk,80,1,Caller experiencing connection handshake error screen upon opening mobile app v2.1.0. Agent spent 6 minutes consulting internal incident ticket before offering workaround.
2026-08-24 23:18:46,CM-60755-A,AGENT_PAT,Customer_Care_Global,384,292,76.1,72,Mobile_App_Connection_Failure,-34,75,High Risk,80,0,Customer states mobile application cannot establish server connection following v2.1.0 update. Agent attempted legacy cache reset without resolution. Issue logged for engineering.
2026-08-24 23:19:40,CM-30746-C,AGENT_CASEY,Billing_Support_US,347,62,17.8,17,Order_Tracking,41,92,No Risk,71,1,Customer inquired regarding expedited courier delivery status for hardware order. Agent tracked consignment and confirmed arrival ETA.
2026-08-24 23:44:37,CM-40554-C,AGENT_AVERY,Tech_Support_APAC,633,338,53.4,94,Mobile_App_Connection_Failure,-36,79,High Risk,78,0,Customer states mobile application cannot establish server connection following v2.1.0 update. Agent attempted legacy cache reset without resolution. Issue logged for engineering.
2026-08-24 23:46:05,CM-46672-B,AGENT_CASEY,Enterprise_Escalations,404,57,14.1,24,General_Product_Query,12,95,No Risk,97,1,Prospective customer requested feature comparison between Standard and Enterprise analytics tiers.
2026-08-25 00:00:05,CM-82179-B,AGENT_ALEX,Tech_Support_APAC,710,272,38.3,88,Mobile_App_Connection_Failure,-65,94,No Risk,69,0,Customer states mobile application cannot establish server connection following v2.1.0 update. Agent attempted legacy cache reset without resolution. Issue logged for engineering.
2026-08-25 00:15:49,CM-96053-B,AGENT_TAYLOR,Tech_Support_US,245,23,9.3,14,Account_Access,52,96,No Risk,81,1,Customer requested administrative permission transfer for organization portal. Agent processed identity verification protocol successfully.
2026-08-25 00:28:52,CM-59431-B,AGENT_MORGAN,Billing_Support_US,653,212,32.5,57,Mobile_App_Connection_Failure,-40,91,No Risk,49,0,Customer states mobile application cannot establish server connection following v2.1.0 update. Agent attempted legacy cache reset without resolution. Issue logged for engineering.
2026-08-25 00:43:23,CM-16094-C,AGENT_AVERY,Tech_Support_APAC,391,51,13.1,42,Subscription_Renewal,85,99,No Risk,68,1,Inquiry on multi-seat volume discount tiers for next fiscal renewal period. Agent summarized discount matrix.
2026-08-25 00:50:47,CM-94940-B,AGENT_ALEX,Tech_Support_US,247,27,10.9,44,Order_Tracking,36,100,No Risk,79,0,Customer confirmed receipt of initial shipment and verified serial numbers against enterprise invoice order.
2026-08-25 00:51:34,CM-82093-A,AGENT_ALEX,Tech_Support_US,341,142,41.6,86,Mobile_App_Connection_Failure,-16,90,No Risk,72,0,Caller experiencing connection handshake error screen upon opening mobile app v2.1.0. Agent spent 6 minutes consulting internal incident ticket before offering workaround.
2026-08-25 00:59:17,CM-12641-A,AGENT_CASEY,Enterprise_Escalations,285,53,18.7,22,Billing_Inquiry,60,98,No Risk,92,0,Discussion regarding prorated subscription charges following plan upgrade. Agent explained billing cycle cutoff dates clearly.
2026-08-25 01:05:45,CM-10863-A,AGENT_RILEY,Customer_Care_Global,484,193,39.9,78,Mobile_App_Connection_Failure,-56,79,High Risk,75,1,Customer reports app sync failure and pairing timeout after installing v2.1.0. Agent unable to locate revised connectivity troubleshooting steps in internal KB; escalated to Tier 2.
2026-08-25 01:06:38,CM-22218-B,AGENT_CHRIS,Tech_Support_US,403,155,38.5,93,Mobile_App_Connection_Failure,-25,81,Medium Risk,46,1,Customer frustrated by repeated connection drops in mobile client v2.1.0 during active workflow. Agent noted widespread app version regression and collected diagnostic logs.
2026-08-25 01:09:18,CM-58374-C,AGENT_ALEX,Enterprise_Escalations,565,192,33.9,74,Mobile_App_Connection_Failure,-81,91,No Risk,41,1,Customer states mobile application cannot establish server connection following v2.1.0 update. Agent attempted legacy cache reset without resolution. Issue logged for engineering.
2026-08-25 01:09:35,CM-19357-C,AGENT_PAT,Customer_Care_Global,491,231,47.0,76,Mobile_App_Connection_Failure,-44,85,Medium Risk,65,1,Caller experiencing connection handshake error screen upon opening mobile app v2.1.0. Agent spent 6 minutes consulting internal incident ticket before offering workaround.
2026-08-25 01:09:51,CM-74713-B,AGENT_MORGAN,Tech_Support_US,389,303,78.0,71,Mobile_App_Connection_Failure,-45,80,Medium Risk,67,0,Customer states mobile application cannot establish server connection following v2.1.0 update. Agent attempted legacy cache reset without resolution. Issue logged for engineering.
2026-08-25 01:13:10,CM-89471-C,AGENT_AVERY,Tech_Support_US,276,36,13.0,29,Subscription_Renewal,66,99,No Risk,68,0,Inquiry on multi-seat volume discount tiers for next fiscal renewal period. Agent summarized discount matrix.
2026-08-25 01:23:37,CM-89295-C,AGENT_JORDAN,Tech_Support_US,720,533,74.0,86,Mobile_App_Connection_Failure,-38,74,High Risk,38,1,Urgent call regarding mobile app v2.1.0 launch crash and connection loop. Agent verified account credentials but confirmed ongoing backend service patch required.
2026-08-25 01:35:57,CM-98374-C,AGENT_CASEY,Customer_Care_Global,148,30,20.2,16,Subscription_Renewal,76,97,No Risk,77,1,Customer confirmed continuation of annual maintenance agreement and updated purchase order authorization number.
2026-08-25 01:46:22,CM-42370-B,AGENT_ALEX,Tech_Support_US,610,210,34.4,68,Mobile_App_Connection_Failure,-49,86,No Risk,41,0,Customer frustrated by repeated connection drops in mobile client v2.1.0 during active workflow. Agent noted widespread app version regression and collected diagnostic logs.
2026-08-25 01:48:13,CM-88544-B,AGENT_CHRIS,Customer_Care_Global,415,260,62.6,87,Mobile_App_Connection_Failure,-50,78,High Risk,60,0,Customer frustrated by repeated connection drops in mobile client v2.1.0 during active workflow. Agent noted widespread app version regression and collected diagnostic logs.
2026-08-25 01:49:15,CM-88174-A,AGENT_AVERY,Billing_Support_US,371,202,54.4,66,Mobile_App_Connection_Failure,-22,87,No Risk,46,0,Caller experiencing connection handshake error screen upon opening mobile app v2.1.0. Agent spent 6 minutes consulting internal incident ticket before offering workaround.
2026-08-25 01:49:47,CM-63778-A,AGENT_ALEX,Enterprise_Escalations,466,280,60.0,60,Mobile_App_Connection_Failure,-26,83,No Risk,74,1,Customer reports app sync failure and pairing timeout after installing v2.1.0. Agent unable to locate revised connectivity troubleshooting steps in internal KB; escalated to Tier 2.
2026-08-25 01:54:57,CM-63031-B,AGENT_ALEX,Enterprise_Escalations,363,74,20.3,24,General_Product_Query,53,94,No Risk,87,1,Prospective customer requested feature comparison between Standard and Enterprise analytics tiers.
2026-08-25 02:03:42,CM-36050-C,AGENT_CHRIS,Tech_Support_US,232,20,8.6,36,Order_Tracking,40,97,No Risk,69,1,Inquiry regarding shipment customs delay. Agent contacted logistics partner and provided updated tracking manifest.
2026-08-25 02:16:48,CM-74491-A,AGENT_TAYLOR,Customer_Care_Global,534,397,74.4,81,Mobile_App_Connection_Failure,-24,69,High Risk,40,1,Urgent call regarding mobile app v2.1.0 launch crash and connection loop. Agent verified account credentials but confirmed ongoing backend service patch required.
2026-08-25 02:22:32,CM-61049-C,AGENT_ALEX,Enterprise_Escalations,727,235,32.3,74,Mobile_App_Connection_Failure,-45,89,Medium Risk,61,1,Urgent call regarding mobile app v2.1.0 launch crash and connection loop. Agent verified account credentials but confirmed ongoing backend service patch required.
2026-08-25 02:26:15,CM-24224-A,AGENT_TAYLOR,Tech_Support_US,566,289,51.1,69,Mobile_App_Connection_Failure,-35,91,No Risk,80,0,Urgent call regarding mobile app v2.1.0 launch crash and connection loop. Agent verified account credentials but confirmed ongoing backend service patch required.
2026-08-25 02:35:14,CM-88920-C,AGENT_CASEY,Customer_Care_Global,369,123,33.3,66,Mobile_App_Connection_Failure,-84,86,No Risk,35,1,Customer frustrated by repeated connection drops in mobile client v2.1.0 during active workflow. Agent noted widespread app version regression and collected diagnostic logs.
2026-08-25 02:39:17,CM-49289-B,AGENT_JORDAN,Customer_Care_Global,354,153,43.3,93,Mobile_App_Connection_Failure,-27,75,High Risk,43,0,Caller experiencing connection handshake error screen upon opening mobile app v2.1.0. Agent spent 6 minutes consulting internal incident ticket before offering workaround.
2026-08-25 02:55:14,CM-19746-C,AGENT_SAM,Customer_Care_Global,646,475,73.6,84,Mobile_App_Connection_Failure,-39,82,No Risk,62,1,Customer reports app sync failure and pairing timeout after installing v2.1.0. Agent unable to locate revised connectivity troubleshooting steps in internal KB; escalated to Tier 2.
2026-08-25 03:02:37,CM-98853-B,AGENT_CHRIS,Billing_Support_US,658,370,56.3,73,Mobile_App_Connection_Failure,-54,75,High Risk,70,1,Customer frustrated by repeated connection drops in mobile client v2.1.0 during active workflow. Agent noted widespread app version regression and collected diagnostic logs.
2026-08-25 03:11:21,CM-16743-B,AGENT_AVERY,Customer_Care_Global,355,208,58.6,64,Mobile_App_Connection_Failure,-63,84,No Risk,57,0,Urgent call regarding mobile app v2.1.0 launch crash and connection loop. Agent verified account credentials but confirmed ongoing backend service patch required.
2026-08-25 03:14:41,CM-59412-A,AGENT_RILEY,Enterprise_Escalations,484,244,50.4,81,Mobile_App_Connection_Failure,-26,81,High Risk,79,0,Urgent call regarding mobile app v2.1.0 launch crash and connection loop. Agent verified account credentials but confirmed ongoing backend service patch required.
2026-08-25 03:17:04,CM-32010-A,AGENT_ALEX,Tech_Support_US,698,248,35.5,72,Mobile_App_Connection_Failure,-78,92,No Risk,64,0,Urgent call regarding mobile app v2.1.0 launch crash and connection loop. Agent verified account credentials but confirmed ongoing backend service patch required.
2026-08-25 03:22:16,CM-84012-B,AGENT_AVERY,Customer_Care_Global,309,59,19.1,45,Subscription_Renewal,62,100,No Risk,95,1,Customer confirmed continuation of annual maintenance agreement and updated purchase order authorization number.
2026-08-25 03:23:18,CM-99116-B,AGENT_CASEY,Customer_Care_Global,167,17,10.1,37,General_Product_Query,39,100,No Risk,98,1,General inquiry on API rate limits and webhook notification configurations. Agent referenced technical developer documentation.
2026-08-25 03:25:36,CM-82764-B,AGENT_ALEX,Tech_Support_APAC,259,25,9.8,10,General_Product_Query,31,96,No Risk,81,0,Prospective customer requested feature comparison between Standard and Enterprise analytics tiers.
2026-08-25 03:28:56,CM-37594-B,AGENT_CHRIS,Customer_Care_Global,171,22,13.0,18,Order_Tracking,83,93,Medium Risk,82,1,Customer inquired regarding expedited courier delivery status for hardware order. Agent tracked consignment and confirmed arrival ETA.
2026-08-25 03:51:41,CM-29689-C,AGENT_SAM,Enterprise_Escalations,159,34,21.5,41,Order_Tracking,44,96,No Risk,65,0,Customer inquired regarding expedited courier delivery status for hardware order. Agent tracked consignment and confirmed arrival ETA.
2026-08-25 03:59:30,CM-64008-A,AGENT_JORDAN,Tech_Support_APAC,569,216,38.0,83,Mobile_App_Connection_Failure,-63,90,No Risk,60,0,Urgent call regarding mobile app v2.1.0 launch crash and connection loop. Agent verified account credentials but confirmed ongoing backend service patch required.
2026-08-25 03:59:43,CM-91690-A,AGENT_RILEY,Enterprise_Escalations,609,424,69.7,77,Mobile_App_Connection_Failure,-41,80,No Risk,35,0,Urgent call regarding mobile app v2.1.0 launch crash and connection loop. Agent verified account credentials but confirmed ongoing backend service patch required.
2026-08-25 04:04:04,CM-22878-C,AGENT_TAYLOR,Tech_Support_US,324,50,15.4,26,Order_Tracking,25,96,No Risk,74,1,Customer inquired regarding expedited courier delivery status for hardware order. Agent tracked consignment and confirmed arrival ETA.
2026-08-25 04:06:55,CM-31842-C,AGENT_RILEY,Customer_Care_Global,705,461,65.4,94,Mobile_App_Connection_Failure,-45,79,Medium Risk,38,0,Customer states mobile application cannot establish server connection following v2.1.0 update. Agent attempted legacy cache reset without resolution. Issue logged for engineering.
2026-08-25 04:08:35,CM-54216-C,AGENT_PAT,Customer_Care_Global,706,448,63.5,63,Mobile_App_Connection_Failure,-21,84,No Risk,48,1,Customer states mobile application cannot establish server connection following v2.1.0 update. Agent attempted legacy cache reset without resolution. Issue logged for engineering.
2026-08-25 04:13:54,CM-12355-A,AGENT_MORGAN,Tech_Support_APAC,746,308,41.3,80,Mobile_App_Connection_Failure,-41,76,High Risk,36,0,Customer frustrated by repeated connection drops in mobile client v2.1.0 during active workflow. Agent noted widespread app version regression and collected diagnostic logs.
2026-08-25 04:23:40,CM-23644-A,AGENT_TAYLOR,Enterprise_Escalations,480,228,47.5,89,Mobile_App_Connection_Failure,-70,83,High Risk,55,0,Urgent call regarding mobile app v2.1.0 launch crash and connection loop. Agent verified account credentials but confirmed ongoing backend service patch required.
2026-08-25 04:24:43,CM-60512-A,AGENT_CHRIS,Customer_Care_Global,356,258,72.4,62,Mobile_App_Connection_Failure,-41,85,No Risk,49,0,Customer states mobile application cannot establish server connection following v2.1.0 update. Agent attempted legacy cache reset without resolution. Issue logged for engineering.
2026-08-25 04:34:43,CM-92327-B,AGENT_AVERY,Tech_Support_APAC,689,343,49.8,63,Mobile_App_Connection_Failure,-75,88,No Risk,38,0,Customer states mobile application cannot establish server connection following v2.1.0 update. Agent attempted legacy cache reset without resolution. Issue logged for engineering.
2026-08-25 04:59:06,CM-26891-C,AGENT_PAT,Tech_Support_US,710,331,46.6,82,Mobile_App_Connection_Failure,-70,83,No Risk,43,0,Urgent call regarding mobile app v2.1.0 launch crash and connection loop. Agent verified account credentials but confirmed ongoing backend service patch required.
2026-08-25 05:10:31,CM-24617-C,AGENT_RILEY,Tech_Support_US,607,371,61.2,55,Mobile_App_Connection_Failure,-32,85,No Risk,52,1,Customer frustrated by repeated connection drops in mobile client v2.1.0 during active workflow. Agent noted widespread app version regression and collected diagnostic logs.
2026-08-25 05:12:50,CM-86019-C,AGENT_CHRIS,Billing_Support_US,343,216,63.1,85,Mobile_App_Connection_Failure,-25,77,High Risk,53,0,Urgent call regarding mobile app v2.1.0 launch crash and connection loop. Agent verified account credentials but confirmed ongoing backend service patch required.
2026-08-25 05:16:17,CM-47083-B,AGENT_AVERY,Customer_Care_Global,691,359,52.0,75,Mobile_App_Connection_Failure,-69,80,High Risk,44,1,Urgent call regarding mobile app v2.1.0 launch crash and connection loop. Agent verified account credentials but confirmed ongoing backend service patch required.
2026-08-25 05:20:26,CM-56170-C,AGENT_ALEX,Tech_Support_APAC,587,282,48.1,87,Mobile_App_Connection_Failure,-54,80,High Risk,44,1,Customer states mobile application cannot establish server connection following v2.1.0 update. Agent attempted legacy cache reset without resolution. Issue logged for engineering.
2026-08-25 05:28:50,CM-74493-A,AGENT_JORDAN,Enterprise_Escalations,636,249,39.1,86,Mobile_App_Connection_Failure,-75,88,No Risk,51,0,Customer reports app sync failure and pairing timeout after installing v2.1.0. Agent unable to locate revised connectivity troubleshooting steps in internal KB; escalated to Tier 2.
2026-08-25 05:30:32,CM-15244-C,AGENT_PAT,Tech_Support_US,307,185,60.1,64,Mobile_App_Connection_Failure,-81,84,No Risk,44,0,Caller experiencing connection handshake error screen upon opening mobile app v2.1.0. Agent spent 6 minutes consulting internal incident ticket before offering workaround.
2026-08-25 05:31:23,CM-32365-A,AGENT_CHRIS,Tech_Support_US,215,29,13.7,17,Account_Access,74,98,No Risk,77,1,User locked out after multi-factor authentication reset. Agent verified security answers and issued one-time password bypass token.
2026-08-25 05:50:14,CM-52247-C,AGENT_SAM,Tech_Support_APAC,644,491,76.2,92,Mobile_App_Connection_Failure,-17,77,No Risk,52,1,Urgent call regarding mobile app v2.1.0 launch crash and connection loop. Agent verified account credentials but confirmed ongoing backend service patch required.
2026-08-25 05:58:05,CM-65269-A,AGENT_JORDAN,Customer_Care_Global,248,55,22.1,42,Order_Tracking,91,91,No Risk,87,1,Customer inquired regarding expedited courier delivery status for hardware order. Agent tracked consignment and confirmed arrival ETA.
2026-08-25 06:23:00,CM-58318-A,AGENT_RILEY,Tech_Support_APAC,392,208,53.1,67,Mobile_App_Connection_Failure,-68,84,No Risk,76,1,Caller experiencing connection handshake error screen upon opening mobile app v2.1.0. Agent spent 6 minutes consulting internal incident ticket before offering workaround.
2026-08-25 06:46:19,CM-94746-A,AGENT_TAYLOR,Tech_Support_APAC,428,202,47.3,59,Mobile_App_Connection_Failure,-79,89,No Risk,70,0,Customer states mobile application cannot establish server connection following v2.1.0 update. Agent attempted legacy cache reset without resolution. Issue logged for engineering.
2026-08-25 06:48:11,CM-83261-C,AGENT_RILEY,Tech_Support_US,203,20,9.7,33,Billing_Inquiry,21,100,No Risk,88,1,Discussion regarding prorated subscription charges following plan upgrade. Agent explained billing cycle cutoff dates clearly.
2026-08-25 06:57:47,CM-46505-A,AGENT_MORGAN,Billing_Support_US,700,391,55.9,60,Mobile_App_Connection_Failure,-61,85,No Risk,46,0,Caller experiencing connection handshake error screen upon opening mobile app v2.1.0. Agent spent 6 minutes consulting internal incident ticket before offering workaround.
2026-08-25 07:34:19,CM-34833-A,AGENT_ALEX,Tech_Support_US,576,448,77.8,86,Mobile_App_Connection_Failure,-60,78,Medium Risk,76,0,Caller experiencing connection handshake error screen upon opening mobile app v2.1.0. Agent spent 6 minutes consulting internal incident ticket before offering workaround.
2026-08-25 08:09:22,CM-16975-A,AGENT_TAYLOR,Tech_Support_APAC,553,186,33.6,65,Mobile_App_Connection_Failure,-57,87,No Risk,37,0,Customer frustrated by repeated connection drops in mobile client v2.1.0 during active workflow. Agent noted widespread app version regression and collected diagnostic logs.
2026-08-25 08:12:47,CM-93568-A,AGENT_MORGAN,Enterprise_Escalations,363,19,5.1,17,Order_Tracking,43,100,No Risk,84,1,Inquiry regarding shipment customs delay. Agent contacted logistics partner and provided updated tracking manifest.
2026-08-25 08:14:54,CM-23069-C,AGENT_RILEY,Tech_Support_APAC,293,63,21.4,14,Subscription_Renewal,29,92,No Risk,90,0,Inquiry on multi-seat volume discount tiers for next fiscal renewal period. Agent summarized discount matrix.
2026-08-25 08:43:25,CM-88335-C,AGENT_CHRIS,Tech_Support_US,236,45,18.9,24,Billing_Inquiry,25,93,No Risk,84,1,Customer queried line-item surcharge on recent monthly statement. Agent reviewed billing schedule and credited processing variance.
2026-08-25 08:46:21,CM-54392-C,AGENT_JORDAN,Billing_Support_US,232,41,17.6,29,Account_Access,24,93,No Risk,93,1,Customer requested administrative permission transfer for organization portal. Agent processed identity verification protocol successfully.
2026-08-25 08:48:10,CM-91681-A,AGENT_RILEY,Tech_Support_APAC,177,14,8.0,19,Account_Access,57,100,No Risk,68,0,User locked out after multi-factor authentication reset. Agent verified security answers and issued one-time password bypass token.
2026-08-25 08:51:32,CM-60917-A,AGENT_PAT,Customer_Care_Global,382,287,75.1,74,Mobile_App_Connection_Failure,-60,85,No Risk,63,1,Caller experiencing connection handshake error screen upon opening mobile app v2.1.0. Agent spent 6 minutes consulting internal incident ticket before offering workaround.
2026-08-25 09:01:18,CM-42396-C,AGENT_ALEX,Tech_Support_US,459,310,67.5,68,Mobile_App_Connection_Failure,-24,84,No Risk,55,0,Customer reports app sync failure and pairing timeout after installing v2.1.0. Agent unable to locate revised connectivity troubleshooting steps in internal KB; escalated to Tier 2.
2026-08-25 09:07:28,CM-94157-B,AGENT_TAYLOR,Tech_Support_APAC,264,44,16.8,11,Account_Access,44,93,No Risk,90,1,User locked out after multi-factor authentication reset. Agent verified security answers and issued one-time password bypass token.
2026-08-25 09:27:50,CM-15587-B,AGENT_TAYLOR,Billing_Support_US,227,22,9.5,32,Subscription_Renewal,30,98,No Risk,87,0,Inquiry on multi-seat volume discount tiers for next fiscal renewal period. Agent summarized discount matrix.
2026-08-25 09:30:22,CM-34369-A,AGENT_TAYLOR,Tech_Support_APAC,459,213,46.3,87,Mobile_App_Connection_Failure,-35,83,High Risk,72,1,Urgent call regarding mobile app v2.1.0 launch crash and connection loop. Agent verified account credentials but confirmed ongoing backend service patch required.
2026-08-25 09:31:12,CM-53340-B,AGENT_SAM,Enterprise_Escalations,750,252,33.6,64,Mobile_App_Connection_Failure,-73,89,No Risk,58,0,Urgent call regarding mobile app v2.1.0 launch crash and connection loop. Agent verified account credentials but confirmed ongoing backend service patch required.
2026-08-25 09:38:15,CM-46592-B,AGENT_SAM,Enterprise_Escalations,695,457,65.7,67,Mobile_App_Connection_Failure,-88,87,No Risk,69,0,Customer frustrated by repeated connection drops in mobile client v2.1.0 during active workflow. Agent noted widespread app version regression and collected diagnostic logs.
2026-08-25 09:51:33,CM-90781-B,AGENT_SAM,Customer_Care_Global,359,20,5.6,18,General_Product_Query,69,96,No Risk,71,1,General inquiry on API rate limits and webhook notification configurations. Agent referenced technical developer documentation.
2026-08-25 09:53:13,CM-11572-C,AGENT_JORDAN,Customer_Care_Global,591,439,74.2,93,Mobile_App_Connection_Failure,-44,72,High Risk,51,1,Caller experiencing connection handshake error screen upon opening mobile app v2.1.0. Agent spent 6 minutes consulting internal incident ticket before offering workaround.
2026-08-25 09:56:13,CM-33276-B,AGENT_AVERY,Enterprise_Escalations,325,128,39.5,60,Mobile_App_Connection_Failure,-57,90,No Risk,45,0,Urgent call regarding mobile app v2.1.0 launch crash and connection loop. Agent verified account credentials but confirmed ongoing backend service patch required.
2026-08-25 10:16:49,CM-23749-C,AGENT_SAM,Billing_Support_US,371,244,65.7,66,Mobile_App_Connection_Failure,-24,82,No Risk,55,1,Urgent call regarding mobile app v2.1.0 launch crash and connection loop. Agent verified account credentials but confirmed ongoing backend service patch required.
2026-08-25 10:37:33,CM-83268-C,AGENT_ALEX,Customer_Care_Global,441,284,64.5,77,Mobile_App_Connection_Failure,-82,88,No Risk,71,1,Caller experiencing connection handshake error screen upon opening mobile app v2.1.0. Agent spent 6 minutes consulting internal incident ticket before offering workaround.
2026-08-25 10:42:14,CM-49054-C,AGENT_ALEX,Billing_Support_US,621,266,42.9,91,Mobile_App_Connection_Failure,-16,84,High Risk,77,1,Urgent call regarding mobile app v2.1.0 launch crash and connection loop. Agent verified account credentials but confirmed ongoing backend service patch required.
2026-08-25 10:44:06,CM-83005-C,AGENT_CASEY,Billing_Support_US,306,110,36.1,60,Mobile_App_Connection_Failure,-20,88,No Risk,53,1,Customer frustrated by repeated connection drops in mobile client v2.1.0 during active workflow. Agent noted widespread app version regression and collected diagnostic logs.
2026-08-25 10:47:16,CM-28314-C,AGENT_PAT,Billing_Support_US,371,25,6.7,45,General_Product_Query,12,100,No Risk,95,1,General inquiry on API rate limits and webhook notification configurations. Agent referenced technical developer documentation.
2026-08-25 10:47:32,CM-32659-A,AGENT_MORGAN,Tech_Support_US,432,222,51.5,67,Mobile_App_Connection_Failure,-35,83,No Risk,55,1,Customer states mobile application cannot establish server connection following v2.1.0 update. Agent attempted legacy cache reset without resolution. Issue logged for engineering.
2026-08-25 10:51:12,CM-41323-B,AGENT_ALEX,Billing_Support_US,308,109,35.5,89,Mobile_App_Connection_Failure,-55,85,High Risk,67,1,Caller experiencing connection handshake error screen upon opening mobile app v2.1.0. Agent spent 6 minutes consulting internal incident ticket before offering workaround.
2026-08-25 10:52:12,CM-12151-A,AGENT_CHRIS,Tech_Support_APAC,641,418,65.2,62,Mobile_App_Connection_Failure,-39,88,No Risk,68,1,Customer frustrated by repeated connection drops in mobile client v2.1.0 during active workflow. Agent noted widespread app version regression and collected diagnostic logs.
2026-08-25 10:53:33,CM-48754-B,AGENT_CASEY,Customer_Care_Global,309,209,67.7,79,Mobile_App_Connection_Failure,-26,78,High Risk,74,0,Caller experiencing connection handshake error screen upon opening mobile app v2.1.0. Agent spent 6 minutes consulting internal incident ticket before offering workaround.
2026-08-25 10:55:45,CM-59496-A,AGENT_AVERY,Enterprise_Escalations,382,167,43.6,73,Mobile_App_Connection_Failure,-34,91,No Risk,62,0,Urgent call regarding mobile app v2.1.0 launch crash and connection loop. Agent verified account credentials but confirmed ongoing backend service patch required.
2026-08-25 11:09:21,CM-64262-A,AGENT_TAYLOR,Tech_Support_APAC,352,151,42.8,60,Mobile_App_Connection_Failure,-58,90,No Risk,41,0,Customer states mobile application cannot establish server connection following v2.1.0 update. Agent attempted legacy cache reset without resolution. Issue logged for engineering.
2026-08-25 11:13:56,CM-74304-A,AGENT_CHRIS,Enterprise_Escalations,246,19,7.7,34,Subscription_Renewal,84,95,No Risk,69,1,Enterprise contact reviewed upcoming annual contract renewal terms and license tiers. Agent forwarded formal quote sheet.
2026-08-25 11:29:09,CM-65013-C,AGENT_MORGAN,Customer_Care_Global,478,165,34.5,76,Mobile_App_Connection_Failure,-36,86,Medium Risk,61,0,Customer frustrated by repeated connection drops in mobile client v2.1.0 during active workflow. Agent noted widespread app version regression and collected diagnostic logs.
2026-08-25 11:33:59,CM-21854-C,AGENT_CASEY,Tech_Support_APAC,530,312,58.9,63,Mobile_App_Connection_Failure,-21,83,No Risk,36,0,Customer reports app sync failure and pairing timeout after installing v2.1.0. Agent unable to locate revised connectivity troubleshooting steps in internal KB; escalated to Tier 2.
2026-08-25 11:59:19,CM-15677-A,AGENT_ALEX,Enterprise_Escalations,420,286,68.1,87,Mobile_App_Connection_Failure,-28,84,No Risk,63,0,Urgent call regarding mobile app v2.1.0 launch crash and connection loop. Agent verified account credentials but confirmed ongoing backend service patch required.
2026-08-25 12:24:23,CM-74662-C,AGENT_JORDAN,Customer_Care_Global,343,16,4.6,10,Billing_Inquiry,16,95,No Risk,79,0,Customer queried line-item surcharge on recent monthly statement. Agent reviewed billing schedule and credited processing variance.
2026-08-25 12:25:52,CM-96309-C,AGENT_PAT,Billing_Support_US,371,20,5.3,33,General_Product_Query,41,94,No Risk,77,0,General inquiry on API rate limits and webhook notification configurations. Agent referenced technical developer documentation.
2026-08-25 12:26:19,CM-11518-B,AGENT_PAT,Billing_Support_US,350,44,12.5,17,Order_Tracking,91,100,No Risk,97,1,Inquiry regarding shipment customs delay. Agent contacted logistics partner and provided updated tracking manifest.
2026-08-25 12:27:13,CM-78971-B,AGENT_JORDAN,Enterprise_Escalations,401,308,76.9,92,Mobile_App_Connection_Failure,-60,78,No Risk,66,0,Customer reports app sync failure and pairing timeout after installing v2.1.0. Agent unable to locate revised connectivity troubleshooting steps in internal KB; escalated to Tier 2.
2026-08-25 12:31:30,CM-67001-A,AGENT_RILEY,Customer_Care_Global,651,468,71.9,78,Mobile_App_Connection_Failure,-32,81,No Risk,58,1,Caller experiencing connection handshake error screen upon opening mobile app v2.1.0. Agent spent 6 minutes consulting internal incident ticket before offering workaround.
2026-08-25 12:42:41,CM-19526-B,AGENT_MORGAN,Tech_Support_APAC,401,36,9.1,32,Account_Access,53,98,No Risk,76,1,Customer requested administrative permission transfer for organization portal. Agent processed identity verification protocol successfully.
2026-08-25 12:52:42,CM-21751-C,AGENT_SAM,Tech_Support_US,469,229,48.8,95,Mobile_App_Connection_Failure,-41,78,High Risk,71,0,Customer states mobile application cannot establish server connection following v2.1.0 update. Agent attempted legacy cache reset without resolution. Issue logged for engineering.
2026-08-25 12:58:35,CM-45629-B,AGENT_RILEY,Billing_Support_US,732,503,68.7,63,Mobile_App_Connection_Failure,-76,81,No Risk,45,1,Customer states mobile application cannot establish server connection following v2.1.0 update. Agent attempted legacy cache reset without resolution. Issue logged for engineering.
2026-08-25 13:01:51,CM-87879-A,AGENT_CASEY,Enterprise_Escalations,447,283,63.4,82,Mobile_App_Connection_Failure,-60,80,High Risk,69,0,Customer states mobile application cannot establish server connection following v2.1.0 update. Agent attempted legacy cache reset without resolution. Issue logged for engineering.
2026-08-25 13:16:10,CM-42346-B,AGENT_PAT,Tech_Support_APAC,592,414,69.9,80,Mobile_App_Connection_Failure,-50,76,High Risk,73,1,Urgent call regarding mobile app v2.1.0 launch crash and connection loop. Agent verified account credentials but confirmed ongoing backend service patch required.
2026-08-25 13:18:31,CM-14847-B,AGENT_MORGAN,Tech_Support_APAC,362,37,10.3,42,Billing_Inquiry,49,99,No Risk,81,1,Customer queried line-item surcharge on recent monthly statement. Agent reviewed billing schedule and credited processing variance.
2026-08-25 13:21:41,CM-90918-A,AGENT_SAM,Enterprise_Escalations,393,247,62.9,62,Mobile_App_Connection_Failure,-50,84,No Risk,58,0,Customer reports app sync failure and pairing timeout after installing v2.1.0. Agent unable to locate revised connectivity troubleshooting steps in internal KB; escalated to Tier 2.
2026-08-25 13:47:13,CM-84633-C,AGENT_ALEX,Enterprise_Escalations,379,43,11.3,35,Account_Access,14,96,No Risk,69,0,Customer requested administrative permission transfer for organization portal. Agent processed identity verification protocol successfully.
2026-08-25 13:48:02,CM-60801-C,AGENT_CASEY,Tech_Support_APAC,352,264,74.9,76,Mobile_App_Connection_Failure,-79,74,Medium Risk,68,1,Caller experiencing connection handshake error screen upon opening mobile app v2.1.0. Agent spent 6 minutes consulting internal incident ticket before offering workaround.
2026-08-25 14:12:02,CM-43809-B,AGENT_SAM,Billing_Support_US,325,74,22.8,41,Account_Access,82,99,No Risk,91,0,Caller needed email address change on primary customer account. Two-step verification completed and credentials refreshed.
2026-08-25 14:14:47,CM-31578-C,AGENT_SAM,Customer_Care_Global,384,258,67.2,56,Mobile_App_Connection_Failure,-87,81,No Risk,75,0,Urgent call regarding mobile app v2.1.0 launch crash and connection loop. Agent verified account credentials but confirmed ongoing backend service patch required.
2026-08-25 14:40:38,CM-98181-B,AGENT_ALEX,Billing_Support_US,476,153,32.1,92,Mobile_App_Connection_Failure,-63,93,No Risk,79,0,Customer states mobile application cannot establish server connection following v2.1.0 update. Agent attempted legacy cache reset without resolution. Issue logged for engineering.
2026-08-25 14:49:54,CM-52647-C,AGENT_JORDAN,Billing_Support_US,605,460,76.0,93,Mobile_App_Connection_Failure,-82,81,No Risk,59,1,Caller experiencing connection handshake error screen upon opening mobile app v2.1.0. Agent spent 6 minutes consulting internal incident ticket before offering workaround.
2026-08-25 15:00:19,CM-96288-B,AGENT_CHRIS,Billing_Support_US,394,185,47.0,75,Mobile_App_Connection_Failure,-36,81,High Risk,35,1,Customer reports app sync failure and pairing timeout after installing v2.1.0. Agent unable to locate revised connectivity troubleshooting steps in internal KB; escalated to Tier 2.
2026-08-25 15:00:41,CM-98662-A,AGENT_TAYLOR,Billing_Support_US,710,439,61.8,73,Mobile_App_Connection_Failure,-80,78,Medium Risk,65,0,Caller experiencing connection handshake error screen upon opening mobile app v2.1.0. Agent spent 6 minutes consulting internal incident ticket before offering workaround.
2026-08-25 15:01:41,CM-30788-A,AGENT_ALEX,Billing_Support_US,390,161,41.4,73,Mobile_App_Connection_Failure,-76,89,No Risk,62,0,Customer states mobile application cannot establish server connection following v2.1.0 update. Agent attempted legacy cache reset without resolution. Issue logged for engineering.
2026-08-25 15:16:42,CM-36741-B,AGENT_AVERY,Tech_Support_US,563,366,65.0,80,Mobile_App_Connection_Failure,-46,83,No Risk,70,1,Customer states mobile application cannot establish server connection following v2.1.0 update. Agent attempted legacy cache reset without resolution. Issue logged for engineering.
2026-08-25 15:20:27,CM-96619-C,AGENT_AVERY,Customer_Care_Global,536,316,58.9,56,Mobile_App_Connection_Failure,-26,86,No Risk,46,1,Customer reports app sync failure and pairing timeout after installing v2.1.0. Agent unable to locate revised connectivity troubleshooting steps in internal KB; escalated to Tier 2.
2026-08-25 15:23:22,CM-82498-B,AGENT_JORDAN,Billing_Support_US,645,394,61.1,72,Mobile_App_Connection_Failure,-88,77,High Risk,41,1,Customer reports app sync failure and pairing timeout after installing v2.1.0. Agent unable to locate revised connectivity troubleshooting steps in internal KB; escalated to Tier 2.
2026-08-25 15:33:23,CM-71675-A,AGENT_MORGAN,Tech_Support_US,289,27,9.2,35,General_Product_Query,56,98,No Risk,85,0,General inquiry on API rate limits and webhook notification configurations. Agent referenced technical developer documentation.
2026-08-25 15:52:11,CM-26059-B,AGENT_RILEY,Tech_Support_US,743,255,34.3,94,Mobile_App_Connection_Failure,-41,89,Medium Risk,45,0,Caller experiencing connection handshake error screen upon opening mobile app v2.1.0. Agent spent 6 minutes consulting internal incident ticket before offering workaround.
2026-08-25 16:06:34,CM-45118-C,AGENT_CASEY,Enterprise_Escalations,195,44,22.7,13,Subscription_Renewal,90,96,No Risk,80,1,Enterprise contact reviewed upcoming annual contract renewal terms and license tiers. Agent forwarded formal quote sheet.
2026-08-25 16:25:30,CM-56424-B,AGENT_RILEY,Billing_Support_US,191,9,4.6,11,Subscription_Renewal,81,95,Medium Risk,84,1,Enterprise contact reviewed upcoming annual contract renewal terms and license tiers. Agent forwarded formal quote sheet.
2026-08-25 16:40:02,CM-47757-C,AGENT_AVERY,Tech_Support_APAC,749,414,55.3,66,Mobile_App_Connection_Failure,-80,90,No Risk,69,0,Urgent call regarding mobile app v2.1.0 launch crash and connection loop. Agent verified account credentials but confirmed ongoing backend service patch required.
2026-08-25 16:44:56,CM-51973-A,AGENT_CHRIS,Customer_Care_Global,599,347,57.9,64,Mobile_App_Connection_Failure,-62,84,No Risk,72,0,Customer frustrated by repeated connection drops in mobile client v2.1.0 during active workflow. Agent noted widespread app version regression and collected diagnostic logs.
2026-08-25 16:51:58,CM-22467-B,AGENT_SAM,Customer_Care_Global,324,155,47.9,90,Mobile_App_Connection_Failure,-80,85,Medium Risk,60,0,Caller experiencing connection handshake error screen upon opening mobile app v2.1.0. Agent spent 6 minutes consulting internal incident ticket before offering workaround.
2026-08-25 16:57:04,CM-63939-C,AGENT_CHRIS,Billing_Support_US,208,20,9.7,13,Billing_Inquiry,29,95,No Risk,97,1,Customer queried line-item surcharge on recent monthly statement. Agent reviewed billing schedule and credited processing variance.
2026-08-25 16:59:21,CM-38628-C,AGENT_TAYLOR,Tech_Support_US,415,37,8.8,10,General_Product_Query,62,98,No Risk,77,0,General inquiry on API rate limits and webhook notification configurations. Agent referenced technical developer documentation.
2026-08-25 17:23:16,CM-79393-B,AGENT_AVERY,Tech_Support_US,148,13,9.0,27,Billing_Inquiry,40,100,No Risk,79,1,Discussion regarding prorated subscription charges following plan upgrade. Agent explained billing cycle cutoff dates clearly.
2026-08-25 17:23:21,CM-52872-B,AGENT_CASEY,Tech_Support_APAC,567,284,50.1,85,Mobile_App_Connection_Failure,-41,79,Medium Risk,55,0,Urgent call regarding mobile app v2.1.0 launch crash and connection loop. Agent verified account credentials but confirmed ongoing backend service patch required.
2026-08-25 17:24:28,CM-89408-C,AGENT_TAYLOR,Enterprise_Escalations,417,81,19.5,26,General_Product_Query,77,97,No Risk,87,1,Prospective customer requested feature comparison between Standard and Enterprise analytics tiers.
2026-08-25 17:27:17,CM-99700-A,AGENT_CHRIS,Tech_Support_APAC,242,36,15.0,20,Subscription_Renewal,34,99,No Risk,76,1,Customer confirmed continuation of annual maintenance agreement and updated purchase order authorization number.
2026-08-25 17:30:43,CM-70670-A,AGENT_CHRIS,Tech_Support_US,376,244,64.9,55,Mobile_App_Connection_Failure,-30,88,No Risk,65,0,Customer states mobile application cannot establish server connection following v2.1.0 update. Agent attempted legacy cache reset without resolution. Issue logged for engineering.
2026-08-25 17:34:33,CM-96402-C,AGENT_CASEY,Billing_Support_US,709,291,41.0,73,Mobile_App_Connection_Failure,-17,88,No Risk,58,0,Customer reports app sync failure and pairing timeout after installing v2.1.0. Agent unable to locate revised connectivity troubleshooting steps in internal KB; escalated to Tier 2.
2026-08-25 17:36:44,CM-28191-C,AGENT_RILEY,Billing_Support_US,580,427,73.7,71,Mobile_App_Connection_Failure,-88,82,No Risk,73,1,Urgent call regarding mobile app v2.1.0 launch crash and connection loop. Agent verified account credentials but confirmed ongoing backend service patch required.
2026-08-25 17:38:15,CM-26276-C,AGENT_SAM,Billing_Support_US,552,407,73.7,56,Mobile_App_Connection_Failure,-59,82,No Risk,39,1,Urgent call regarding mobile app v2.1.0 launch crash and connection loop. Agent verified account credentials but confirmed ongoing backend service patch required.
2026-08-25 17:47:05,CM-14910-A,AGENT_SAM,Billing_Support_US,469,281,60.0,57,Mobile_App_Connection_Failure,-39,83,No Risk,79,1,Customer reports app sync failure and pairing timeout after installing v2.1.0. Agent unable to locate revised connectivity troubleshooting steps in internal KB; escalated to Tier 2.
2026-08-25 17:49:31,CM-81884-A,AGENT_ALEX,Billing_Support_US,635,494,77.8,71,Mobile_App_Connection_Failure,-77,70,High Risk,59,0,Caller experiencing connection handshake error screen upon opening mobile app v2.1.0. Agent spent 6 minutes consulting internal incident ticket before offering workaround.
2026-08-25 17:53:25,CM-37973-A,AGENT_MORGAN,Tech_Support_APAC,327,31,9.4,21,Subscription_Renewal,91,100,No Risk,70,1,Customer confirmed continuation of annual maintenance agreement and updated purchase order authorization number.
2026-08-25 17:56:42,CM-60299-C,AGENT_JORDAN,Billing_Support_US,164,35,21.6,11,General_Product_Query,72,96,No Risk,95,0,General inquiry on API rate limits and webhook notification configurations. Agent referenced technical developer documentation.
2026-08-25 17:57:29,CM-75332-A,AGENT_CASEY,Tech_Support_US,379,254,67.1,59,Mobile_App_Connection_Failure,-23,82,No Risk,78,0,Customer states mobile application cannot establish server connection following v2.1.0 update. Agent attempted legacy cache reset without resolution. Issue logged for engineering.
2026-08-25 18:02:27,CM-27510-A,AGENT_ALEX,Customer_Care_Global,736,523,71.1,73,Mobile_App_Connection_Failure,-73,77,Medium Risk,70,0,Customer frustrated by repeated connection drops in mobile client v2.1.0 during active workflow. Agent noted widespread app version regression and collected diagnostic logs.
2026-08-25 18:10:40,CM-30070-A,AGENT_ALEX,Customer_Care_Global,370,135,36.6,72,Mobile_App_Connection_Failure,-24,82,High Risk,61,0,Customer states mobile application cannot establish server connection following v2.1.0 update. Agent attempted legacy cache reset without resolution. Issue logged for engineering.
2026-08-25 18:10:52,CM-28154-B,AGENT_TAYLOR,Tech_Support_APAC,433,174,40.2,71,Mobile_App_Connection_Failure,-35,83,Medium Risk,60,0,Customer reports app sync failure and pairing timeout after installing v2.1.0. Agent unable to locate revised connectivity troubleshooting steps in internal KB; escalated to Tier 2.
2026-08-25 18:18:09,CM-85066-A,AGENT_RILEY,Customer_Care_Global,709,521,73.5,87,Mobile_App_Connection_Failure,-86,72,High Risk,71,1,Urgent call regarding mobile app v2.1.0 launch crash and connection loop. Agent verified account credentials but confirmed ongoing backend service patch required.
2026-08-25 18:24:42,CM-77490-B,AGENT_MORGAN,Tech_Support_APAC,347,15,4.3,12,Order_Tracking,56,94,Medium Risk,79,1,Customer confirmed receipt of initial shipment and verified serial numbers against enterprise invoice order.
2026-08-25 18:25:02,CM-45203-B,AGENT_ALEX,Customer_Care_Global,273,28,10.2,16,Order_Tracking,72,92,Medium Risk,93,1,Inquiry regarding shipment customs delay. Agent contacted logistics partner and provided updated tracking manifest.
2026-08-25 18:33:03,CM-99015-B,AGENT_TAYLOR,Tech_Support_APAC,181,31,17.4,38,Subscription_Renewal,60,94,No Risk,74,1,Customer confirmed continuation of annual maintenance agreement and updated purchase order authorization number.
2026-08-25 18:41:32,CM-22795-B,AGENT_RILEY,Customer_Care_Global,646,220,34.1,56,Mobile_App_Connection_Failure,-76,89,No Risk,45,0,Customer reports app sync failure and pairing timeout after installing v2.1.0. Agent unable to locate revised connectivity troubleshooting steps in internal KB; escalated to Tier 2.
2026-08-25 18:48:24,CM-51139-B,AGENT_MORGAN,Enterprise_Escalations,676,511,75.6,86,Mobile_App_Connection_Failure,-66,70,High Risk,50,0,Caller experiencing connection handshake error screen upon opening mobile app v2.1.0. Agent spent 6 minutes consulting internal incident ticket before offering workaround.
2026-08-25 18:51:57,CM-50019-C,AGENT_MORGAN,Tech_Support_US,306,108,35.2,76,Mobile_App_Connection_Failure,-67,87,Medium Risk,77,0,Customer frustrated by repeated connection drops in mobile client v2.1.0 during active workflow. Agent noted widespread app version regression and collected diagnostic logs.
2026-08-25 18:52:28,CM-75909-C,AGENT_TAYLOR,Tech_Support_APAC,181,38,21.0,14,Billing_Inquiry,18,96,No Risk,80,1,Discussion regarding prorated subscription charges following plan upgrade. Agent explained billing cycle cutoff dates clearly.
2026-08-25 19:08:55,CM-24953-A,AGENT_PAT,Billing_Support_US,455,278,61.0,64,Mobile_App_Connection_Failure,-84,80,No Risk,40,1,Customer reports app sync failure and pairing timeout after installing v2.1.0. Agent unable to locate revised connectivity troubleshooting steps in internal KB; escalated to Tier 2.
2026-08-25 19:16:50,CM-30078-B,AGENT_AVERY,Customer_Care_Global,690,395,57.3,89,Mobile_App_Connection_Failure,-30,79,High Risk,50,1,Urgent call regarding mobile app v2.1.0 launch crash and connection loop. Agent verified account credentials but confirmed ongoing backend service patch required.
2026-08-25 19:19:14,CM-80879-A,AGENT_CASEY,Customer_Care_Global,535,340,63.6,84,Mobile_App_Connection_Failure,-68,80,No Risk,55,1,Customer states mobile application cannot establish server connection following v2.1.0 update. Agent attempted legacy cache reset without resolution. Issue logged for engineering.
2026-08-25 19:25:16,CM-78903-B,AGENT_PAT,Enterprise_Escalations,476,365,76.7,83,Mobile_App_Connection_Failure,-81,77,Medium Risk,43,1,Urgent call regarding mobile app v2.1.0 launch crash and connection loop. Agent verified account credentials but confirmed ongoing backend service patch required.
2026-08-25 19:25:54,CM-96190-A,AGENT_JORDAN,Tech_Support_APAC,454,259,57.0,77,Mobile_App_Connection_Failure,-27,83,No Risk,58,0,Urgent call regarding mobile app v2.1.0 launch crash and connection loop. Agent verified account credentials but confirmed ongoing backend service patch required.
2026-08-25 19:26:29,CM-38065-A,AGENT_TAYLOR,Billing_Support_US,374,227,60.8,64,Mobile_App_Connection_Failure,-81,83,No Risk,39,1,Customer frustrated by repeated connection drops in mobile client v2.1.0 during active workflow. Agent noted widespread app version regression and collected diagnostic logs.
2026-08-25 19:56:27,CM-58554-B,AGENT_SAM,Billing_Support_US,480,374,78.0,69,Mobile_App_Connection_Failure,-66,84,No Risk,61,0,Customer frustrated by repeated connection drops in mobile client v2.1.0 during active workflow. Agent noted widespread app version regression and collected diagnostic logs.
2026-08-25 19:57:05,CM-84130-B,AGENT_SAM,Billing_Support_US,149,17,11.5,11,Billing_Inquiry,83,96,No Risk,74,1,Caller requested invoice copy and updated credit card details on enterprise billing profile. Verified billing contacts and confirmed change.
2026-08-25 20:03:21,CM-19429-B,AGENT_TAYLOR,Billing_Support_US,512,379,74.1,55,Mobile_App_Connection_Failure,-90,81,No Risk,60,0,Caller experiencing connection handshake error screen upon opening mobile app v2.1.0. Agent spent 6 minutes consulting internal incident ticket before offering workaround.
2026-08-25 20:22:19,CM-55318-C,AGENT_PAT,Tech_Support_US,378,82,21.8,13,General_Product_Query,88,99,No Risk,95,0,General inquiry on API rate limits and webhook notification configurations. Agent referenced technical developer documentation.
2026-08-25 20:35:09,CM-75543-A,AGENT_MORGAN,Customer_Care_Global,384,39,10.2,19,General_Product_Query,51,98,No Risk,73,1,Caller asked regarding desktop client system requirements and supported browser versions. Agent shared knowledge base link.
2026-08-25 20:35:21,CM-84572-C,AGENT_RILEY,Tech_Support_US,357,242,67.8,63,Mobile_App_Connection_Failure,-87,79,No Risk,61,1,Customer frustrated by repeated connection drops in mobile client v2.1.0 during active workflow. Agent noted widespread app version regression and collected diagnostic logs.
2026-08-25 20:37:02,CM-23703-B,AGENT_PAT,Tech_Support_APAC,701,528,75.3,77,Mobile_App_Connection_Failure,-72,76,Medium Risk,48,0,Urgent call regarding mobile app v2.1.0 launch crash and connection loop. Agent verified account credentials but confirmed ongoing backend service patch required.
2026-08-25 20:39:50,CM-76628-A,AGENT_AVERY,Tech_Support_US,247,15,6.1,30,Account_Access,94,100,No Risk,82,1,Customer requested administrative permission transfer for organization portal. Agent processed identity verification protocol successfully.
2026-08-25 21:01:59,CM-46241-C,AGENT_AVERY,Enterprise_Escalations,454,350,77.1,73,Mobile_App_Connection_Failure,-66,76,No Risk,35,0,Urgent call regarding mobile app v2.1.0 launch crash and connection loop. Agent verified account credentials but confirmed ongoing backend service patch required.
2026-08-25 21:16:48,CM-71799-A,AGENT_RILEY,Enterprise_Escalations,622,284,45.6,58,Mobile_App_Connection_Failure,-40,93,No Risk,80,0,Customer frustrated by repeated connection drops in mobile client v2.1.0 during active workflow. Agent noted widespread app version regression and collected diagnostic logs.
2026-08-25 21:22:44,CM-92100-B,AGENT_PAT,Enterprise_Escalations,320,124,38.6,88,Mobile_App_Connection_Failure,-64,82,Medium Risk,42,0,Customer reports app sync failure and pairing timeout after installing v2.1.0. Agent unable to locate revised connectivity troubleshooting steps in internal KB; escalated to Tier 2.
2026-08-25 21:25:34,CM-41816-C,AGENT_RILEY,Tech_Support_US,589,369,62.6,86,Mobile_App_Connection_Failure,-77,76,High Risk,59,0,Urgent call regarding mobile app v2.1.0 launch crash and connection loop. Agent verified account credentials but confirmed ongoing backend service patch required.
2026-08-25 21:42:05,CM-43231-B,AGENT_RILEY,Tech_Support_APAC,130,24,18.2,40,Order_Tracking,76,98,No Risk,74,1,Inquiry regarding shipment customs delay. Agent contacted logistics partner and provided updated tracking manifest.
2026-08-25 21:44:31,CM-79066-C,AGENT_SAM,Tech_Support_APAC,408,315,77.3,55,Mobile_App_Connection_Failure,-83,78,No Risk,43,0,Caller experiencing connection handshake error screen upon opening mobile app v2.1.0. Agent spent 6 minutes consulting internal incident ticket before offering workaround.
2026-08-25 22:13:04,CM-17536-B,AGENT_ALEX,Enterprise_Escalations,395,181,45.7,55,Mobile_App_Connection_Failure,-77,84,No Risk,60,1,Caller experiencing connection handshake error screen upon opening mobile app v2.1.0. Agent spent 6 minutes consulting internal incident ticket before offering workaround.
2026-08-25 22:19:17,CM-93228-C,AGENT_CHRIS,Tech_Support_APAC,134,25,18.7,40,Subscription_Renewal,41,96,No Risk,74,1,Customer confirmed continuation of annual maintenance agreement and updated purchase order authorization number.
2026-08-25 22:20:38,CM-31922-A,AGENT_AVERY,Tech_Support_APAC,354,35,9.8,24,Account_Access,45,99,No Risk,96,1,Caller needed email address change on primary customer account. Two-step verification completed and credentials refreshed.
2026-08-25 22:25:29,CM-61483-C,AGENT_JORDAN,Tech_Support_APAC,492,360,73.1,62,Mobile_App_Connection_Failure,-34,82,No Risk,73,1,Caller experiencing connection handshake error screen upon opening mobile app v2.1.0. Agent spent 6 minutes consulting internal incident ticket before offering workaround.
2026-08-25 22:25:43,CM-37425-C,AGENT_JORDAN,Billing_Support_US,380,20,5.3,34,General_Product_Query,75,99,No Risk,88,1,General inquiry on API rate limits and webhook notification configurations. Agent referenced technical developer documentation.
2026-08-25 22:37:05,CM-29476-B,AGENT_CASEY,Billing_Support_US,745,428,57.4,79,Mobile_App_Connection_Failure,-21,81,Medium Risk,47,1,Customer reports app sync failure and pairing timeout after installing v2.1.0. Agent unable to locate revised connectivity troubleshooting steps in internal KB; escalated to Tier 2.
2026-08-25 22:45:11,CM-46771-B,AGENT_RILEY,Tech_Support_US,424,285,67.2,77,Mobile_App_Connection_Failure,-80,78,High Risk,77,1,Customer reports app sync failure and pairing timeout after installing v2.1.0. Agent unable to locate revised connectivity troubleshooting steps in internal KB; escalated to Tier 2.
2026-08-25 22:51:30,CM-51649-C,AGENT_AVERY,Enterprise_Escalations,296,36,12.0,33,Order_Tracking,64,100,No Risk,87,1,Inquiry regarding shipment customs delay. Agent contacted logistics partner and provided updated tracking manifest.
2026-08-25 22:57:43,CM-68743-A,AGENT_JORDAN,Customer_Care_Global,571,364,63.8,92,Mobile_App_Connection_Failure,-51,83,Medium Risk,57,0,Customer frustrated by repeated connection drops in mobile client v2.1.0 during active workflow. Agent noted widespread app version regression and collected diagnostic logs.
2026-08-25 23:00:07,CM-70319-B,AGENT_AVERY,Tech_Support_APAC,272,46,16.9,32,Order_Tracking,68,99,No Risk,90,1,Customer confirmed receipt of initial shipment and verified serial numbers against enterprise invoice order.
2026-08-25 23:05:51,CM-57655-B,AGENT_SAM,Tech_Support_APAC,714,233,32.6,63,Mobile_App_Connection_Failure,-20,91,No Risk,58,0,Urgent call regarding mobile app v2.1.0 launch crash and connection loop. Agent verified account credentials but confirmed ongoing backend service patch required.
2026-08-25 23:15:53,CM-61949-C,AGENT_MORGAN,Billing_Support_US,606,259,42.8,94,Mobile_App_Connection_Failure,-59,87,No Risk,55,0,Urgent call regarding mobile app v2.1.0 launch crash and connection loop. Agent verified account credentials but confirmed ongoing backend service patch required.
2026-08-25 23:17:36,CM-21854-C,AGENT_CHRIS,Tech_Support_US,315,17,5.3,34,General_Product_Query,53,97,No Risk,92,1,Caller asked regarding desktop client system requirements and supported browser versions. Agent shared knowledge base link.
2026-08-25 23:18:15,CM-34613-B,AGENT_ALEX,Tech_Support_US,666,377,56.6,61,Mobile_App_Connection_Failure,-67,83,No Risk,63,0,Customer states mobile application cannot establish server connection following v2.1.0 update. Agent attempted legacy cache reset without resolution. Issue logged for engineering.
2026-08-25 23:33:00,CM-54456-B,AGENT_TAYLOR,Tech_Support_APAC,365,206,56.4,71,Mobile_App_Connection_Failure,-72,88,No Risk,66,0,Caller experiencing connection handshake error screen upon opening mobile app v2.1.0. Agent spent 6 minutes consulting internal incident ticket before offering workaround.
2026-08-25 23:53:28,CM-32344-C,AGENT_MORGAN,Enterprise_Escalations,411,63,15.3,18,General_Product_Query,18,98,No Risk,79,1,Prospective customer requested feature comparison between Standard and Enterprise analytics tiers.
2026-08-26 00:23:02,CM-85846-C,AGENT_CASEY,Customer_Care_Global,647,326,50.4,92,Mobile_App_Connection_Failure,-25,81,High Risk,66,0,Customer reports app sync failure and pairing timeout after installing v2.1.0. Agent unable to locate revised connectivity troubleshooting steps in internal KB; escalated to Tier 2.
2026-08-26 00:34:25,CM-37222-C,AGENT_RILEY,Customer_Care_Global,346,113,32.6,62,Mobile_App_Connection_Failure,-79,93,No Risk,67,0,Customer states mobile application cannot establish server connection following v2.1.0 update. Agent attempted legacy cache reset without resolution. Issue logged for engineering.
2026-08-26 00:46:39,CM-41148-B,AGENT_RILEY,Customer_Care_Global,347,159,45.9,78,Mobile_App_Connection_Failure,-76,84,No Risk,63,1,Urgent call regarding mobile app v2.1.0 launch crash and connection loop. Agent verified account credentials but confirmed ongoing backend service patch required.
2026-08-26 00:48:02,CM-19837-B,AGENT_AVERY,Tech_Support_APAC,443,256,57.8,57,Mobile_App_Connection_Failure,-72,84,No Risk,64,0,Caller experiencing connection handshake error screen upon opening mobile app v2.1.0. Agent spent 6 minutes consulting internal incident ticket before offering workaround.
2026-08-26 00:54:51,CM-58148-C,AGENT_SAM,Tech_Support_APAC,287,36,12.6,44,Billing_Inquiry,33,96,No Risk,83,1,Caller requested invoice copy and updated credit card details on enterprise billing profile. Verified billing contacts and confirmed change.
2026-08-26 01:14:24,CM-81237-A,AGENT_AVERY,Billing_Support_US,607,359,59.1,84,Mobile_App_Connection_Failure,-30,80,Medium Risk,73,0,Customer states mobile application cannot establish server connection following v2.1.0 update. Agent attempted legacy cache reset without resolution. Issue logged for engineering.
2026-08-26 01:15:52,CM-48877-A,AGENT_TAYLOR,Billing_Support_US,629,212,33.7,76,Mobile_App_Connection_Failure,-34,91,No Risk,37,0,Urgent call regarding mobile app v2.1.0 launch crash and connection loop. Agent verified account credentials but confirmed ongoing backend service patch required.
2026-08-26 01:24:41,CM-61856-C,AGENT_RILEY,Tech_Support_US,519,225,43.3,89,Mobile_App_Connection_Failure,-19,84,Medium Risk,72,1,Customer frustrated by repeated connection drops in mobile client v2.1.0 during active workflow. Agent noted widespread app version regression and collected diagnostic logs.
2026-08-26 01:45:47,CM-50579-C,AGENT_AVERY,Tech_Support_US,340,21,6.2,28,Account_Access,38,99,No Risk,90,1,Caller needed email address change on primary customer account. Two-step verification completed and credentials refreshed.
2026-08-26 01:46:28,CM-25704-C,AGENT_PAT,Enterprise_Escalations,591,204,34.5,63,Mobile_App_Connection_Failure,-71,89,No Risk,64,0,Customer reports app sync failure and pairing timeout after installing v2.1.0. Agent unable to locate revised connectivity troubleshooting steps in internal KB; escalated to Tier 2.
2026-08-26 01:56:27,CM-64451-B,AGENT_PAT,Tech_Support_APAC,561,318,56.7,72,Mobile_App_Connection_Failure,-71,85,No Risk,48,0,Customer reports app sync failure and pairing timeout after installing v2.1.0. Agent unable to locate revised connectivity troubleshooting steps in internal KB; escalated to Tier 2.
2026-08-26 02:02:18,CM-81302-A,AGENT_CASEY,Tech_Support_APAC,703,307,43.7,65,Mobile_App_Connection_Failure,-20,85,No Risk,56,1,Customer frustrated by repeated connection drops in mobile client v2.1.0 during active workflow. Agent noted widespread app version regression and collected diagnostic logs.
2026-08-26 02:04:47,CM-29334-C,AGENT_SAM,Tech_Support_APAC,682,232,34.0,87,Mobile_App_Connection_Failure,-65,83,Medium Risk,35,0,Caller experiencing connection handshake error screen upon opening mobile app v2.1.0. Agent spent 6 minutes consulting internal incident ticket before offering workaround.
2026-08-26 02:24:14,CM-12446-A,AGENT_CASEY,Tech_Support_US,284,56,19.7,38,Order_Tracking,41,92,No Risk,90,1,Customer confirmed receipt of initial shipment and verified serial numbers against enterprise invoice order.
2026-08-26 02:40:40,CM-23238-C,AGENT_TAYLOR,Tech_Support_APAC,649,322,49.6,57,Mobile_App_Connection_Failure,-15,90,No Risk,64,0,Customer states mobile application cannot establish server connection following v2.1.0 update. Agent attempted legacy cache reset without resolution. Issue logged for engineering.
2026-08-26 02:48:23,CM-94621-B,AGENT_SAM,Customer_Care_Global,544,311,57.1,93,Mobile_App_Connection_Failure,-72,77,High Risk,53,0,Customer frustrated by repeated connection drops in mobile client v2.1.0 during active workflow. Agent noted widespread app version regression and collected diagnostic logs.
2026-08-26 02:51:49,CM-14406-B,AGENT_CASEY,Billing_Support_US,585,402,68.7,83,Mobile_App_Connection_Failure,-78,80,Medium Risk,35,0,Customer frustrated by repeated connection drops in mobile client v2.1.0 during active workflow. Agent noted widespread app version regression and collected diagnostic logs.
2026-08-26 02:56:58,CM-24129-B,AGENT_TAYLOR,Tech_Support_APAC,169,15,8.8,29,Order_Tracking,61,93,No Risk,77,1,Customer inquired regarding expedited courier delivery status for hardware order. Agent tracked consignment and confirmed arrival ETA.
2026-08-26 03:05:11,CM-45841-C,AGENT_PAT,Enterprise_Escalations,140,32,22.5,37,General_Product_Query,35,96,No Risk,94,1,Prospective customer requested feature comparison between Standard and Enterprise analytics tiers.
2026-08-26 03:20:24,CM-29383-A,AGENT_MORGAN,Billing_Support_US,656,312,47.5,60,Mobile_App_Connection_Failure,-81,87,No Risk,53,1,Customer reports app sync failure and pairing timeout after installing v2.1.0. Agent unable to locate revised connectivity troubleshooting steps in internal KB; escalated to Tier 2.
2026-08-26 03:42:27,CM-41880-A,AGENT_JORDAN,Tech_Support_APAC,491,286,58.2,83,Mobile_App_Connection_Failure,-65,78,High Risk,70,1,Caller experiencing connection handshake error screen upon opening mobile app v2.1.0. Agent spent 6 minutes consulting internal incident ticket before offering workaround.
2026-08-26 03:52:22,CM-23947-C,AGENT_SAM,Enterprise_Escalations,606,236,39.0,89,Mobile_App_Connection_Failure,-70,77,High Risk,55,1,Customer frustrated by repeated connection drops in mobile client v2.1.0 during active workflow. Agent noted widespread app version regression and collected diagnostic logs.
2026-08-26 03:57:09,CM-63364-A,AGENT_CASEY,Enterprise_Escalations,336,109,32.3,77,Mobile_App_Connection_Failure,-84,84,High Risk,74,0,Customer states mobile application cannot establish server connection following v2.1.0 update. Agent attempted legacy cache reset without resolution. Issue logged for engineering.
2026-08-26 04:05:12,CM-89547-C,AGENT_JORDAN,Tech_Support_US,470,168,35.8,89,Mobile_App_Connection_Failure,-23,93,No Risk,70,0,Customer reports app sync failure and pairing timeout after installing v2.1.0. Agent unable to locate revised connectivity troubleshooting steps in internal KB; escalated to Tier 2.
2026-08-26 04:13:15,CM-50160-B,AGENT_PAT,Billing_Support_US,199,40,19.9,30,Account_Access,49,90,No Risk,67,1,User locked out after multi-factor authentication reset. Agent verified security answers and issued one-time password bypass token.
2026-08-26 04:27:53,CM-79774-B,AGENT_AVERY,Customer_Care_Global,707,232,32.8,62,Mobile_App_Connection_Failure,-48,93,No Risk,79,0,Customer states mobile application cannot establish server connection following v2.1.0 update. Agent attempted legacy cache reset without resolution. Issue logged for engineering.
2026-08-26 04:40:39,CM-73896-C,AGENT_RILEY,Tech_Support_APAC,613,277,45.2,65,Mobile_App_Connection_Failure,-72,92,No Risk,71,0,Customer frustrated by repeated connection drops in mobile client v2.1.0 during active workflow. Agent noted widespread app version regression and collected diagnostic logs.
2026-08-26 04:54:33,CM-34492-A,AGENT_SAM,Tech_Support_APAC,172,30,17.3,22,Account_Access,64,94,No Risk,97,1,Caller needed email address change on primary customer account. Two-step verification completed and credentials refreshed.
2026-08-26 05:02:01,CM-90225-A,AGENT_PAT,Enterprise_Escalations,383,258,67.3,91,Mobile_App_Connection_Failure,-48,76,High Risk,44,1,Customer reports app sync failure and pairing timeout after installing v2.1.0. Agent unable to locate revised connectivity troubleshooting steps in internal KB; escalated to Tier 2.
2026-08-26 05:18:03,CM-65641-B,AGENT_CHRIS,Tech_Support_US,163,24,15.0,28,Order_Tracking,72,100,No Risk,85,0,Customer confirmed receipt of initial shipment and verified serial numbers against enterprise invoice order.
2026-08-26 05:26:06,CM-18226-A,AGENT_TAYLOR,Customer_Care_Global,321,35,10.8,27,General_Product_Query,27,96,No Risk,69,1,Prospective customer requested feature comparison between Standard and Enterprise analytics tiers.
2026-08-26 05:34:04,CM-21498-C,AGENT_RILEY,Enterprise_Escalations,197,37,19.0,27,Account_Access,65,93,No Risk,86,0,User locked out after multi-factor authentication reset. Agent verified security answers and issued one-time password bypass token.
2026-08-26 06:07:02,CM-89205-C,AGENT_JORDAN,Tech_Support_APAC,172,34,20.0,16,Subscription_Renewal,24,91,No Risk,67,1,Inquiry on multi-seat volume discount tiers for next fiscal renewal period. Agent summarized discount matrix.
2026-08-26 06:30:37,CM-74369-A,AGENT_RILEY,Customer_Care_Global,159,16,9.8,37,Billing_Inquiry,52,97,No Risk,77,1,Caller requested invoice copy and updated credit card details on enterprise billing profile. Verified billing contacts and confirmed change.
2026-08-26 06:41:19,CM-19120-A,AGENT_CHRIS,Customer_Care_Global,638,431,67.5,58,Mobile_App_Connection_Failure,-35,87,No Risk,76,1,Customer reports app sync failure and pairing timeout after installing v2.1.0. Agent unable to locate revised connectivity troubleshooting steps in internal KB; escalated to Tier 2.
2026-08-26 06:43:58,CM-66594-A,AGENT_RILEY,Tech_Support_APAC,199,30,15.3,27,Subscription_Renewal,32,95,Medium Risk,90,1,Inquiry on multi-seat volume discount tiers for next fiscal renewal period. Agent summarized discount matrix.
2026-08-26 06:45:17,CM-69177-A,AGENT_MORGAN,Tech_Support_US,662,218,33.0,69,Mobile_App_Connection_Failure,-20,90,No Risk,75,0,Customer states mobile application cannot establish server connection following v2.1.0 update. Agent attempted legacy cache reset without resolution. Issue logged for engineering.
2026-08-26 06:55:41,CM-46885-B,AGENT_RILEY,Billing_Support_US,725,536,73.9,68,Mobile_App_Connection_Failure,-77,81,No Risk,47,0,Urgent call regarding mobile app v2.1.0 launch crash and connection loop. Agent verified account credentials but confirmed ongoing backend service patch required.
2026-08-26 07:17:55,CM-48456-C,AGENT_CASEY,Billing_Support_US,561,306,54.6,88,Mobile_App_Connection_Failure,-50,82,Medium Risk,48,0,Customer states mobile application cannot establish server connection following v2.1.0 update. Agent attempted legacy cache reset without resolution. Issue logged for engineering.
2026-08-26 07:33:37,CM-67912-A,AGENT_MORGAN,Enterprise_Escalations,512,375,73.3,58,Mobile_App_Connection_Failure,-33,78,No Risk,64,0,Urgent call regarding mobile app v2.1.0 launch crash and connection loop. Agent verified account credentials but confirmed ongoing backend service patch required.
2026-08-26 07:38:29,CM-50784-C,AGENT_JORDAN,Enterprise_Escalations,750,468,62.4,62,Mobile_App_Connection_Failure,-52,87,No Risk,56,0,Caller experiencing connection handshake error screen upon opening mobile app v2.1.0. Agent spent 6 minutes consulting internal incident ticket before offering workaround.
2026-08-26 07:45:02,CM-40216-B,AGENT_CASEY,Tech_Support_US,632,413,65.3,57,Mobile_App_Connection_Failure,-72,80,No Risk,64,1,Customer states mobile application cannot establish server connection following v2.1.0 update. Agent attempted legacy cache reset without resolution. Issue logged for engineering.
2026-08-26 07:53:22,CM-52157-A,AGENT_RILEY,Tech_Support_APAC,364,199,54.6,58,Mobile_App_Connection_Failure,-66,85,No Risk,40,1,Customer reports app sync failure and pairing timeout after installing v2.1.0. Agent unable to locate revised connectivity troubleshooting steps in internal KB; escalated to Tier 2.
2026-08-26 08:29:06,CM-39500-A,AGENT_JORDAN,Customer_Care_Global,177,20,11.1,37,General_Product_Query,16,95,No Risk,86,1,Prospective customer requested feature comparison between Standard and Enterprise analytics tiers.
2026-08-26 08:29:51,CM-84588-B,AGENT_ALEX,Tech_Support_APAC,340,115,33.8,79,Mobile_App_Connection_Failure,-78,81,High Risk,56,1,Caller experiencing connection handshake error screen upon opening mobile app v2.1.0. Agent spent 6 minutes consulting internal incident ticket before offering workaround.
2026-08-26 08:35:17,CM-11719-A,AGENT_PAT,Customer_Care_Global,671,431,64.3,73,Mobile_App_Connection_Failure,-57,79,High Risk,61,0,Customer states mobile application cannot establish server connection following v2.1.0 update. Agent attempted legacy cache reset without resolution. Issue logged for engineering.
2026-08-26 08:37:17,CM-33368-C,AGENT_CHRIS,Tech_Support_APAC,224,29,13.1,24,Billing_Inquiry,33,98,No Risk,96,1,Customer queried line-item surcharge on recent monthly statement. Agent reviewed billing schedule and credited processing variance.
2026-08-26 08:39:03,CM-36012-C,AGENT_TAYLOR,Tech_Support_US,204,48,23.4,19,Billing_Inquiry,49,97,No Risk,94,1,Customer queried line-item surcharge on recent monthly statement. Agent reviewed billing schedule and credited processing variance.
2026-08-26 09:00:18,CM-53963-A,AGENT_AVERY,Billing_Support_US,663,337,50.8,81,Mobile_App_Connection_Failure,-56,85,No Risk,71,0,Customer reports app sync failure and pairing timeout after installing v2.1.0. Agent unable to locate revised connectivity troubleshooting steps in internal KB; escalated to Tier 2.
2026-08-26 09:06:26,CM-79742-C,AGENT_CASEY,Tech_Support_APAC,459,340,74.1,63,Mobile_App_Connection_Failure,-76,80,No Risk,79,0,Caller experiencing connection handshake error screen upon opening mobile app v2.1.0. Agent spent 6 minutes consulting internal incident ticket before offering workaround.
2026-08-26 09:14:00,CM-24896-C,AGENT_JORDAN,Billing_Support_US,614,299,48.7,61,Mobile_App_Connection_Failure,-15,84,No Risk,37,0,Urgent call regarding mobile app v2.1.0 launch crash and connection loop. Agent verified account credentials but confirmed ongoing backend service patch required.
2026-08-26 09:19:38,CM-46624-B,AGENT_CASEY,Tech_Support_APAC,642,386,60.1,85,Mobile_App_Connection_Failure,-59,77,High Risk,39,1,Urgent call regarding mobile app v2.1.0 launch crash and connection loop. Agent verified account credentials but confirmed ongoing backend service patch required.
2026-08-26 09:21:48,CM-14947-C,AGENT_CHRIS,Enterprise_Escalations,322,159,49.3,66,Mobile_App_Connection_Failure,-70,88,No Risk,61,1,Caller experiencing connection handshake error screen upon opening mobile app v2.1.0. Agent spent 6 minutes consulting internal incident ticket before offering workaround.
2026-08-26 09:50:10,CM-75034-A,AGENT_MORGAN,Enterprise_Escalations,344,38,11.0,45,General_Product_Query,89,97,No Risk,92,1,Prospective customer requested feature comparison between Standard and Enterprise analytics tiers.
2026-08-26 09:52:51,CM-12492-B,AGENT_AVERY,Customer_Care_Global,630,279,44.3,85,Mobile_App_Connection_Failure,-37,89,No Risk,57,0,Customer frustrated by repeated connection drops in mobile client v2.1.0 during active workflow. Agent noted widespread app version regression and collected diagnostic logs.
2026-08-26 09:53:04,CM-66477-A,AGENT_JORDAN,Customer_Care_Global,319,18,5.6,34,Order_Tracking,15,100,No Risk,75,0,Inquiry regarding shipment customs delay. Agent contacted logistics partner and provided updated tracking manifest.
2026-08-26 09:53:11,CM-10441-A,AGENT_ALEX,Customer_Care_Global,276,34,12.4,10,General_Product_Query,53,99,No Risk,92,1,General inquiry on API rate limits and webhook notification configurations. Agent referenced technical developer documentation.
2026-08-26 10:07:03,CM-11648-A,AGENT_CHRIS,Billing_Support_US,388,267,68.8,91,Mobile_App_Connection_Failure,-18,78,Medium Risk,47,1,Urgent call regarding mobile app v2.1.0 launch crash and connection loop. Agent verified account credentials but confirmed ongoing backend service patch required.
2026-08-26 10:07:24,CM-25474-C,AGENT_MORGAN,Billing_Support_US,509,337,66.3,78,Mobile_App_Connection_Failure,-19,81,No Risk,42,0,Customer states mobile application cannot establish server connection following v2.1.0 update. Agent attempted legacy cache reset without resolution. Issue logged for engineering.
2026-08-26 10:15:17,CM-18558-C,AGENT_RILEY,Customer_Care_Global,438,185,42.3,72,Mobile_App_Connection_Failure,-65,81,Medium Risk,45,1,Customer frustrated by repeated connection drops in mobile client v2.1.0 during active workflow. Agent noted widespread app version regression and collected diagnostic logs.
2026-08-26 10:16:18,CM-65275-A,AGENT_TAYLOR,Billing_Support_US,315,160,50.8,88,Mobile_App_Connection_Failure,-32,81,High Risk,63,0,Customer reports app sync failure and pairing timeout after installing v2.1.0. Agent unable to locate revised connectivity troubleshooting steps in internal KB; escalated to Tier 2.
2026-08-26 10:25:19,CM-81888-B,AGENT_RILEY,Customer_Care_Global,490,359,73.3,65,Mobile_App_Connection_Failure,-51,78,No Risk,53,0,Customer states mobile application cannot establish server connection following v2.1.0 update. Agent attempted legacy cache reset without resolution. Issue logged for engineering.
2026-08-26 10:37:33,CM-87553-C,AGENT_CHRIS,Billing_Support_US,517,403,77.9,91,Mobile_App_Connection_Failure,-22,82,No Risk,46,1,Urgent call regarding mobile app v2.1.0 launch crash and connection loop. Agent verified account credentials but confirmed ongoing backend service patch required.
2026-08-26 10:37:37,CM-31856-B,AGENT_TAYLOR,Tech_Support_APAC,223,19,8.5,44,General_Product_Query,29,100,No Risk,82,1,Caller asked regarding desktop client system requirements and supported browser versions. Agent shared knowledge base link.
2026-08-26 10:37:53,CM-69328-B,AGENT_SAM,Tech_Support_APAC,290,32,11.1,19,Billing_Inquiry,37,94,No Risk,68,1,Caller requested invoice copy and updated credit card details on enterprise billing profile. Verified billing contacts and confirmed change.
2026-08-26 10:40:29,CM-34979-A,AGENT_ALEX,Tech_Support_US,601,435,72.3,63,Mobile_App_Connection_Failure,-51,78,No Risk,54,0,Customer reports app sync failure and pairing timeout after installing v2.1.0. Agent unable to locate revised connectivity troubleshooting steps in internal KB; escalated to Tier 2.
2026-08-26 10:42:48,CM-64008-C,AGENT_TAYLOR,Tech_Support_US,598,359,60.0,94,Mobile_App_Connection_Failure,-42,75,High Risk,44,0,Customer reports app sync failure and pairing timeout after installing v2.1.0. Agent unable to locate revised connectivity troubleshooting steps in internal KB; escalated to Tier 2.
2026-08-26 10:49:41,CM-21537-A,AGENT_MORGAN,Enterprise_Escalations,290,65,22.5,12,General_Product_Query,12,98,No Risk,96,1,General inquiry on API rate limits and webhook notification configurations. Agent referenced technical developer documentation.
2026-08-26 10:51:27,CM-60506-A,AGENT_MORGAN,Enterprise_Escalations,174,29,16.5,45,General_Product_Query,32,96,No Risk,87,1,Prospective customer requested feature comparison between Standard and Enterprise analytics tiers.
2026-08-26 11:05:39,CM-80282-A,AGENT_PAT,Tech_Support_APAC,301,155,51.4,69,Mobile_App_Connection_Failure,-17,84,No Risk,48,0,Customer states mobile application cannot establish server connection following v2.1.0 update. Agent attempted legacy cache reset without resolution. Issue logged for engineering.
2026-08-26 11:06:28,CM-40626-B,AGENT_PAT,Billing_Support_US,529,298,56.4,55,Mobile_App_Connection_Failure,-35,89,No Risk,59,1,Caller experiencing connection handshake error screen upon opening mobile app v2.1.0. Agent spent 6 minutes consulting internal incident ticket before offering workaround.
2026-08-26 11:12:19,CM-48307-B,AGENT_AVERY,Customer_Care_Global,267,21,7.8,15,Billing_Inquiry,68,94,No Risk,69,0,Customer queried line-item surcharge on recent monthly statement. Agent reviewed billing schedule and credited processing variance.
2026-08-26 11:28:33,CM-50587-B,AGENT_RILEY,Enterprise_Escalations,455,164,36.1,78,Mobile_App_Connection_Failure,-51,84,Medium Risk,35,0,Customer states mobile application cannot establish server connection following v2.1.0 update. Agent attempted legacy cache reset without resolution. Issue logged for engineering.
2026-08-26 11:34:29,CM-13534-B,AGENT_AVERY,Enterprise_Escalations,287,49,16.9,39,Billing_Inquiry,27,94,No Risk,78,1,Caller requested invoice copy and updated credit card details on enterprise billing profile. Verified billing contacts and confirmed change.
2026-08-26 11:45:30,CM-80481-A,AGENT_ALEX,Billing_Support_US,667,289,43.4,66,Mobile_App_Connection_Failure,-58,85,No Risk,64,0,Customer reports app sync failure and pairing timeout after installing v2.1.0. Agent unable to locate revised connectivity troubleshooting steps in internal KB; escalated to Tier 2.
2026-08-26 11:51:49,CM-70929-A,AGENT_JORDAN,Tech_Support_US,368,71,19.4,35,Subscription_Renewal,35,97,No Risk,78,1,Inquiry on multi-seat volume discount tiers for next fiscal renewal period. Agent summarized discount matrix.
2026-08-26 11:53:32,CM-38622-B,AGENT_JORDAN,Tech_Support_US,527,308,58.4,66,Mobile_App_Connection_Failure,-34,79,No Risk,36,1,Urgent call regarding mobile app v2.1.0 launch crash and connection loop. Agent verified account credentials but confirmed ongoing backend service patch required.
2026-08-26 11:54:53,CM-89337-B,AGENT_SAM,Billing_Support_US,638,318,49.8,90,Mobile_App_Connection_Failure,-15,79,High Risk,71,0,Customer reports app sync failure and pairing timeout after installing v2.1.0. Agent unable to locate revised connectivity troubleshooting steps in internal KB; escalated to Tier 2.
2026-08-26 12:12:16,CM-68800-A,AGENT_PAT,Tech_Support_US,633,275,43.5,83,Mobile_App_Connection_Failure,-81,85,High Risk,69,0,Customer states mobile application cannot establish server connection following v2.1.0 update. Agent attempted legacy cache reset without resolution. Issue logged for engineering.
2026-08-26 12:12:41,CM-36222-C,AGENT_MORGAN,Enterprise_Escalations,492,224,45.6,67,Mobile_App_Connection_Failure,-83,86,No Risk,62,0,Customer states mobile application cannot establish server connection following v2.1.0 update. Agent attempted legacy cache reset without resolution. Issue logged for engineering.
2026-08-26 12:17:05,CM-29523-C,AGENT_AVERY,Tech_Support_US,143,27,18.7,11,Billing_Inquiry,72,96,No Risk,80,0,Discussion regarding prorated subscription charges following plan upgrade. Agent explained billing cycle cutoff dates clearly.
2026-08-26 12:19:59,CM-67726-A,AGENT_AVERY,Tech_Support_APAC,487,261,53.6,63,Mobile_App_Connection_Failure,-58,87,No Risk,74,0,Customer states mobile application cannot establish server connection following v2.1.0 update. Agent attempted legacy cache reset without resolution. Issue logged for engineering.
2026-08-26 12:22:51,CM-92458-A,AGENT_ALEX,Billing_Support_US,330,24,7.3,41,General_Product_Query,10,95,No Risk,86,1,Caller asked regarding desktop client system requirements and supported browser versions. Agent shared knowledge base link.
2026-08-26 12:27:24,CM-81765-A,AGENT_SAM,Tech_Support_US,249,20,8.2,42,Order_Tracking,92,95,No Risk,77,1,Customer inquired regarding expedited courier delivery status for hardware order. Agent tracked consignment and confirmed arrival ETA.
2026-08-26 12:32:19,CM-53842-B,AGENT_TAYLOR,Enterprise_Escalations,201,17,8.3,45,Order_Tracking,75,100,No Risk,66,1,Customer inquired regarding expedited courier delivery status for hardware order. Agent tracked consignment and confirmed arrival ETA.
2026-08-26 12:35:03,CM-25765-B,AGENT_SAM,Tech_Support_APAC,608,245,40.3,65,Mobile_App_Connection_Failure,-24,91,No Risk,44,0,Urgent call regarding mobile app v2.1.0 launch crash and connection loop. Agent verified account credentials but confirmed ongoing backend service patch required.
2026-08-26 12:37:38,CM-48258-C,AGENT_JORDAN,Tech_Support_US,173,41,23.8,17,Subscription_Renewal,80,91,Medium Risk,97,1,Customer confirmed continuation of annual maintenance agreement and updated purchase order authorization number.
2026-08-26 12:41:20,CM-84542-A,AGENT_PAT,Customer_Care_Global,557,353,63.4,68,Mobile_App_Connection_Failure,-54,81,No Risk,70,1,Caller experiencing connection handshake error screen upon opening mobile app v2.1.0. Agent spent 6 minutes consulting internal incident ticket before offering workaround.
2026-08-26 12:46:20,CM-39828-B,AGENT_SAM,Tech_Support_APAC,223,37,16.8,41,Billing_Inquiry,50,96,No Risk,81,1,Discussion regarding prorated subscription charges following plan upgrade. Agent explained billing cycle cutoff dates clearly.
2026-08-26 12:52:32,CM-33941-A,AGENT_JORDAN,Tech_Support_US,453,250,55.1,88,Mobile_App_Connection_Failure,-50,83,Medium Risk,74,0,Customer reports app sync failure and pairing timeout after installing v2.1.0. Agent unable to locate revised connectivity troubleshooting steps in internal KB; escalated to Tier 2.
2026-08-26 13:01:47,CM-25448-B,AGENT_SAM,Billing_Support_US,629,263,41.8,80,Mobile_App_Connection_Failure,-18,93,No Risk,67,1,Customer states mobile application cannot establish server connection following v2.1.0 update. Agent attempted legacy cache reset without resolution. Issue logged for engineering.
2026-08-26 13:04:42,CM-10157-C,AGENT_PAT,Enterprise_Escalations,546,394,72.2,82,Mobile_App_Connection_Failure,-23,83,No Risk,59,1,Caller experiencing connection handshake error screen upon opening mobile app v2.1.0. Agent spent 6 minutes consulting internal incident ticket before offering workaround.
2026-08-26 13:04:57,CM-27431-C,AGENT_CHRIS,Tech_Support_APAC,687,390,56.7,63,Mobile_App_Connection_Failure,-23,83,No Risk,36,1,Caller experiencing connection handshake error screen upon opening mobile app v2.1.0. Agent spent 6 minutes consulting internal incident ticket before offering workaround.
2026-08-26 13:06:50,CM-57953-C,AGENT_CASEY,Customer_Care_Global,178,40,22.3,28,Order_Tracking,71,93,No Risk,94,1,Customer inquired regarding expedited courier delivery status for hardware order. Agent tracked consignment and confirmed arrival ETA.
2026-08-26 13:16:00,CM-87660-B,AGENT_MORGAN,Customer_Care_Global,183,11,6.2,33,General_Product_Query,17,100,No Risk,68,1,Prospective customer requested feature comparison between Standard and Enterprise analytics tiers.
2026-08-26 13:16:16,CM-51071-A,AGENT_PAT,Billing_Support_US,564,314,55.7,66,Mobile_App_Connection_Failure,-20,84,No Risk,46,0,Urgent call regarding mobile app v2.1.0 launch crash and connection loop. Agent verified account credentials but confirmed ongoing backend service patch required.
2026-08-26 13:20:32,CM-64935-C,AGENT_TAYLOR,Billing_Support_US,347,57,16.3,12,Subscription_Renewal,45,93,No Risk,80,1,Customer confirmed continuation of annual maintenance agreement and updated purchase order authorization number.
2026-08-26 13:20:56,CM-42853-A,AGENT_JORDAN,Tech_Support_APAC,435,211,48.5,92,Mobile_App_Connection_Failure,-60,83,Medium Risk,38,0,Customer reports app sync failure and pairing timeout after installing v2.1.0. Agent unable to locate revised connectivity troubleshooting steps in internal KB; escalated to Tier 2.
2026-08-26 13:27:23,CM-45705-C,AGENT_RILEY,Tech_Support_US,408,31,7.5,39,General_Product_Query,86,100,No Risk,92,1,Prospective customer requested feature comparison between Standard and Enterprise analytics tiers.
2026-08-26 13:56:13,CM-27271-A,AGENT_TAYLOR,Enterprise_Escalations,568,391,68.8,74,Mobile_App_Connection_Failure,-73,77,High Risk,43,1,Customer frustrated by repeated connection drops in mobile client v2.1.0 during active workflow. Agent noted widespread app version regression and collected diagnostic logs.
2026-08-26 13:59:44,CM-85396-A,AGENT_JORDAN,Enterprise_Escalations,140,20,14.3,13,Billing_Inquiry,56,94,No Risk,88,1,Caller requested invoice copy and updated credit card details on enterprise billing profile. Verified billing contacts and confirmed change.
2026-08-26 14:06:11,CM-48774-B,AGENT_AVERY,Billing_Support_US,611,273,44.6,71,Mobile_App_Connection_Failure,-56,76,High Risk,35,1,Customer states mobile application cannot establish server connection following v2.1.0 update. Agent attempted legacy cache reset without resolution. Issue logged for engineering.
2026-08-26 14:14:51,CM-78723-B,AGENT_TAYLOR,Enterprise_Escalations,631,258,40.9,76,Mobile_App_Connection_Failure,-76,84,No Risk,51,1,Customer reports app sync failure and pairing timeout after installing v2.1.0. Agent unable to locate revised connectivity troubleshooting steps in internal KB; escalated to Tier 2.
2026-08-26 14:18:04,CM-23936-B,AGENT_RILEY,Tech_Support_APAC,749,431,57.6,59,Mobile_App_Connection_Failure,-36,86,No Risk,77,0,Caller experiencing connection handshake error screen upon opening mobile app v2.1.0. Agent spent 6 minutes consulting internal incident ticket before offering workaround.
2026-08-26 14:28:31,CM-76496-C,AGENT_CASEY,Tech_Support_APAC,482,258,53.6,78,Mobile_App_Connection_Failure,-41,78,Medium Risk,39,1,Caller experiencing connection handshake error screen upon opening mobile app v2.1.0. Agent spent 6 minutes consulting internal incident ticket before offering workaround.
2026-08-26 14:34:52,CM-65591-C,AGENT_PAT,Tech_Support_US,638,306,47.9,67,Mobile_App_Connection_Failure,-55,89,No Risk,61,0,Urgent call regarding mobile app v2.1.0 launch crash and connection loop. Agent verified account credentials but confirmed ongoing backend service patch required.
2026-08-26 14:35:50,CM-98677-A,AGENT_PAT,Customer_Care_Global,337,193,57.3,79,Mobile_App_Connection_Failure,-17,81,Medium Risk,48,0,Customer states mobile application cannot establish server connection following v2.1.0 update. Agent attempted legacy cache reset without resolution. Issue logged for engineering.
2026-08-26 14:43:06,CM-68886-C,AGENT_TAYLOR,Customer_Care_Global,217,47,21.8,36,Order_Tracking,60,94,No Risk,67,1,Customer confirmed receipt of initial shipment and verified serial numbers against enterprise invoice order.
2026-08-26 14:54:39,CM-47967-C,AGENT_SAM,Billing_Support_US,330,228,69.1,74,Mobile_App_Connection_Failure,-39,77,Medium Risk,45,0,Customer frustrated by repeated connection drops in mobile client v2.1.0 during active workflow. Agent noted widespread app version regression and collected diagnostic logs.
2026-08-26 15:01:01,CM-24532-C,AGENT_RILEY,Customer_Care_Global,191,21,10.8,22,Billing_Inquiry,43,99,No Risk,78,1,Discussion regarding prorated subscription charges following plan upgrade. Agent explained billing cycle cutoff dates clearly.
2026-08-26 15:04:00,CM-85161-B,AGENT_PAT,Tech_Support_APAC,325,171,52.6,73,Mobile_App_Connection_Failure,-21,80,Medium Risk,45,0,Urgent call regarding mobile app v2.1.0 launch crash and connection loop. Agent verified account credentials but confirmed ongoing backend service patch required.
2026-08-26 15:04:21,CM-89069-A,AGENT_RILEY,Tech_Support_US,507,275,54.3,76,Mobile_App_Connection_Failure,-41,80,High Risk,45,0,Customer frustrated by repeated connection drops in mobile client v2.1.0 during active workflow. Agent noted widespread app version regression and collected diagnostic logs.
2026-08-26 15:15:38,CM-34400-A,AGENT_RILEY,Enterprise_Escalations,429,251,58.5,80,Mobile_App_Connection_Failure,-35,79,Medium Risk,58,1,Urgent call regarding mobile app v2.1.0 launch crash and connection loop. Agent verified account credentials but confirmed ongoing backend service patch required.
2026-08-26 15:22:14,CM-88943-B,AGENT_JORDAN,Billing_Support_US,383,165,43.0,60,Mobile_App_Connection_Failure,-39,87,No Risk,59,1,Customer frustrated by repeated connection drops in mobile client v2.1.0 during active workflow. Agent noted widespread app version regression and collected diagnostic logs.
2026-08-26 15:25:29,CM-46452-C,AGENT_CASEY,Tech_Support_US,641,249,38.8,57,Mobile_App_Connection_Failure,-46,89,No Risk,71,1,Urgent call regarding mobile app v2.1.0 launch crash and connection loop. Agent verified account credentials but confirmed ongoing backend service patch required.
2026-08-26 15:43:13,CM-52622-B,AGENT_AVERY,Enterprise_Escalations,633,350,55.3,61,Mobile_App_Connection_Failure,-35,86,No Risk,70,1,Customer reports app sync failure and pairing timeout after installing v2.1.0. Agent unable to locate revised connectivity troubleshooting steps in internal KB; escalated to Tier 2.
2026-08-26 15:52:27,CM-16963-A,AGENT_CASEY,Customer_Care_Global,501,225,45.0,70,Mobile_App_Connection_Failure,-87,91,No Risk,75,1,Caller experiencing connection handshake error screen upon opening mobile app v2.1.0. Agent spent 6 minutes consulting internal incident ticket before offering workaround.
2026-08-26 16:08:30,CM-31643-B,AGENT_CASEY,Enterprise_Escalations,643,268,41.7,67,Mobile_App_Connection_Failure,-21,89,No Risk,76,0,Caller experiencing connection handshake error screen upon opening mobile app v2.1.0. Agent spent 6 minutes consulting internal incident ticket before offering workaround.
2026-08-26 16:14:06,CM-74955-C,AGENT_TAYLOR,Customer_Care_Global,130,18,14.0,18,Subscription_Renewal,59,95,No Risk,73,1,Enterprise contact reviewed upcoming annual contract renewal terms and license tiers. Agent forwarded formal quote sheet.
2026-08-26 16:18:44,CM-53357-B,AGENT_RILEY,Customer_Care_Global,690,294,42.6,75,Mobile_App_Connection_Failure,-66,87,No Risk,79,1,Customer reports app sync failure and pairing timeout after installing v2.1.0. Agent unable to locate revised connectivity troubleshooting steps in internal KB; escalated to Tier 2.
2026-08-26 16:23:53,CM-61521-A,AGENT_JORDAN,Tech_Support_US,410,93,22.6,45,Order_Tracking,68,93,No Risk,91,1,Customer inquired regarding expedited courier delivery status for hardware order. Agent tracked consignment and confirmed arrival ETA.
2026-08-26 16:29:50,CM-80879-A,AGENT_CHRIS,Customer_Care_Global,375,220,58.7,84,Mobile_App_Connection_Failure,-43,84,Medium Risk,78,1,Customer frustrated by repeated connection drops in mobile client v2.1.0 during active workflow. Agent noted widespread app version regression and collected diagnostic logs.
2026-08-26 16:34:12,CM-14112-A,AGENT_AVERY,Tech_Support_APAC,258,26,10.1,40,Billing_Inquiry,35,97,No Risk,89,1,Caller requested invoice copy and updated credit card details on enterprise billing profile. Verified billing contacts and confirmed change.
2026-08-26 16:40:40,CM-63914-A,AGENT_ALEX,Enterprise_Escalations,211,50,23.5,42,General_Product_Query,12,94,No Risk,71,1,Caller asked regarding desktop client system requirements and supported browser versions. Agent shared knowledge base link.
2026-08-26 16:45:19,CM-30989-B,AGENT_CASEY,Billing_Support_US,322,64,20.0,21,Account_Access,90,95,No Risk,66,1,Caller needed email address change on primary customer account. Two-step verification completed and credentials refreshed.
2026-08-26 16:49:00,CM-87027-B,AGENT_MORGAN,Billing_Support_US,249,18,7.1,32,Order_Tracking,34,100,No Risk,89,1,Customer inquired regarding expedited courier delivery status for hardware order. Agent tracked consignment and confirmed arrival ETA.
2026-08-26 17:31:07,CM-10649-C,AGENT_RILEY,Tech_Support_US,408,175,42.9,88,Mobile_App_Connection_Failure,-20,88,No Risk,49,0,Caller experiencing connection handshake error screen upon opening mobile app v2.1.0. Agent spent 6 minutes consulting internal incident ticket before offering workaround.
2026-08-26 17:52:45,CM-96752-C,AGENT_RILEY,Tech_Support_US,682,286,42.0,92,Mobile_App_Connection_Failure,-83,77,High Risk,55,0,Customer states mobile application cannot establish server connection following v2.1.0 update. Agent attempted legacy cache reset without resolution. Issue logged for engineering.
2026-08-26 18:03:10,CM-62082-C,AGENT_CHRIS,Customer_Care_Global,514,381,74.2,94,Mobile_App_Connection_Failure,-89,69,High Risk,42,0,Customer frustrated by repeated connection drops in mobile client v2.1.0 during active workflow. Agent noted widespread app version regression and collected diagnostic logs.
2026-08-26 18:13:24,CM-38785-C,AGENT_CHRIS,Tech_Support_APAC,590,198,33.5,80,Mobile_App_Connection_Failure,-50,86,Medium Risk,80,0,Caller experiencing connection handshake error screen upon opening mobile app v2.1.0. Agent spent 6 minutes consulting internal incident ticket before offering workaround.
2026-08-26 18:16:35,CM-15322-A,AGENT_CHRIS,Billing_Support_US,448,202,45.0,83,Mobile_App_Connection_Failure,-51,91,No Risk,62,0,Customer reports app sync failure and pairing timeout after installing v2.1.0. Agent unable to locate revised connectivity troubleshooting steps in internal KB; escalated to Tier 2.
2026-08-26 18:21:22,CM-42662-A,AGENT_RILEY,Tech_Support_US,378,90,23.8,30,General_Product_Query,86,91,Medium Risk,92,0,Prospective customer requested feature comparison between Standard and Enterprise analytics tiers.
2026-08-26 18:22:52,CM-43779-B,AGENT_ALEX,Billing_Support_US,575,413,71.9,91,Mobile_App_Connection_Failure,-65,72,High Risk,46,0,Caller experiencing connection handshake error screen upon opening mobile app v2.1.0. Agent spent 6 minutes consulting internal incident ticket before offering workaround.
2026-08-26 18:26:41,CM-40885-A,AGENT_JORDAN,Enterprise_Escalations,226,25,11.2,42,General_Product_Query,79,95,No Risk,82,1,Caller asked regarding desktop client system requirements and supported browser versions. Agent shared knowledge base link.
2026-08-26 18:41:01,CM-94817-C,AGENT_MORGAN,Tech_Support_APAC,253,23,9.2,13,Account_Access,31,100,No Risk,74,1,User locked out after multi-factor authentication reset. Agent verified security answers and issued one-time password bypass token.
2026-08-26 18:45:34,CM-18782-C,AGENT_MORGAN,Tech_Support_US,227,34,14.8,40,Account_Access,93,95,No Risk,79,1,Customer requested administrative permission transfer for organization portal. Agent processed identity verification protocol successfully.
2026-08-26 18:46:37,CM-38444-B,AGENT_MORGAN,Customer_Care_Global,686,506,73.8,67,Mobile_App_Connection_Failure,-63,84,No Risk,65,1,Customer reports app sync failure and pairing timeout after installing v2.1.0. Agent unable to locate revised connectivity troubleshooting steps in internal KB; escalated to Tier 2.
2026-08-26 18:57:05,CM-17157-B,AGENT_CHRIS,Tech_Support_US,359,71,19.7,22,Account_Access,53,96,No Risk,86,1,Caller needed email address change on primary customer account. Two-step verification completed and credentials refreshed.
2026-08-26 19:12:45,CM-55526-B,AGENT_RILEY,Tech_Support_APAC,260,36,13.7,42,Billing_Inquiry,77,92,No Risk,73,1,Caller requested invoice copy and updated credit card details on enterprise billing profile. Verified billing contacts and confirmed change.
2026-08-26 19:20:41,CM-11041-A,AGENT_JORDAN,Customer_Care_Global,642,374,58.2,69,Mobile_App_Connection_Failure,-81,83,No Risk,40,1,Caller experiencing connection handshake error screen upon opening mobile app v2.1.0. Agent spent 6 minutes consulting internal incident ticket before offering workaround.
2026-08-26 19:21:38,CM-73596-B,AGENT_RILEY,Tech_Support_APAC,206,13,6.5,23,Account_Access,21,100,No Risk,97,1,Customer requested administrative permission transfer for organization portal. Agent processed identity verification protocol successfully.
2026-08-26 19:22:12,CM-52604-C,AGENT_RILEY,Enterprise_Escalations,646,491,76.0,89,Mobile_App_Connection_Failure,-32,79,Medium Risk,78,0,Caller experiencing connection handshake error screen upon opening mobile app v2.1.0. Agent spent 6 minutes consulting internal incident ticket before offering workaround.
2026-08-26 19:24:45,CM-21481-A,AGENT_RILEY,Billing_Support_US,164,12,7.3,36,Order_Tracking,64,96,No Risk,74,1,Customer inquired regarding expedited courier delivery status for hardware order. Agent tracked consignment and confirmed arrival ETA.
2026-08-26 19:28:36,CM-73452-C,AGENT_PAT,Customer_Care_Global,345,235,68.2,58,Mobile_App_Connection_Failure,-54,84,No Risk,54,0,Urgent call regarding mobile app v2.1.0 launch crash and connection loop. Agent verified account credentials but confirmed ongoing backend service patch required.
2026-08-26 19:39:39,CM-39400-C,AGENT_CASEY,Billing_Support_US,703,479,68.1,58,Mobile_App_Connection_Failure,-54,88,No Risk,78,0,Caller experiencing connection handshake error screen upon opening mobile app v2.1.0. Agent spent 6 minutes consulting internal incident ticket before offering workaround.
2026-08-26 20:04:32,CM-41991-C,AGENT_JORDAN,Billing_Support_US,348,41,11.8,33,Billing_Inquiry,54,97,No Risk,92,1,Customer queried line-item surcharge on recent monthly statement. Agent reviewed billing schedule and credited processing variance.
2026-08-26 20:09:42,CM-93574-A,AGENT_SAM,Tech_Support_APAC,510,305,59.9,85,Mobile_App_Connection_Failure,-30,88,No Risk,73,0,Customer reports app sync failure and pairing timeout after installing v2.1.0. Agent unable to locate revised connectivity troubleshooting steps in internal KB; escalated to Tier 2.
2026-08-26 20:25:12,CM-94278-C,AGENT_AVERY,Customer_Care_Global,260,18,7.0,40,Order_Tracking,18,97,No Risk,68,1,Inquiry regarding shipment customs delay. Agent contacted logistics partner and provided updated tracking manifest.
2026-08-26 20:46:34,CM-67305-A,AGENT_CASEY,Customer_Care_Global,405,39,9.7,14,Subscription_Renewal,52,94,No Risk,72,1,Inquiry on multi-seat volume discount tiers for next fiscal renewal period. Agent summarized discount matrix.
2026-08-26 20:54:37,CM-17968-C,AGENT_MORGAN,Billing_Support_US,560,316,56.5,59,Mobile_App_Connection_Failure,-25,88,No Risk,59,0,Urgent call regarding mobile app v2.1.0 launch crash and connection loop. Agent verified account credentials but confirmed ongoing backend service patch required.
2026-08-26 21:01:56,CM-87061-C,AGENT_JORDAN,Tech_Support_APAC,435,159,36.6,89,Mobile_App_Connection_Failure,-54,86,Medium Risk,59,1,Customer frustrated by repeated connection drops in mobile client v2.1.0 during active workflow. Agent noted widespread app version regression and collected diagnostic logs.
2026-08-26 21:13:19,CM-14244-C,AGENT_TAYLOR,Billing_Support_US,262,34,12.9,18,Order_Tracking,19,93,No Risk,80,1,Customer inquired regarding expedited courier delivery status for hardware order. Agent tracked consignment and confirmed arrival ETA.
2026-08-26 21:14:09,CM-17128-C,AGENT_RILEY,Enterprise_Escalations,549,345,62.9,61,Mobile_App_Connection_Failure,-58,81,No Risk,56,1,Caller experiencing connection handshake error screen upon opening mobile app v2.1.0. Agent spent 6 minutes consulting internal incident ticket before offering workaround.
2026-08-26 21:23:37,CM-16253-B,AGENT_JORDAN,Tech_Support_US,471,327,69.4,95,Mobile_App_Connection_Failure,-30,81,No Risk,51,0,Caller experiencing connection handshake error screen upon opening mobile app v2.1.0. Agent spent 6 minutes consulting internal incident ticket before offering workaround.
2026-08-26 21:28:01,CM-35197-B,AGENT_TAYLOR,Enterprise_Escalations,486,296,60.9,71,Mobile_App_Connection_Failure,-41,75,High Risk,51,1,Customer frustrated by repeated connection drops in mobile client v2.1.0 during active workflow. Agent noted widespread app version regression and collected diagnostic logs.
2026-08-26 21:31:48,CM-78014-B,AGENT_TAYLOR,Billing_Support_US,649,504,77.7,63,Mobile_App_Connection_Failure,-60,84,No Risk,52,0,Customer states mobile application cannot establish server connection following v2.1.0 update. Agent attempted legacy cache reset without resolution. Issue logged for engineering.
2026-08-26 21:33:10,CM-65163-B,AGENT_CASEY,Tech_Support_US,150,6,4.3,10,Billing_Inquiry,18,98,No Risk,90,1,Discussion regarding prorated subscription charges following plan upgrade. Agent explained billing cycle cutoff dates clearly.
2026-08-26 21:35:46,CM-15161-C,AGENT_ALEX,Tech_Support_US,665,496,74.6,64,Mobile_App_Connection_Failure,-73,83,No Risk,50,0,Customer states mobile application cannot establish server connection following v2.1.0 update. Agent attempted legacy cache reset without resolution. Issue logged for engineering.
2026-08-26 21:40:31,CM-11862-A,AGENT_CHRIS,Customer_Care_Global,269,36,13.2,13,Order_Tracking,92,96,No Risk,97,1,Customer inquired regarding expedited courier delivery status for hardware order. Agent tracked consignment and confirmed arrival ETA.
2026-08-26 21:52:59,CM-69183-C,AGENT_SAM,Tech_Support_APAC,401,253,63.0,57,Mobile_App_Connection_Failure,-68,81,No Risk,39,0,Customer frustrated by repeated connection drops in mobile client v2.1.0 during active workflow. Agent noted widespread app version regression and collected diagnostic logs.
2026-08-26 22:23:08,CM-35727-A,AGENT_MORGAN,Enterprise_Escalations,444,334,75.3,60,Mobile_App_Connection_Failure,-62,80,No Risk,74,1,Customer states mobile application cannot establish server connection following v2.1.0 update. Agent attempted legacy cache reset without resolution. Issue logged for engineering.
2026-08-26 22:23:45,CM-81144-A,AGENT_CHRIS,Tech_Support_APAC,575,197,34.2,79,Mobile_App_Connection_Failure,-52,90,No Risk,38,0,Customer frustrated by repeated connection drops in mobile client v2.1.0 during active workflow. Agent noted widespread app version regression and collected diagnostic logs.
2026-08-26 22:24:25,CM-20303-C,AGENT_RILEY,Enterprise_Escalations,351,29,8.2,33,Billing_Inquiry,77,96,No Risk,94,1,Customer queried line-item surcharge on recent monthly statement. Agent reviewed billing schedule and credited processing variance.
2026-08-26 22:30:25,CM-95437-A,AGENT_CHRIS,Enterprise_Escalations,728,283,38.9,83,Mobile_App_Connection_Failure,-83,89,No Risk,56,1,Customer states mobile application cannot establish server connection following v2.1.0 update. Agent attempted legacy cache reset without resolution. Issue logged for engineering.
2026-08-26 22:37:56,CM-73016-B,AGENT_CHRIS,Tech_Support_US,532,370,69.6,80,Mobile_App_Connection_Failure,-17,80,Medium Risk,74,1,Caller experiencing connection handshake error screen upon opening mobile app v2.1.0. Agent spent 6 minutes consulting internal incident ticket before offering workaround.
2026-08-26 22:39:11,CM-46961-C,AGENT_SAM,Enterprise_Escalations,679,232,34.2,79,Mobile_App_Connection_Failure,-50,92,No Risk,78,0,Urgent call regarding mobile app v2.1.0 launch crash and connection loop. Agent verified account credentials but confirmed ongoing backend service patch required.
2026-08-26 22:46:23,CM-24404-A,AGENT_ALEX,Billing_Support_US,541,211,39.0,81,Mobile_App_Connection_Failure,-64,80,High Risk,38,1,Customer reports app sync failure and pairing timeout after installing v2.1.0. Agent unable to locate revised connectivity troubleshooting steps in internal KB; escalated to Tier 2.
2026-08-26 22:47:26,CM-72848-B,AGENT_JORDAN,Enterprise_Escalations,466,253,54.3,74,Mobile_App_Connection_Failure,-35,74,High Risk,39,0,Urgent call regarding mobile app v2.1.0 launch crash and connection loop. Agent verified account credentials but confirmed ongoing backend service patch required.
2026-08-26 22:48:54,CM-24969-B,AGENT_CASEY,Customer_Care_Global,352,235,66.8,89,Mobile_App_Connection_Failure,-34,83,No Risk,76,1,Customer reports app sync failure and pairing timeout after installing v2.1.0. Agent unable to locate revised connectivity troubleshooting steps in internal KB; escalated to Tier 2.
2026-08-26 22:54:30,CM-68733-A,AGENT_RILEY,Billing_Support_US,585,451,77.1,61,Mobile_App_Connection_Failure,-88,84,No Risk,70,0,Customer states mobile application cannot establish server connection following v2.1.0 update. Agent attempted legacy cache reset without resolution. Issue logged for engineering.
2026-08-26 23:32:45,CM-54539-B,AGENT_CASEY,Billing_Support_US,338,52,15.5,34,Subscription_Renewal,10,98,No Risk,74,1,Customer confirmed continuation of annual maintenance agreement and updated purchase order authorization number.
2026-08-26 23:33:18,CM-76155-A,AGENT_MORGAN,Billing_Support_US,681,341,50.1,76,Mobile_App_Connection_Failure,-74,84,No Risk,38,0,Urgent call regarding mobile app v2.1.0 launch crash and connection loop. Agent verified account credentials but confirmed ongoing backend service patch required.
2026-08-26 23:40:34,CM-35485-C,AGENT_PAT,Billing_Support_US,711,276,38.8,61,Mobile_App_Connection_Failure,-90,91,No Risk,79,0,Urgent call regarding mobile app v2.1.0 launch crash and connection loop. Agent verified account credentials but confirmed ongoing backend service patch required.
2026-08-26 23:48:26,CM-22807-B,AGENT_TAYLOR,Customer_Care_Global,509,217,42.7,73,Mobile_App_Connection_Failure,-80,76,High Risk,51,1,Customer reports app sync failure and pairing timeout after installing v2.1.0. Agent unable to locate revised connectivity troubleshooting steps in internal KB; escalated to Tier 2.